stress,lambda_value,n_star,w_star,q_star,zero_mode,max_real_growth,eigenvalues_real,eigenvalues_imag,within_discrete_mode_range,notes
0.11765625,0.0,4.833333333333334,0.6416666666666666,0.3321577847439918,True,-0.023581704072263975,-4.538905089;-0.02358170407;-0.02358170407,0;0.01515330439;-0.01515330439,True,"continuous lambda scan over mode-equivalent range i,j=0..64"
0.11765625,0.33744490506562613,4.833333333333334,0.6416666666666666,0.3321577847439918,False,-0.026112471628892908,-4.542279677;-0.02611247163;-0.02611247163,0;0.01377492808;-0.01377492808,True,"continuous lambda scan over mode-equivalent range i,j=0..64"
0.11765625,0.6748898101312523,4.833333333333334,0.6416666666666666,0.3321577847439918,False,-0.028643239236960133,-4.545654264;-0.02864323924;-0.02864323924,0;0.01218404937;-0.01218404937,True,"continuous lambda scan over mode-equivalent range i,j=0..64"
0.11765625,1.0123347151968785,4.833333333333334,0.6416666666666666,0.3321577847439918,False,-0.031174006896408375,-4.549028852;-0.0311740069;-0.0311740069,0;0.0102825036;-0.0102825036,True,"continuous lambda scan over mode-equivalent range i,j=0..64"
0.11765625,1.3497796202625045,4.833333333333334,0.6416666666666666,0.3321577847439918,False,-0.03370477460718045,-4.552403439;-0.03370477461;-0.03370477461,0;0.007847617965;-0.007847617965,True,"continuous lambda scan over mode-equivalent range i,j=0..64"
0.11765625,1.6872245253281306,4.833333333333334,0.6416666666666666,0.3321577847439918,False,-0.036235542369219095,-4.555778026;-0.03623554237;-0.03623554237,0;0.004002092149;-0.004002092149,True,"continuous lambda scan over mode-equivalent range i,j=0..64"
0.11765625,2.024669430393757,4.833333333333334,0.6416666666666666,0.3321577847439918,False,-0.03320077176306455,-4.559152613;-0.0443318486;-0.03320077176,0;0;0,True,"continuous lambda scan over mode-equivalent range i,j=0..64"
0.11765625,2.362114335459383,4.833333333333334,0.6416666666666666,0.3321577847439918,False,-0.03238692819231628,-4.5625272;-0.0502072279;-0.03238692819,0;0;0,True,"continuous lambda scan over mode-equivalent range i,j=0..64"
0.11765625,2.699559240525009,4.833333333333334,0.6416666666666666,0.3321577847439918,False,-0.03245991229909986,-4.565901787;-0.05519577963;-0.0324599123,0;0;0,True,"continuous lambda scan over mode-equivalent range i,j=0..64"
0.11765625,3.037004145590635,4.833333333333334,0.6416666666666666,0.3321577847439918,False,-0.03292385849129836,-4.569276373;-0.05979336937;-0.03292385849,0;0;0,True,"continuous lambda scan over mode-equivalent range i,j=0..64"
0.11765625,3.374449050656261,4.833333333333334,0.6416666666666666,0.3321577847439918,False,-0.03361918273805246,-4.57265096;-0.06415958115;-0.03361918274,0;0;0,True,"continuous lambda scan over mode-equivalent range i,j=0..64"
0.11765625,3.7118939557218873,4.833333333333334,0.6416666666666666,0.3321577847439918,False,-0.034470551019516495,-4.576025546;-0.06836974901;-0.03447055102,0;0;0,True,"continuous lambda scan over mode-equivalent range i,j=0..64"
0.11765625,4.049338860787514,4.833333333333334,0.6416666666666666,0.3321577847439918,False,-0.035435453783160126,-4.579400133;-0.07246638249;-0.03543545378,0;0;0,True,"continuous lambda scan over mode-equivalent range i,j=0..64"
0.11765625,4.3867837658531394,4.833333333333334,0.6416666666666666,0.3321577847439918,False,-0.036487198921484276,-4.582774719;-0.07647617369;-0.03648719892,0;0;0,True,"continuous lambda scan over mode-equivalent range i,j=0..64"
0.11765625,4.724228670918766,4.833333333333334,0.6416666666666666,0.3321577847439918,False,-0.03760777693934934,-4.586149305;-0.08041713211;-0.03760777694,0;0;0,True,"continuous lambda scan over mode-equivalent range i,j=0..64"
0.11765625,5.061673575984392,4.833333333333334,0.6416666666666666,0.3321577847439918,False,-0.038784389117587637,-4.589523891;-0.08430205648;-0.03878438912,0;0;0,True,"continuous lambda scan over mode-equivalent range i,j=0..64"
0.11765625,5.399118481050018,4.833333333333334,0.6416666666666666,0.3321577847439918,False,-0.04000757491096301,-4.592898477;-0.08814040733;-0.04000757491,0;0;0,True,"continuous lambda scan over mode-equivalent range i,j=0..64"
0.11765625,5.736563386115645,4.833333333333334,0.6416666666666666,0.3321577847439918,False,-0.041270121971483276,-4.596273063;-0.09193939701;-0.04127012197,0;0;0,True,"continuous lambda scan over mode-equivalent range i,j=0..64"
0.11765625,6.07400829118127,4.833333333333334,0.6416666666666666,0.3321577847439918,False,-0.04256639323317662,-4.599647649;-0.0957046626;-0.04256639323,0;0;0,True,"continuous lambda scan over mode-equivalent range i,j=0..64"
0.11765625,6.411453196246897,4.833333333333334,0.6416666666666666,0.3321577847439918,False,-0.04389189149462737,-4.603022235;-0.09944070128;-0.04389189149,0;0;0,True,"continuous lambda scan over mode-equivalent range i,j=0..64"
0.11765625,6.748898101312522,4.833333333333334,0.6416666666666666,0.3321577847439918,False,-0.04524296664555093,-4.60639682;-0.1031511632;-0.04524296665,0;0;0,True,"continuous lambda scan over mode-equivalent range i,j=0..64"
0.11765625,7.086343006378149,4.833333333333334,0.6416666666666666,0.3321577847439918,False,-0.04661661240209056,-4.609771406;-0.1068390546;-0.0466166124,0;0;0,True,"continuous lambda scan over mode-equivalent range i,j=0..64"
0.11765625,7.423787911443775,4.833333333333334,0.6416666666666666,0.3321577847439918,False,-0.0480103213068198,-4.613145991;-0.1105068829;-0.04801032131,0;0;0,True,"continuous lambda scan over mode-equivalent range i,j=0..64"
0.11765625,7.761232816509401,4.833333333333334,0.6416666666666666,0.3321577847439918,False,-0.04942197885715698,-4.616520576;-0.1141567627;-0.04942197886,0;0;0,True,"continuous lambda scan over mode-equivalent range i,j=0..64"
0.11765625,8.098677721575028,4.833333333333334,0.6416666666666666,0.3321577847439918,False,-0.05084978462653725,-4.619895161;-0.1177904944;-0.05084978463,0;0;0,True,"continuous lambda scan over mode-equivalent range i,j=0..64"
0.11765625,8.436122626640653,4.833333333333334,0.6416666666666666,0.3321577847439918,False,-0.05229219244730125,-4.623269747;-0.1214096241;-0.05229219245,0;0;0,True,"continuous lambda scan over mode-equivalent range i,j=0..64"
0.11765625,8.773567531706279,4.833333333333334,0.6416666666666666,0.3321577847439918,False,-0.0537478643341761,-4.626644332;-0.1250154899;-0.05374786433,0;0;0,True,"continuous lambda scan over mode-equivalent range i,j=0..64"
0.11765625,9.111012436771906,4.833333333333334,0.6416666666666666,0.3321577847439918,False,-0.055215634494694424,-4.630018916;-0.1286092575;-0.05521563449,0;0;0,True,"continuous lambda scan over mode-equivalent range i,j=0..64"
0.11765625,9.448457341837532,4.833333333333334,0.6416666666666666,0.3321577847439918,False,-0.056694480865738216,-4.633393501;-0.132191949;-0.05669448087,0;0;0,True,"continuous lambda scan over mode-equivalent range i,j=0..64"
0.11765625,9.785902246903158,4.833333333333334,0.6416666666666666,0.3321577847439918,False,-0.05818350234806383,-4.636768086;-0.1357644654;-0.05818350235,0;0;0,True,"continuous lambda scan over mode-equivalent range i,j=0..64"
0.11765625,10.123347151968783,4.833333333333334,0.6416666666666666,0.3321577847439918,False,-0.059681900411949075,-4.64014267;-0.1393276054;-0.05968190041,0;0;0,True,"continuous lambda scan over mode-equivalent range i,j=0..64"
0.11765625,10.46079205703441,4.833333333333334,0.6416666666666666,0.3321577847439918,False,-0.06118896409641923,-4.643517255;-0.1428820799;-0.0611889641,0;0;0,True,"continuous lambda scan over mode-equivalent range i,j=0..64"
0.11765625,10.798236962100036,4.833333333333334,0.6416666666666666,0.3321577847439918,False,-0.06270405767200113,-4.646891839;-0.1464285246;-0.06270405767,0;0;0,True,"continuous lambda scan over mode-equivalent range i,j=0..64"
0.11765625,11.135681867165662,4.833333333333334,0.6416666666666666,0.3321577847439918,False,-0.06422661041497355,-4.650266424;-0.1499675102;-0.06422661041,0;0;0,True,"continuous lambda scan over mode-equivalent range i,j=0..64"
0.11765625,11.47312677223129,4.833333333333334,0.6416666666666666,0.3321577847439918,False,-0.06575610807091467,-4.653641008;-0.153499551;-0.06575610807,0;0;0,True,"continuous lambda scan over mode-equivalent range i,j=0..64"
0.11765625,11.810571677296915,4.833333333333334,0.6416666666666666,0.3321577847439918,False,-0.06729208568124148,-4.657015592;-0.1570251119;-0.06729208568,0;0;0,True,"continuous lambda scan over mode-equivalent range i,j=0..64"
0.11765625,12.14801658236254,4.833333333333334,0.6416666666666666,0.3321577847439918,False,-0.06883412151810182,-4.660390176;-0.1605446147;-0.06883412152,0;0;0,True,"continuous lambda scan over mode-equivalent range i,j=0..64"
0.11765625,12.485461487428166,4.833333333333334,0.6416666666666666,0.3321577847439918,False,-0.07038183192711447,-4.66376476;-0.164058443;-0.07038183193,0;0;0,True,"continuous lambda scan over mode-equivalent range i,j=0..64"
0.11765625,12.822906392493794,4.833333333333334,0.6416666666666666,0.3321577847439918,False,-0.07193486691876207,-4.667139343;-0.1675669469;-0.07193486692,0;0;0,True,"continuous lambda scan over mode-equivalent range i,j=0..64"
0.11765625,13.16035129755942,4.833333333333334,0.6416666666666666,0.3321577847439918,False,-0.07349290638105632,-4.670513927;-0.1710704464;-0.07349290638,0;0;0,True,"continuous lambda scan over mode-equivalent range i,j=0..64"
0.11765625,13.497796202625045,4.833333333333334,0.6416666666666666,0.3321577847439918,False,-0.07505565681081033,-4.673888511;-0.174569235;-0.07505565681,0;0;0,True,"continuous lambda scan over mode-equivalent range i,j=0..64"
0.11765625,13.835241107690672,4.833333333333334,0.6416666666666666,0.3321577847439918,False,-0.07662284848021375,-4.677263094;-0.1780635825;-0.07662284848,0;0;0,True,"continuous lambda scan over mode-equivalent range i,j=0..64"
0.11765625,14.172686012756298,4.833333333333334,0.6416666666666666,0.3321577847439918,False,-0.07819423297068209,-4.680637678;-0.1815537372;-0.07819423297,0;0;0,True,"continuous lambda scan over mode-equivalent range i,j=0..64"
0.11765625,14.510130917821924,4.833333333333334,0.6416666666666666,0.3321577847439918,False,-0.07976958101809724,-4.684012261;-0.1850399285;-0.07976958102,0;0;0,True,"continuous lambda scan over mode-equivalent range i,j=0..64"
0.11765625,14.84757582288755,4.833333333333334,0.6416666666666666,0.3321577847439918,False,-0.08134868062327222,-4.687386844;-0.1885223683;-0.08134868062,0;0;0,True,"continuous lambda scan over mode-equivalent range i,j=0..64"
0.11765625,15.185020727953177,4.833333333333334,0.6416666666666666,0.3321577847439918,False,-0.08293133538930006,-4.690761427;-0.1920012531;-0.08293133539,0;0;0,True,"continuous lambda scan over mode-equivalent range i,j=0..64"
0.11765625,15.522465633018802,4.833333333333334,0.6416666666666666,0.3321577847439918,False,-0.08451736305378384,-4.69413601;-0.1954767651;-0.08451736305,0;0;0,True,"continuous lambda scan over mode-equivalent range i,j=0..64"
0.11765625,15.859910538084428,4.833333333333334,0.6416666666666666,0.3321577847439918,False,-0.08610659418911121,-4.697510593;-0.1989490737;-0.08610659419,0;0;0,True,"continuous lambda scan over mode-equivalent range i,j=0..64"
0.11765625,16.197355443150055,4.833333333333334,0.6416666666666666,0.3321577847439918,False,-0.08769887104816602,-4.700885176;-0.2024183366;-0.08769887105,0;0;0,True,"continuous lambda scan over mode-equivalent range i,j=0..64"
0.11765625,16.53480034821568,4.833333333333334,0.6416666666666666,0.3321577847439918,False,-0.0892940465363505,-4.704259759;-0.2058847011;-0.08929404654,0;0;0,True,"continuous lambda scan over mode-equivalent range i,j=0..64"
0.11765625,16.872245253281307,4.833333333333334,0.6416666666666666,0.3321577847439918,False,-0.09089198329367298,-4.707634341;-0.2093483043;-0.09089198329,0;0;0,True,"continuous lambda scan over mode-equivalent range i,j=0..64"
0.11765625,17.209690158346934,4.833333333333334,0.6416666666666666,0.3321577847439918,False,-0.0924925528730494,-4.711008924;-0.2128092749;-0.09249255287,0;0;0,True,"continuous lambda scan over mode-equivalent range i,j=0..64"
0.11765625,17.547135063412558,4.833333333333334,0.6416666666666666,0.3321577847439918,False,-0.09409563500296267,-4.714383506;-0.216267733;-0.094095635,0;0;0,True,"continuous lambda scan over mode-equivalent range i,j=0..64"
0.11765625,17.884579968478185,4.833333333333334,0.6416666666666666,0.3321577847439918,False,-0.0957011169242992,-4.717758088;-0.2197237914;-0.09570111692,0;0;0,True,"continuous lambda scan over mode-equivalent range i,j=0..64"
0.11765625,18.222024873543813,4.833333333333334,0.6416666666666666,0.3321577847439918,False,-0.09730889279259006,-4.721132671;-0.2231775559;-0.09730889279,0;0;0,True,"continuous lambda scan over mode-equivalent range i,j=0..64"
0.11765625,18.559469778609436,4.833333333333334,0.6416666666666666,0.3321577847439918,False,-0.09891886313807238,-4.724507253;-0.2266291261;-0.09891886314,0;0;0,True,"continuous lambda scan over mode-equivalent range i,j=0..64"
0.11765625,18.896914683675064,4.833333333333334,0.6416666666666666,0.3321577847439918,False,-0.10053093437699656,-4.727881835;-0.2300785954;-0.1005309344,0;0;0,True,"continuous lambda scan over mode-equivalent range i,j=0..64"
0.11765625,19.23435958874069,4.833333333333334,0.6416666666666666,0.3321577847439918,False,-0.10214501836846011,-4.731256417;-0.2335260521;-0.1021450184,0;0;0,True,"continuous lambda scan over mode-equivalent range i,j=0..64"
0.11765625,19.571804493806315,4.833333333333334,0.6416666666666666,0.3321577847439918,False,-0.10376103201178295,-4.734630999;-0.2369715793;-0.103761032,0;0;0,True,"continuous lambda scan over mode-equivalent range i,j=0..64"
0.11765625,19.909249398871943,4.833333333333334,0.6416666666666666,0.3321577847439918,False,-0.10537889688006288,-4.73800558;-0.2404152553;-0.1053788969,0;0;0,True,"continuous lambda scan over mode-equivalent range i,j=0..64"
0.11765625,20.246694303937566,4.833333333333334,0.6416666666666666,0.3321577847439918,False,-0.10699853888609008,-4.741380162;-0.2438571543;-0.1069985389,0;0;0,True,"continuous lambda scan over mode-equivalent range i,j=0..64"
0.11765625,20.584139209003194,4.833333333333334,0.6416666666666666,0.3321577847439918,False,-0.10861988797726056,-4.744754743;-0.2472973463;-0.108619888,0;0;0,True,"continuous lambda scan over mode-equivalent range i,j=0..64"
0.11765625,20.92158411406882,4.833333333333334,0.6416666666666666,0.3321577847439918,False,-0.1102428778565307,-4.748129325;-0.2507358976;-0.1102428779,0;0;0,True,"continuous lambda scan over mode-equivalent range i,j=0..64"
0.11765625,21.259029019134445,4.833333333333334,0.6416666666666666,0.3321577847439918,False,-0.11186744572679884,-4.751503906;-0.254172871;-0.1118674457,0;0;0,True,"continuous lambda scan over mode-equivalent range i,j=0..64"
0.11765625,21.596473924200073,4.833333333333334,0.6416666666666666,0.3321577847439918,False,-0.11349353205640349,-4.754878487;-0.2576083261;-0.1134935321,0;0;0,True,"continuous lambda scan over mode-equivalent range i,j=0..64"
0.11765625,21.9339188292657,4.833333333333334,0.6416666666666666,0.3321577847439918,False,-0.11512108036368643,-4.758253069;-0.2610423192;-0.1151210804,0;0;0,True,"continuous lambda scan over mode-equivalent range i,j=0..64"
0.11765625,22.271363734331324,4.833333333333334,0.6416666666666666,0.3321577847439918,False,-0.11675003701880045,-4.76162765;-0.2644749041;-0.116750037,0;0;0,True,"continuous lambda scan over mode-equivalent range i,j=0..64"
0.11765625,22.60880863939695,4.833333333333334,0.6416666666666666,0.3321577847439918,False,-0.11838035106113859,-4.765002231;-0.2679061318;-0.1183803511,0;0;0,True,"continuous lambda scan over mode-equivalent range i,j=0..64"
0.11765625,22.94625354446258,4.833333333333334,0.6416666666666666,0.3321577847439918,False,-0.12001197403093834,-4.768376811;-0.2713360506;-0.120011974,0;0;0,True,"continuous lambda scan over mode-equivalent range i,j=0..64"
0.11765625,23.283698449528202,4.833333333333334,0.6416666666666666,0.3321577847439918,False,-0.12164485981376771,-4.771751392;-0.2747647066;-0.1216448598,0;0;0,True,"continuous lambda scan over mode-equivalent range i,j=0..64"
0.11765625,23.62114335459383,4.833333333333334,0.6416666666666666,0.3321577847439918,False,-0.12327896449673524,-4.775125973;-0.2781921439;-0.1232789645,0;0;0,True,"continuous lambda scan over mode-equivalent range i,j=0..64"
0.11765625,23.958588259659454,4.833333333333334,0.6416666666666666,0.3321577847439918,False,-0.12491424623538548,-4.778500554;-0.2816184042;-0.1249142462,0;0;0,True,"continuous lambda scan over mode-equivalent range i,j=0..64"
0.11765625,24.29603316472508,4.833333333333334,0.6416666666666666,0.3321577847439918,False,-0.12655066513034732,-4.781875134;-0.2850435275;-0.1265506651,0;0;0,True,"continuous lambda scan over mode-equivalent range i,j=0..64"
0.11765625,24.63347806979071,4.833333333333334,0.6416666666666666,0.3321577847439918,False,-0.1281881831128957,-4.785249714;-0.2884675517;-0.1281881831,0;0;0,True,"continuous lambda scan over mode-equivalent range i,j=0..64"
0.11765625,24.970922974856332,4.833333333333334,0.6416666666666666,0.3321577847439918,False,-0.12982676383866973,-4.788624295;-0.2918905133;-0.1298267638,0;0;0,True,"continuous lambda scan over mode-equivalent range i,j=0..64"
0.11765625,25.30836787992196,4.833333333333334,0.6416666666666666,0.3321577847439918,False,-0.1314663725888656,-4.791998875;-0.295312447;-0.1314663726,0;0;0,True,"continuous lambda scan over mode-equivalent range i,j=0..64"
0.11765625,25.645812784987587,4.833333333333334,0.6416666666666666,0.3321577847439918,False,-0.1331069761782853,-4.795373455;-0.2987333859;-0.1331069762,0;0;0,True,"continuous lambda scan over mode-equivalent range i,j=0..64"
0.11765625,25.98325769005321,4.833333333333334,0.6416666666666666,0.3321577847439918,False,-0.1347485428696841,-4.798748035;-0.3021533619;-0.1347485429,0;0;0,True,"continuous lambda scan over mode-equivalent range i,j=0..64"
0.11765625,26.32070259511884,4.833333333333334,0.6416666666666666,0.3321577847439918,False,-0.13639104229390936,-4.802122615;-0.3055724051;-0.1363910423,0;0;0,True,"continuous lambda scan over mode-equivalent range i,j=0..64"
0.11765625,26.658147500184466,4.833333333333334,0.6416666666666666,0.3321577847439918,False,-0.1380344453753707,-4.805497195;-0.3089905449;-0.1380344454,0;0;0,True,"continuous lambda scan over mode-equivalent range i,j=0..64"
0.11765625,26.99559240525009,4.833333333333334,0.6416666666666666,0.3321577847439918,False,-0.13967872426242486,-4.808871774;-0.3124078089;-0.1396787243,0;0;0,True,"continuous lambda scan over mode-equivalent range i,j=0..64"
0.11765625,27.333037310315717,4.833333333333334,0.6416666666666666,0.3321577847439918,False,-0.14132385226229327,-4.812246354;-0.3158242239;-0.1413238523,0;0;0,True,"continuous lambda scan over mode-equivalent range i,j=0..64"
0.11765625,27.670482215381345,4.833333333333334,0.6416666666666666,0.3321577847439918,False,-0.14296980378016738,-4.815620934;-0.3192398154;-0.1429698038,0;0;0,True,"continuous lambda scan over mode-equivalent range i,j=0..64"
0.11765625,28.00792712044697,4.833333333333334,0.6416666666666666,0.3321577847439918,False,-0.14461655426218417,-4.818995513;-0.3226546081;-0.1446165543,0;0;0,True,"continuous lambda scan over mode-equivalent range i,j=0..64"
0.11765625,28.345372025512596,4.833333333333334,0.6416666666666666,0.3321577847439918,False,-0.14626408014198458,-4.822370092;-0.3260686255;-0.1462640801,0;0;0,True,"continuous lambda scan over mode-equivalent range i,j=0..64"
0.11765625,28.68281693057822,4.833333333333334,0.6416666666666666,0.3321577847439918,False,-0.1479123587905894,-4.825744672;-0.3294818903;-0.1479123588,0;0;0,True,"continuous lambda scan over mode-equivalent range i,j=0..64"
0.11765625,29.020261835643847,4.833333333333334,0.6416666666666666,0.3321577847439918,False,-0.1495613684693518,-4.829119251;-0.332894424;-0.1495613685,0;0;0,True,"continuous lambda scan over mode-equivalent range i,j=0..64"
0.11765625,29.357706740709475,4.833333333333334,0.6416666666666666,0.3321577847439918,False,-0.15121108828576468,-4.83249383;-0.3363062478;-0.1512110883,0;0;0,True,"continuous lambda scan over mode-equivalent range i,j=0..64"
0.11765625,29.6951516457751,4.833333333333334,0.6416666666666666,0.3321577847439918,False,-0.15286149815191957,-4.835868409;-0.3397173816;-0.1528614982,0;0;0,True,"continuous lambda scan over mode-equivalent range i,j=0..64"
0.11765625,30.032596550840726,4.833333333333334,0.6416666666666666,0.3321577847439918,False,-0.15451257874543053,-4.839242988;-0.3431278447;-0.1545125787,0;0;0,True,"continuous lambda scan over mode-equivalent range i,j=0..64"
0.11765625,30.370041455906353,4.833333333333334,0.6416666666666666,0.3321577847439918,False,-0.15616431147265167,-4.842617567;-0.3465376558;-0.1561643115,0;0;0,True,"continuous lambda scan over mode-equivalent range i,j=0..64"
0.11765625,30.707486360971977,4.833333333333334,0.6416666666666666,0.3321577847439918,False,-0.15781667843402994,-4.845992145;-0.3499468328;-0.1578166784,0;0;0,True,"continuous lambda scan over mode-equivalent range i,j=0..64"
0.11765625,31.044931266037604,4.833333333333334,0.6416666666666666,0.3321577847439918,False,-0.15946966239144844,-4.849366724;-0.3533553929;-0.1594696624,0;0;0,True,"continuous lambda scan over mode-equivalent range i,j=0..64"
0.11765625,31.382376171103232,4.833333333333334,0.6416666666666666,0.3321577847439918,False,-0.1611232467374252,-4.852741302;-0.3567633527;-0.1611232467,0;0;0,True,"continuous lambda scan over mode-equivalent range i,j=0..64"
0.11765625,31.719821076168856,4.833333333333334,0.6416666666666666,0.3321577847439918,False,-0.16277741546604524,-4.856115881;-0.3601707281;-0.1627774155,0;0;0,True,"continuous lambda scan over mode-equivalent range i,j=0..64"
0.11765625,32.05726598123448,4.833333333333334,0.6416666666666666,0.3321577847439918,False,-0.16443215314551,-4.859490459;-0.3635775348;-0.1644321531,0;0;0,True,"continuous lambda scan over mode-equivalent range i,j=0..64"
0.11765625,32.39471088630011,4.833333333333334,0.6416666666666666,0.3321577847439918,False,-0.16608744489220018,-4.862865037;-0.3669837874;-0.1660874449,0;0;0,True,"continuous lambda scan over mode-equivalent range i,j=0..64"
0.11765625,32.732155791365734,4.833333333333334,0.6416666666666666,0.3321577847439918,False,-0.16774327634615221,-4.866239615;-0.3703895004;-0.1677432763,0;0;0,True,"continuous lambda scan over mode-equivalent range i,j=0..64"
0.11765625,33.06960069643136,4.833333333333334,0.6416666666666666,0.3321577847439918,False,-0.16939963364786081,-4.869614194;-0.3737946877;-0.1693996336,0;0;0,True,"continuous lambda scan over mode-equivalent range i,j=0..64"
0.11765625,33.40704560149699,4.833333333333334,0.6416666666666666,0.3321577847439918,False,-0.17105650341632023,-4.872988771;-0.3771993626;-0.1710565034,0;0;0,True,"continuous lambda scan over mode-equivalent range i,j=0..64"
0.11765625,33.74449050656261,4.833333333333334,0.6416666666666666,0.3321577847439918,False,-0.17271387272823005,-4.876363349;-0.3806035381;-0.1727138727,0;0;0,True,"continuous lambda scan over mode-equivalent range i,j=0..64"
0.11765625,34.08193541162824,4.833333333333334,0.6416666666666666,0.3321577847439918,False,-0.17437172909829032,-4.879737927;-0.3840072266;-0.1743717291,0;0;0,True,"continuous lambda scan over mode-equivalent range i,j=0..64"
0.11765625,34.41938031669387,4.833333333333334,0.6416666666666666,0.3321577847439918,False,-0.17603006046052122,-4.883112505;-0.3874104402;-0.1760300605,0;0;0,True,"continuous lambda scan over mode-equivalent range i,j=0..64"
0.11765625,34.75682522175949,4.833333333333334,0.6416666666666666,0.3321577847439918,False,-0.17768885515054353,-4.886487082;-0.3908131905;-0.1776888552,0;0;0,True,"continuous lambda scan over mode-equivalent range i,j=0..64"
0.11765625,35.094270126825116,4.833333333333334,0.6416666666666666,0.3321577847439918,False,-0.17934810188876227,-4.88986166;-0.3942154889;-0.1793481019,0;0;0,True,"continuous lambda scan over mode-equivalent range i,j=0..64"
0.11765625,35.43171503189075,4.833333333333334,0.6416666666666666,0.3321577847439918,False,-0.18100778976440107,-4.893236237;-0.3976173463;-0.1810077898,0;0;0,True,"continuous lambda scan over mode-equivalent range i,j=0..64"
0.11765625,35.76915993695637,4.833333333333334,0.6416666666666666,0.3321577847439918,False,-0.1826679082203335,-4.896610815;-0.4010187731;-0.1826679082,0;0;0,True,"continuous lambda scan over mode-equivalent range i,j=0..64"
0.11765625,36.106604842021994,4.833333333333334,0.6416666666666666,0.3321577847439918,False,-0.18432844703866896,-4.899985392;-0.4044197797;-0.184328447,0;0;0,True,"continuous lambda scan over mode-equivalent range i,j=0..64"
0.11765625,36.444049747087625,4.833333333333334,0.6416666666666666,0.3321577847439918,False,-0.1859893963270455,-4.903359969;-0.4078203759;-0.1859893963,0;0;0,True,"continuous lambda scan over mode-equivalent range i,j=0..64"
0.11765625,36.78149465215325,4.833333333333334,0.6416666666666666,0.3321577847439918,False,-0.18765074650559108,-4.906734546;-0.4112205714;-0.1876507465,0;0;0,True,"continuous lambda scan over mode-equivalent range i,j=0..64"
0.11765625,37.11893955721887,4.833333333333334,0.6416666666666666,0.3321577847439918,False,-0.18931248829451489,-4.910109123;-0.4146203753;-0.1893124883,0;0;0,True,"continuous lambda scan over mode-equivalent range i,j=0..64"
0.11765625,37.456384462284504,4.833333333333334,0.6416666666666666,0.3321577847439918,False,-0.1909746127022922,-4.9134837;-0.4180197966;-0.1909746127,0;0;0,True,"continuous lambda scan over mode-equivalent range i,j=0..64"
0.11765625,37.79382936735013,4.833333333333334,0.6416666666666666,0.3321577847439918,False,-0.19263711101440997,-4.916858276;-0.4214188442;-0.192637111,0;0;0,True,"continuous lambda scan over mode-equivalent range i,j=0..64"
0.11765625,38.13127427241575,4.833333333333334,0.6416666666666666,0.3321577847439918,False,-0.19429997478264247,-4.920232853;-0.4248175264;-0.1942999748,0;0;0,True,"continuous lambda scan over mode-equivalent range i,j=0..64"
0.11765625,38.46871917748138,4.833333333333334,0.6416666666666666,0.3321577847439918,False,-0.19596319581482713,-4.92360743;-0.4282158514;-0.1959631958,0;0;0,True,"continuous lambda scan over mode-equivalent range i,j=0..64"
0.11765625,38.806164082547006,4.833333333333334,0.6416666666666666,0.3321577847439918,False,-0.19762676616511365,-4.926982006;-0.4316138272;-0.1976267662,0;0;0,True,"continuous lambda scan over mode-equivalent range i,j=0..64"
0.11765625,39.14360898761263,4.833333333333334,0.6416666666666666,0.3321577847439918,False,-0.19929067812466,-4.930356583;-0.4350114615;-0.1992906781,0;0;0,True,"continuous lambda scan over mode-equivalent range i,j=0..64"
0.11765625,39.481053892678254,4.833333333333334,0.6416666666666666,0.3321577847439918,False,-0.20095492421275304,-4.933731159;-0.4384087617;-0.2009549242,0;0;0,True,"continuous lambda scan over mode-equivalent range i,j=0..64"
0.11765625,39.818498797743885,4.833333333333334,0.6416666666666666,0.3321577847439918,False,-0.20261949716832853,-4.937105735;-0.4418057352;-0.2026194972,0;0;0,True,"continuous lambda scan over mode-equivalent range i,j=0..64"
0.11765625,40.15594370280951,4.833333333333334,0.6416666666666666,0.3321577847439918,False,-0.20428438994187187,-4.940480311;-0.4452023889;-0.2042843899,0;0;0,True,"continuous lambda scan over mode-equivalent range i,j=0..64"
0.11765625,40.49338860787513,4.833333333333334,0.6416666666666666,0.3321577847439918,False,-0.20594959568767876,-4.943854887;-0.4485987297;-0.2059495957,0;0;0,True,"continuous lambda scan over mode-equivalent range i,j=0..64"
0.11765625,40.830833512940764,4.833333333333334,0.6416666666666666,0.3321577847439918,False,-0.20761510775645603,-4.947229463;-0.4519947644;-0.2076151078,0;0;0,True,"continuous lambda scan over mode-equivalent range i,j=0..64"
0.11765625,41.16827841800639,4.833333333333334,0.6416666666666666,0.3321577847439918,False,-0.2092809196882465,-4.950604039;-0.4553904992;-0.2092809197,0;0;0,True,"continuous lambda scan over mode-equivalent range i,j=0..64"
0.11765625,41.50572332307201,4.833333333333334,0.6416666666666666,0.3321577847439918,False,-0.21094702520566147,-4.953978615;-0.4587859405;-0.2109470252,0;0;0,True,"continuous lambda scan over mode-equivalent range i,j=0..64"
0.11765625,41.84316822813764,4.833333333333334,0.6416666666666666,0.3321577847439918,False,-0.2126134182074031,-4.95735319;-0.4621810945;-0.2126134182,0;0;0,True,"continuous lambda scan over mode-equivalent range i,j=0..64"
0.11765625,42.180613133203266,4.833333333333334,0.6416666666666666,0.3321577847439918,False,-0.21428009276206483,-4.960727766;-0.465575967;-0.2142800928,0;0;0,True,"continuous lambda scan over mode-equivalent range i,j=0..64"
0.11765625,42.51805803826889,4.833333333333334,0.6416666666666666,0.3321577847439918,False,-0.21594704310219395,-4.964102342;-0.4689705638;-0.2159470431,0;0;0,True,"continuous lambda scan over mode-equivalent range i,j=0..64"
0.11765625,42.85550294333452,4.833333333333334,0.6416666666666666,0.3321577847439918,False,-0.21761426361860423,-4.967476917;-0.4723648905;-0.2176142636,0;0;0,True,"continuous lambda scan over mode-equivalent range i,j=0..64"
0.11765625,43.192947848400145,4.833333333333334,0.6416666666666666,0.3321577847439918,False,-0.21928174885492588,-4.970851492;-0.4757589526;-0.2192817489,0;0;0,True,"continuous lambda scan over mode-equivalent range i,j=0..64"
0.11765625,43.53039275346577,4.833333333333334,0.6416666666666666,0.3321577847439918,False,-0.22094949350238197,-4.974226067;-0.4791527553;-0.2209494935,0;0;0,True,"continuous lambda scan over mode-equivalent range i,j=0..64"
0.11765625,43.8678376585314,4.833333333333334,0.6416666666666666,0.3321577847439918,False,-0.22261749239477918,-4.977600643;-0.4825463039;-0.2226174924,0;0;0,True,"continuous lambda scan over mode-equivalent range i,j=0..64"
0.11765625,44.205282563597024,4.833333333333334,0.6416666666666666,0.3321577847439918,False,-0.22428574050370337,-4.980975218;-0.4859396034;-0.2242857405,0;0;0,True,"continuous lambda scan over mode-equivalent range i,j=0..64"
0.11765625,44.54272746866265,4.833333333333334,0.6416666666666666,0.3321577847439918,False,-0.22595423293391043,-4.984349793;-0.4893326587;-0.2259542329,0;0;0,True,"continuous lambda scan over mode-equivalent range i,j=0..64"
0.11765625,44.88017237372828,4.833333333333334,0.6416666666666666,0.3321577847439918,False,-0.22762296491890216,-4.987724367;-0.4927254744;-0.2276229649,0;0;0,True,"continuous lambda scan over mode-equivalent range i,j=0..64"
0.11765625,45.2176172787939,4.833333333333334,0.6416666666666666,0.3321577847439918,False,-0.22929193181667895,-4.991098942;-0.4961180554;-0.2292919318,0;0;0,True,"continuous lambda scan over mode-equivalent range i,j=0..64"
0.11765625,45.555062183859526,4.833333333333334,0.6416666666666666,0.3321577847439918,False,-0.23096112910566216,-4.994473517;-0.499510406;-0.2309611291,0;0;0,True,"continuous lambda scan over mode-equivalent range i,j=0..64"
0.11765625,45.89250708892516,4.833333333333334,0.6416666666666666,0.3321577847439918,False,-0.2326305523807756,-4.997848092;-0.5029025308;-0.2326305524,0;0;0,True,"continuous lambda scan over mode-equivalent range i,j=0..64"
0.11765625,46.22995199399078,4.833333333333334,0.6416666666666666,0.3321577847439918,False,-0.23430019734968188,-5.001222666;-0.5062944339;-0.2343001973,0;0;0,True,"continuous lambda scan over mode-equivalent range i,j=0..64"
0.11765625,46.567396899056405,4.833333333333334,0.6416666666666666,0.3321577847439918,False,-0.23597005982916394,-5.00459724;-0.5096861197;-0.2359700598,0;0;0,True,"continuous lambda scan over mode-equivalent range i,j=0..64"
0.11765625,46.904841804122036,4.833333333333334,0.6416666666666666,0.3321577847439918,False,-0.23764013574164738,-5.007971815;-0.513077592;-0.2376401357,0;0;0,True,"continuous lambda scan over mode-equivalent range i,j=0..64"
0.11765625,47.24228670918766,4.833333333333334,0.6416666666666666,0.3321577847439918,False,-0.239310421111855,-5.011346389;-0.5164688551;-0.2393104211,0;0;0,True,"continuous lambda scan over mode-equivalent range i,j=0..64"
0.11765625,47.579731614253284,4.833333333333334,0.6416666666666666,0.3321577847439918,False,-0.24098091206358976,-5.014720963;-0.5198599126;-0.2409809121,0;0;0,True,"continuous lambda scan over mode-equivalent range i,j=0..64"
0.11765625,47.91717651931891,4.833333333333334,0.6416666666666666,0.3321577847439918,False,-0.24265160481663875,-5.018095537;-0.5232507684;-0.2426516048,0;0;0,True,"continuous lambda scan over mode-equivalent range i,j=0..64"
0.11765625,48.25462142438454,4.833333333333334,0.6416666666666666,0.3321577847439918,False,-0.24432249568379433,-5.021470111;-0.5266414262;-0.2443224957,0;0;0,True,"continuous lambda scan over mode-equivalent range i,j=0..64"
0.11765625,48.59206632945016,4.833333333333334,0.6416666666666666,0.3321577847439918,False,-0.2459935810679851,-5.024844685;-0.5300318895;-0.2459935811,0;0;0,True,"continuous lambda scan over mode-equivalent range i,j=0..64"
0.11765625,48.929511234515786,4.833333333333334,0.6416666666666666,0.3321577847439918,False,-0.24766485745951497,-5.028219259;-0.533422162;-0.2476648575,0;0;0,True,"continuous lambda scan over mode-equivalent range i,j=0..64"
0.11765625,49.26695613958142,4.833333333333334,0.6416666666666666,0.3321577847439918,False,-0.24933632143340287,-5.031593833;-0.5368122469;-0.2493363214,0;0;0,True,"continuous lambda scan over mode-equivalent range i,j=0..64"
0.11765625,49.60440104464704,4.833333333333334,0.6416666666666666,0.3321577847439918,False,-0.25100796964682,-5.034968406;-0.5402021477;-0.2510079696,0;0;0,True,"continuous lambda scan over mode-equivalent range i,j=0..64"
0.11765625,49.941845949712665,4.833333333333334,0.6416666666666666,0.3321577847439918,False,-0.2526797988366207,-5.03834298;-0.5435918676;-0.2526797988,0;0;0,True,"continuous lambda scan over mode-equivalent range i,j=0..64"
0.11765625,50.279290854778296,4.833333333333334,0.6416666666666666,0.3321577847439918,False,-0.254351805816962,-5.041717553;-0.5469814098;-0.2543518058,0;0;0,True,"continuous lambda scan over mode-equivalent range i,j=0..64"
0.11765625,50.61673575984392,4.833333333333334,0.6416666666666666,0.3321577847439918,False,-0.25602398747700966,-5.045092127;-0.5503707774;-0.2560239875,0;0;0,True,"continuous lambda scan over mode-equivalent range i,j=0..64"
0.11765625,50.95418066490954,4.833333333333334,0.6416666666666666,0.3321577847439918,False,-0.25769634077872444,-5.0484667;-0.5537599734;-0.2576963408,0;0;0,True,"continuous lambda scan over mode-equivalent range i,j=0..64"
0.11765625,51.291625569975174,4.833333333333334,0.6416666666666666,0.3321577847439918,False,-0.2593688627547288,-5.051841273;-0.5571490009;-0.2593688628,0;0;0,True,"continuous lambda scan over mode-equivalent range i,j=0..64"
0.11765625,51.6290704750408,4.833333333333334,0.6416666666666666,0.3321577847439918,False,-0.2610415505062472,-5.055215846;-0.5605378627;-0.2610415505,0;0;0,True,"continuous lambda scan over mode-equivalent range i,j=0..64"
0.11765625,51.96651538010642,4.833333333333334,0.6416666666666666,0.3321577847439918,False,-0.26271440120111966,-5.058590419;-0.5639265616;-0.2627144012,0;0;0,True,"continuous lambda scan over mode-equivalent range i,j=0..64"
0.11765625,52.30396028517205,4.833333333333334,0.6416666666666666,0.3321577847439918,False,-0.2643874120718838,-5.061964992;-0.5673151004;-0.2643874121,0;0;0,True,"continuous lambda scan over mode-equivalent range i,j=0..64"
0.11765625,52.64140519023768,4.833333333333334,0.6416666666666666,0.3321577847439918,False,-0.2660605804139236,-5.065339565;-0.5707034819;-0.2660605804,0;0;0,True,"continuous lambda scan over mode-equivalent range i,j=0..64"
0.11765625,52.9788500953033,4.833333333333334,0.6416666666666666,0.3321577847439918,False,-0.2677339035836817,-5.068714138;-0.5740917086;-0.2677339036,0;0;0,True,"continuous lambda scan over mode-equivalent range i,j=0..64"
0.11765625,53.31629500036893,4.833333333333334,0.6416666666666666,0.3321577847439918,False,-0.269407378996933,-5.07208871;-0.5774797831;-0.269407379,0;0;0,True,"continuous lambda scan over mode-equivalent range i,j=0..64"
0.11765625,53.653739905434556,4.833333333333334,0.6416666666666666,0.3321577847439918,False,-0.2710810041271167,-5.075463283;-0.580867708;-0.2710810041,0;0;0,True,"continuous lambda scan over mode-equivalent range i,j=0..64"
0.11765625,53.99118481050018,4.833333333333334,0.6416666666666666,0.3321577847439918,False,-0.27275477650372437,-5.078837855;-0.5842554858;-0.2727547765,0;0;0,True,"continuous lambda scan over mode-equivalent range i,j=0..64"
0.11765625,54.32862971556581,4.833333333333334,0.6416666666666666,0.3321577847439918,False,-0.2744286937107437,-5.082212428;-0.5876431188;-0.2744286937,0;0;0,True,"continuous lambda scan over mode-equivalent range i,j=0..64"
0.11765625,54.666074620631434,4.833333333333334,0.6416666666666666,0.3321577847439918,False,-0.276102753385152,-5.085587;-0.5910306094;-0.2761027534,0;0;0,True,"continuous lambda scan over mode-equivalent range i,j=0..64"
0.11765625,55.00351952569706,4.833333333333334,0.6416666666666666,0.3321577847439918,False,-0.2777769532154612,-5.088961572;-0.59441796;-0.2777769532,0;0;0,True,"continuous lambda scan over mode-equivalent range i,j=0..64"
0.11765625,55.34096443076269,4.833333333333334,0.6416666666666666,0.3321577847439918,False,-0.279451290940311,-5.092336145;-0.5978051728;-0.2794512909,0;0;0,True,"continuous lambda scan over mode-equivalent range i,j=0..64"
0.11765625,55.67840933582831,4.833333333333334,0.6416666666666666,0.3321577847439918,False,-0.2811257643471068,-5.095710717;-0.6011922499;-0.2811257643,0;0;0,True,"continuous lambda scan over mode-equivalent range i,j=0..64"
0.11765625,56.01585424089394,4.833333333333334,0.6416666666666666,0.3321577847439918,False,-0.28280037127070345,-5.099085289;-0.6045791937;-0.2828003713,0;0;0,True,"continuous lambda scan over mode-equivalent range i,j=0..64"
0.11765625,56.35329914595956,4.833333333333334,0.6416666666666666,0.3321577847439918,False,-0.2844751095921314,-5.10245986;-0.6079660061;-0.2844751096,0;0;0,True,"continuous lambda scan over mode-equivalent range i,j=0..64"
0.11765625,56.69074405102519,4.833333333333334,0.6416666666666666,0.3321577847439918,False,-0.2861499772373635,-5.105834432;-0.6113526893;-0.2861499772,0;0;0,True,"continuous lambda scan over mode-equivalent range i,j=0..64"
0.11765625,57.028188956090816,4.833333333333334,0.6416666666666666,0.3321577847439918,False,-0.2878249721761216,-5.109209004;-0.6147392452;-0.2878249722,0;0;0,True,"continuous lambda scan over mode-equivalent range i,j=0..64"
0.11765625,57.36563386115644,4.833333333333334,0.6416666666666666,0.3321577847439918,False,-0.28950009242072106,-5.112583576;-0.618125676;-0.2895000924,0;0;0,True,"continuous lambda scan over mode-equivalent range i,j=0..64"
0.11765625,57.70307876622207,4.833333333333334,0.6416666666666666,0.3321577847439918,False,-0.29117533602495305,-5.115958147;-0.6215119835;-0.291175336,0;0;0,True,"continuous lambda scan over mode-equivalent range i,j=0..64"
0.11765625,58.040523671287694,4.833333333333334,0.6416666666666666,0.3321577847439918,False,-0.29285070108299976,-5.119332719;-0.6248981696;-0.2928507011,0;0;0,True,"continuous lambda scan over mode-equivalent range i,j=0..64"
0.11765625,58.37796857635332,4.833333333333334,0.6416666666666666,0.3321577847439918,False,-0.29452618572838646,-5.12270729;-0.6282842362;-0.2945261857,0;0;0,True,"continuous lambda scan over mode-equivalent range i,j=0..64"
0.11765625,58.71541348141895,4.833333333333334,0.6416666666666666,0.3321577847439918,False,-0.29620178813296394,-5.126081861;-0.6316701851;-0.2962017881,0;0;0,True,"continuous lambda scan over mode-equivalent range i,j=0..64"
0.11765625,59.05285838648457,4.833333333333334,0.6416666666666666,0.3321577847439918,False,-0.2978775065059238,-5.129456432;-0.6350560182;-0.2978775065,0;0;0,True,"continuous lambda scan over mode-equivalent range i,j=0..64"
0.11765625,59.3903032915502,4.833333333333334,0.6416666666666666,0.3321577847439918,False,-0.29955333909284404,-5.132831004;-0.6384417371;-0.2995533391,0;0;0,True,"continuous lambda scan over mode-equivalent range i,j=0..64"
0.11765625,59.72774819661583,4.833333333333334,0.6416666666666666,0.3321577847439918,False,-0.30122928417476347,-5.136205575;-0.6418273436;-0.3012292842,0;0;0,True,"continuous lambda scan over mode-equivalent range i,j=0..64"
0.11765625,60.06519310168145,4.833333333333334,0.6416666666666666,0.3321577847439918,False,-0.30290534006728426,-5.139580146;-0.6452128394;-0.3029053401,0;0;0,True,"continuous lambda scan over mode-equivalent range i,j=0..64"
0.11765625,60.402638006747075,4.833333333333334,0.6416666666666666,0.3321577847439918,False,-0.30458150511970333,-5.142954716;-0.6485982261;-0.3045815051,0;0;0,True,"continuous lambda scan over mode-equivalent range i,j=0..64"
0.11765625,60.740082911812706,4.833333333333334,0.6416666666666666,0.3321577847439918,False,-0.3062577777141678,-5.146329287;-0.6519835054;-0.3062577777,0;0;0,True,"continuous lambda scan over mode-equivalent range i,j=0..64"
0.11765625,61.07752781687833,4.833333333333334,0.6416666666666666,0.3321577847439918,False,-0.307934156264857,-5.149703858;-0.6553686787;-0.3079341563,0;0;0,True,"continuous lambda scan over mode-equivalent range i,j=0..64"
0.11765625,61.414972721943954,4.833333333333334,0.6416666666666666,0.3321577847439918,False,-0.3096106392171893,-5.153078428;-0.6587537478;-0.3096106392,0;0;0,True,"continuous lambda scan over mode-equivalent range i,j=0..64"
0.11765625,61.752417627009585,4.833333333333334,0.6416666666666666,0.3321577847439918,False,-0.3112872250470517,-5.156452999;-0.6621387141;-0.311287225,0;0;0,True,"continuous lambda scan over mode-equivalent range i,j=0..64"
0.11765625,62.08986253207521,4.833333333333334,0.6416666666666666,0.3321577847439918,False,-0.31296391226005255,-5.159827569;-0.6655235791;-0.3129639123,0;0;0,True,"continuous lambda scan over mode-equivalent range i,j=0..64"
0.11765625,62.42730743714083,4.833333333333334,0.6416666666666666,0.3321577847439918,False,-0.31464069939079664,-5.16320214;-0.6689083442;-0.3146406994,0;0;0,True,"continuous lambda scan over mode-equivalent range i,j=0..64"
0.11765625,62.764752342206464,4.833333333333334,0.6416666666666666,0.3321577847439918,False,-0.3163175850021807,-5.16657671;-0.6722930109;-0.316317585,0;0;0,True,"continuous lambda scan over mode-equivalent range i,j=0..64"
0.11765625,63.10219724727209,4.833333333333334,0.6416666666666666,0.3321577847439918,False,-0.31799456768471035,-5.16995128;-0.6756775807;-0.3179945677,0;0;0,True,"continuous lambda scan over mode-equivalent range i,j=0..64"
0.11765625,63.43964215233771,4.833333333333334,0.6416666666666666,0.3321577847439918,False,-0.31967164605583626,-5.17332585;-0.6790620549;-0.3196716461,0;0;0,True,"continuous lambda scan over mode-equivalent range i,j=0..64"
0.11765625,63.77708705740334,4.833333333333334,0.6416666666666666,0.3321577847439918,False,-0.3213488187593102,-5.17670042;-0.6824464348;-0.3213488188,0;0;0,True,"continuous lambda scan over mode-equivalent range i,j=0..64"
0.11765625,64.11453196246896,4.833333333333334,0.6416666666666666,0.3321577847439918,False,-0.32302608446455783,-5.18007499;-0.6858307218;-0.3230260845,0;0;0,True,"continuous lambda scan over mode-equivalent range i,j=0..64"
0.11765625,64.4519768675346,4.833333333333334,0.6416666666666666,0.3321577847439918,False,-0.32470344186607236,-5.18344956;-0.6892149171;-0.3247034419,0;0;0,True,"continuous lambda scan over mode-equivalent range i,j=0..64"
0.11765625,64.78942177260022,4.833333333333334,0.6416666666666666,0.3321577847439918,False,-0.326380889682822,-5.18682413;-0.6925990222;-0.3263808897,0;0;0,True,"continuous lambda scan over mode-equivalent range i,j=0..64"
0.11765625,65.12686667766584,4.833333333333334,0.6416666666666666,0.3321577847439918,False,-0.3280584266576771,-5.1901987;-0.6959830381;-0.3280584267,0;0;0,True,"continuous lambda scan over mode-equivalent range i,j=0..64"
0.11765625,65.46431158273147,4.833333333333334,0.6416666666666666,0.3321577847439918,False,-0.3297360515568519,-5.193573269;-0.6993669663;-0.3297360516,0;0;0,True,"continuous lambda scan over mode-equivalent range i,j=0..64"
0.11765625,65.80175648779709,4.833333333333334,0.6416666666666666,0.3321577847439918,False,-0.3314137631693623,-5.196947839;-0.7027508078;-0.3314137632,0;0;0,True,"continuous lambda scan over mode-equivalent range i,j=0..64"
0.11765625,66.13920139286272,4.833333333333334,0.6416666666666666,0.3321577847439918,False,-0.3330915603064984,-5.200322408;-0.7061345638;-0.3330915603,0;0;0,True,"continuous lambda scan over mode-equivalent range i,j=0..64"
0.11765625,66.47664629792835,4.833333333333334,0.6416666666666666,0.3321577847439918,False,-0.3347694418013127,-5.203696978;-0.7095182356;-0.3347694418,0;0;0,True,"continuous lambda scan over mode-equivalent range i,j=0..64"
0.11765625,66.81409120299398,4.833333333333334,0.6416666666666666,0.3321577847439918,False,-0.33644740650812066,-5.207071547;-0.7129018243;-0.3364474065,0;0;0,True,"continuous lambda scan over mode-equivalent range i,j=0..64"
0.11765625,67.1515361080596,4.833333333333334,0.6416666666666666,0.3321577847439918,False,-0.3381254533020176,-5.210446116;-0.7162853309;-0.3381254533,0;0;0,True,"continuous lambda scan over mode-equivalent range i,j=0..64"
0.11765625,67.48898101312523,4.833333333333334,0.6416666666666666,0.3321577847439918,False,-0.3398035810784053,-5.213820685;-0.7196687567;-0.3398035811,0;0;0,True,"continuous lambda scan over mode-equivalent range i,j=0..64"
0.11765625,67.82642591819085,4.833333333333334,0.6416666666666666,0.3321577847439918,False,-0.34148178875253576,-5.217195254;-0.7230521026;-0.3414817888,0;0;0,True,"continuous lambda scan over mode-equivalent range i,j=0..64"
0.11765625,68.16387082325647,4.833333333333334,0.6416666666666666,0.3321577847439918,False,-0.343160075259063,-5.220569823;-0.7264353698;-0.3431600753,0;0;0,True,"continuous lambda scan over mode-equivalent range i,j=0..64"
0.11765625,68.50131572832211,4.833333333333334,0.6416666666666666,0.3321577847439918,False,-0.3448384395516102,-5.223944392;-0.7298185593;-0.3448384396,0;0;0,True,"continuous lambda scan over mode-equivalent range i,j=0..64"
0.11765625,68.83876063338774,4.833333333333334,0.6416666666666666,0.3321577847439918,False,-0.3465168806023469,-5.227318961;-0.7332016721;-0.3465168806,0;0;0,True,"continuous lambda scan over mode-equivalent range i,j=0..64"
0.11765625,69.17620553845336,4.833333333333334,0.6416666666666666,0.3321577847439918,False,-0.3481953974015781,-5.230693529;-0.7365847093;-0.3481953974,0;0;0,True,"continuous lambda scan over mode-equivalent range i,j=0..64"
0.11765625,69.51365044351898,4.833333333333334,0.6416666666666666,0.3321577847439918,False,-0.34987398895734356,-5.234068098;-0.7399676717;-0.349873989,0;0;0,True,"continuous lambda scan over mode-equivalent range i,j=0..64"
0.11765625,69.85109534858461,4.833333333333334,0.6416666666666666,0.3321577847439918,False,-0.35155265429502885,-5.237442666;-0.7433505605;-0.3515526543,0;0;0,True,"continuous lambda scan over mode-equivalent range i,j=0..64"
0.11765625,70.18854025365023,4.833333333333334,0.6416666666666666,0.3321577847439918,False,-0.35323139245698537,-5.240817235;-0.7467333765;-0.3532313925,0;0;0,True,"continuous lambda scan over mode-equivalent range i,j=0..64"
0.11765625,70.52598515871586,4.833333333333334,0.6416666666666666,0.3321577847439918,False,-0.3549102025021619,-5.244191803;-0.7501161208;-0.3549102025,0;0;0,True,"continuous lambda scan over mode-equivalent range i,j=0..64"
0.11765625,70.8634300637815,4.833333333333334,0.6416666666666666,0.3321577847439918,False,-0.3565890835057437,-5.247566371;-0.7534987941;-0.3565890835,0;0;0,True,"continuous lambda scan over mode-equivalent range i,j=0..64"
0.11765625,71.20087496884712,4.833333333333334,0.6416666666666666,0.3321577847439918,False,-0.358268034558803,-5.25094094;-0.7568813975;-0.3582680346,0;0;0,True,"continuous lambda scan over mode-equivalent range i,j=0..64"
0.11765625,71.53831987391274,4.833333333333334,0.6416666666666666,0.3321577847439918,False,-0.35994705476795785,-5.254315508;-0.7602639318;-0.3599470548,0;0;0,True,"continuous lambda scan over mode-equivalent range i,j=0..64"
0.11765625,71.87576477897836,4.833333333333334,0.6416666666666666,0.3321577847439918,False,-0.361626143255039,-5.257690076;-0.7636463979;-0.3616261433,0;0;0,True,"continuous lambda scan over mode-equivalent range i,j=0..64"
0.11765625,72.21320968404399,4.833333333333334,0.6416666666666666,0.3321577847439918,False,-0.3633052991567663,-5.261064644;-0.7670287967;-0.3633052992,0;0;0,True,"continuous lambda scan over mode-equivalent range i,j=0..64"
0.11765625,72.55065458910961,4.833333333333334,0.6416666666666666,0.3321577847439918,False,-0.3649845216244329,-5.264439212;-0.770411129;-0.3649845216,0;0;0,True,"continuous lambda scan over mode-equivalent range i,j=0..64"
0.11765625,72.88809949417525,4.833333333333334,0.6416666666666666,0.3321577847439918,False,-0.36666380982359803,-5.267813779;-0.7737933956;-0.3666638098,0;0;0,True,"continuous lambda scan over mode-equivalent range i,j=0..64"
0.11765625,73.22554439924087,4.833333333333334,0.6416666666666666,0.3321577847439918,False,-0.36834316293378644,-5.271188347;-0.7771755975;-0.3683431629,0;0;0,True,"continuous lambda scan over mode-equivalent range i,j=0..64"
0.11765625,73.5629893043065,4.833333333333334,0.6416666666666666,0.3321577847439918,False,-0.3700225801481969,-5.274562915;-0.7805577353;-0.3700225801,0;0;0,True,"continuous lambda scan over mode-equivalent range i,j=0..64"
0.11765625,73.90043420937212,4.833333333333334,0.6416666666666666,0.3321577847439918,False,-0.3717020606734168,-5.277937482;-0.7839398098;-0.3717020607,0;0;0,True,"continuous lambda scan over mode-equivalent range i,j=0..64"
0.11765625,74.23787911443775,4.833333333333334,0.6416666666666666,0.3321577847439918,False,-0.37338160372914436,-5.28131205;-0.7873218219;-0.3733816037,0;0;0,True,"continuous lambda scan over mode-equivalent range i,j=0..64"
0.11765625,74.57532401950337,4.833333333333334,0.6416666666666666,0.3321577847439918,False,-0.37506120854791786,-5.284686617;-0.7907037724;-0.3750612085,0;0;0,True,"continuous lambda scan over mode-equivalent range i,j=0..64"
0.11765625,74.91276892456901,4.833333333333334,0.6416666666666666,0.3321577847439918,False,-0.3767408743748517,-5.288061184;-0.7940856619;-0.3767408744,0;0;0,True,"continuous lambda scan over mode-equivalent range i,j=0..64"
0.11765625,75.25021382963463,4.833333333333334,0.6416666666666666,0.3321577847439918,False,-0.3784206004673779,-5.291435752;-0.7974674912;-0.3784206005,0;0;0,True,"continuous lambda scan over mode-equivalent range i,j=0..64"
0.11765625,75.58765873470026,4.833333333333334,0.6416666666666666,0.3321577847439918,False,-0.38010038609499597,-5.294810319;-0.8008492611;-0.3801003861,0;0;0,True,"continuous lambda scan over mode-equivalent range i,j=0..64"
0.11765625,75.92510363976588,4.833333333333334,0.6416666666666666,0.3321577847439918,False,-0.3817802305390267,-5.298184886;-0.8042309722;-0.3817802305,0;0;0,True,"continuous lambda scan over mode-equivalent range i,j=0..64"
0.11765625,76.2625485448315,4.833333333333334,0.6416666666666666,0.3321577847439918,False,-0.3834601330923738,-5.301559453;-0.8076126253;-0.3834601331,0;0;0,True,"continuous lambda scan over mode-equivalent range i,j=0..64"
0.11765625,76.59999344989713,4.833333333333334,0.6416666666666666,0.3321577847439918,False,-0.38514009305928987,-5.30493402;-0.8109942211;-0.3851400931,0;0;0,True,"continuous lambda scan over mode-equivalent range i,j=0..64"
0.11765625,76.93743835496277,4.833333333333334,0.6416666666666666,0.3321577847439918,False,-0.3868201097551492,-5.308308586;-0.8143757602;-0.3868201098,0;0;0,True,"continuous lambda scan over mode-equivalent range i,j=0..64"
0.11765625,77.27488326002839,4.833333333333334,0.6416666666666666,0.3321577847439918,False,-0.38850018250622503,-5.311683153;-0.8177572434;-0.3885001825,0;0;0,True,"continuous lambda scan over mode-equivalent range i,j=0..64"
0.11765625,77.61232816509401,4.833333333333334,0.6416666666666666,0.3321577847439918,False,-0.3901803106494726,-5.31505772;-0.8211386712;-0.3901803106,0;0;0,True,"continuous lambda scan over mode-equivalent range i,j=0..64"
0.11765625,77.94977307015964,4.833333333333334,0.6416666666666666,0.3321577847439918,False,-0.3918604935323184,-5.318432286;-0.8245200444;-0.3918604935,0;0;0,True,"continuous lambda scan over mode-equivalent range i,j=0..64"
0.11765625,78.28721797522526,4.833333333333334,0.6416666666666666,0.3321577847439918,False,-0.39354073051245186,-5.321806853;-0.8279013636;-0.3935407305,0;0;0,True,"continuous lambda scan over mode-equivalent range i,j=0..64"
0.11765625,78.62466288029088,4.833333333333334,0.6416666666666666,0.3321577847439918,False,-0.3952210209576254,-5.325181419;-0.8312826294;-0.395221021,0;0;0,True,"continuous lambda scan over mode-equivalent range i,j=0..64"
0.11765625,78.96210778535651,4.833333333333334,0.6416666666666666,0.3321577847439918,False,-0.3969013642454555,-5.328555985;-0.8346638424;-0.3969013642,0;0;0,True,"continuous lambda scan over mode-equivalent range i,j=0..64"
0.11765625,79.29955269042215,4.833333333333334,0.6416666666666666,0.3321577847439918,False,-0.39858175976323157,-5.331930552;-0.8380450032;-0.3985817598,0;0;0,True,"continuous lambda scan over mode-equivalent range i,j=0..64"
0.11765625,79.63699759548777,4.833333333333334,0.6416666666666666,0.3321577847439918,False,-0.4002622069077277,-5.335305118;-0.8414261126;-0.4002622069,0;0;0,True,"continuous lambda scan over mode-equivalent range i,j=0..64"
0.11765625,79.9744425005534,4.833333333333334,0.6416666666666666,0.3321577847439918,False,-0.4019427050850188,-5.338679684;-0.8448071709;-0.4019427051,0;0;0,True,"continuous lambda scan over mode-equivalent range i,j=0..64"
0.11765625,80.31188740561902,4.833333333333334,0.6416666666666666,0.3321577847439918,False,-0.4036232537103017,-5.34205425;-0.8481881789;-0.4036232537,0;0;0,True,"continuous lambda scan over mode-equivalent range i,j=0..64"
0.11765625,80.64933231068464,4.833333333333334,0.6416666666666666,0.3321577847439918,False,-0.40530385220772003,-5.345428816;-0.8515691371;-0.4053038522,0;0;0,True,"continuous lambda scan over mode-equivalent range i,j=0..64"
0.11765625,80.98677721575027,4.833333333333334,0.6416666666666666,0.3321577847439918,False,-0.40698450001019304,-5.348803382;-0.8549500461;-0.4069845,0;0;0,True,"continuous lambda scan over mode-equivalent range i,j=0..64"
0.11765625,81.3242221208159,4.833333333333334,0.6416666666666666,0.3321577847439918,False,-0.4086651965592483,-5.352177947;-0.8583309064;-0.4086651966,0;0;0,True,"continuous lambda scan over mode-equivalent range i,j=0..64"
0.11765625,81.66166702588153,4.833333333333334,0.6416666666666666,0.3321577847439918,False,-0.41034594130485835,-5.355552513;-0.8617117186;-0.4103459413,0;0;0,True,"continuous lambda scan over mode-equivalent range i,j=0..64"
0.11765625,81.99911193094715,4.833333333333334,0.6416666666666666,0.3321577847439918,False,-0.41202673370528126,-5.358927079;-0.8650924833;-0.4120267337,0;0;0,True,"continuous lambda scan over mode-equivalent range i,j=0..64"
0.11765625,82.33655683601278,4.833333333333334,0.6416666666666666,0.3321577847439918,False,-0.41370757322690466,-5.362301644;-0.8684732008;-0.4137075732,0;0;0,True,"continuous lambda scan over mode-equivalent range i,j=0..64"
0.11765625,82.6740017410784,4.833333333333334,0.6416666666666666,0.3321577847439918,False,-0.415388459344093,-5.36567621;-0.8718538719;-0.4153884593,0;0;0,True,"continuous lambda scan over mode-equivalent range i,j=0..64"
0.11765625,83.01144664614402,4.833333333333334,0.6416666666666666,0.3321577847439918,False,-0.41706939153903877,-5.369050775;-0.875234497;-0.4170693915,0;0;0,True,"continuous lambda scan over mode-equivalent range i,j=0..64"
0.11765625,83.34889155120966,4.833333333333334,0.6416666666666666,0.3321577847439918,False,-0.4187503693016164,-5.37242534;-0.8786150766;-0.4187503693,0;0;0,True,"continuous lambda scan over mode-equivalent range i,j=0..64"
0.11765625,83.68633645627528,4.833333333333334,0.6416666666666666,0.3321577847439918,False,-0.4204313921292405,-5.375799906;-0.8819956111;-0.4204313921,0;0;0,True,"continuous lambda scan over mode-equivalent range i,j=0..64"
0.11765625,84.02378136134091,4.833333333333334,0.6416666666666666,0.3321577847439918,False,-0.4221124595267256,-5.379174471;-0.8853761013;-0.4221124595,0;0;0,True,"continuous lambda scan over mode-equivalent range i,j=0..64"
0.11765625,84.36122626640653,4.833333333333334,0.6416666666666666,0.3321577847439918,False,-0.4237935710061508,-5.382549036;-0.8887565473;-0.423793571,0;0;0,True,"continuous lambda scan over mode-equivalent range i,j=0..64"
0.11765625,84.69867117147216,4.833333333333334,0.6416666666666666,0.3321577847439918,False,-0.4254747260867262,-5.385923601;-0.8921369499;-0.4254747261,0;0;0,True,"continuous lambda scan over mode-equivalent range i,j=0..64"
0.11765625,85.03611607653778,4.833333333333334,0.6416666666666666,0.3321577847439918,False,-0.4271559242946627,-5.389298166;-0.8955173095;-0.4271559243,0;0;0,True,"continuous lambda scan over mode-equivalent range i,j=0..64"
0.11765625,85.37356098160342,4.833333333333334,0.6416666666666666,0.3321577847439918,False,-0.4288371651630448,-5.39267273;-0.8988976264;-0.4288371652,0;0;0,True,"continuous lambda scan over mode-equivalent range i,j=0..64"
0.11765625,85.71100588666904,4.833333333333334,0.6416666666666666,0.3321577847439918,False,-0.43051844823170504,-5.396047295;-0.9022779012;-0.4305184482,0;0;0,True,"continuous lambda scan over mode-equivalent range i,j=0..64"
0.11765625,86.04845079173467,4.833333333333334,0.6416666666666666,0.3321577847439918,False,-0.43219977304710355,-5.39942186;-0.9056581344;-0.432199773,0;0;0,True,"continuous lambda scan over mode-equivalent range i,j=0..64"
0.11765625,86.38589569680029,4.833333333333334,0.6416666666666666,0.3321577847439918,False,-0.4338811391622077,-5.402796424;-0.9090383263;-0.4338811392,0;0;0,True,"continuous lambda scan over mode-equivalent range i,j=0..64"
0.11765625,86.72334060186591,4.833333333333334,0.6416666666666666,0.3321577847439918,False,-0.4355625461363757,-5.406170989;-0.9124184775;-0.4355625461,0;0;0,True,"continuous lambda scan over mode-equivalent range i,j=0..64"
0.11765625,87.06078550693154,4.833333333333334,0.6416666666666666,0.3321577847439918,False,-0.43724399353524257,-5.409545553;-0.9157985883;-0.4372439935,0;0;0,True,"continuous lambda scan over mode-equivalent range i,j=0..64"
0.11765625,87.39823041199716,4.833333333333334,0.6416666666666666,0.3321577847439918,False,-0.43892548093060824,-5.412920118;-0.9191786592;-0.4389254809,0;0;0,True,"continuous lambda scan over mode-equivalent range i,j=0..64"
0.11765625,87.7356753170628,4.833333333333334,0.6416666666666666,0.3321577847439918,False,-0.44060700790032814,-5.416294682;-0.9225586906;-0.4406070079,0;0;0,True,"continuous lambda scan over mode-equivalent range i,j=0..64"
0.11765625,88.07312022212842,4.833333333333334,0.6416666666666666,0.3321577847439918,False,-0.44228857402820626,-5.419669246;-0.9259386829;-0.442288574,0;0;0,True,"continuous lambda scan over mode-equivalent range i,j=0..64"
0.11765625,88.41056512719405,4.833333333333334,0.6416666666666666,0.3321577847439918,False,-0.4439701789038903,-5.42304381;-0.9293186365;-0.4439701789,0;0;0,True,"continuous lambda scan over mode-equivalent range i,j=0..64"
0.11765625,88.74801003225967,4.833333333333334,0.6416666666666666,0.3321577847439918,False,-0.44565182212276944,-5.426418374;-0.9326985519;-0.4456518221,0;0;0,True,"continuous lambda scan over mode-equivalent range i,j=0..64"
0.11765625,89.0854549373253,4.833333333333334,0.6416666666666666,0.3321577847439918,False,-0.44733350328587357,-5.429792938;-0.9360784294;-0.4473335033,0;0;0,True,"continuous lambda scan over mode-equivalent range i,j=0..64"
0.11765625,89.42289984239092,4.833333333333334,0.6416666666666666,0.3321577847439918,False,-0.449015221999775,-5.433167502;-0.9394582695;-0.449015222,0;0;0,True,"continuous lambda scan over mode-equivalent range i,j=0..64"
0.11765625,89.76034474745656,4.833333333333334,0.6416666666666666,0.3321577847439918,False,-0.4506969778764928,-5.436542066;-0.9428380724;-0.4506969779,0;0;0,True,"continuous lambda scan over mode-equivalent range i,j=0..64"
0.11765625,90.09778965252218,4.833333333333334,0.6416666666666666,0.3321577847439918,False,-0.45237877053339776,-5.43991663;-0.9462178387;-0.4523787705,0;0;0,True,"continuous lambda scan over mode-equivalent range i,j=0..64"
0.11765625,90.4352345575878,4.833333333333334,0.6416666666666666,0.3321577847439918,False,-0.45406059959312073,-5.443291193;-0.9495975686;-0.4540605996,0;0;0,True,"continuous lambda scan over mode-equivalent range i,j=0..64"
0.11765625,90.77267946265343,4.833333333333334,0.6416666666666666,0.3321577847439918,False,-0.4557424646834617,-5.446665757;-0.9529772626;-0.4557424647,0;0;0,True,"continuous lambda scan over mode-equivalent range i,j=0..64"
0.11765625,91.11012436771905,4.833333333333334,0.6416666666666666,0.3321577847439918,False,-0.4574243654373025,-5.45004032;-0.956356921;-0.4574243654,0;0;0,True,"continuous lambda scan over mode-equivalent range i,j=0..64"
0.11765625,91.44756927278468,4.833333333333334,0.6416666666666666,0.3321577847439918,False,-0.45910630149251824,-5.453414884;-0.9597365441;-0.4591063015,0;0;0,True,"continuous lambda scan over mode-equivalent range i,j=0..64"
0.11765625,91.78501417785031,4.833333333333334,0.6416666666666666,0.3321577847439918,False,-0.4607882724918943,-5.456789447;-0.9631161324;-0.4607882725,0;0;0,True,"continuous lambda scan over mode-equivalent range i,j=0..64"
0.11765625,92.12245908291594,4.833333333333334,0.6416666666666666,0.3321577847439918,False,-0.4624702780830414,-5.46016401;-0.9664956862;-0.4624702781,0;0;0,True,"continuous lambda scan over mode-equivalent range i,j=0..64"
0.11765625,92.45990398798156,4.833333333333334,0.6416666666666666,0.3321577847439918,False,-0.46415231791831607,-5.463538573;-0.9698752058;-0.4641523179,0;0;0,True,"continuous lambda scan over mode-equivalent range i,j=0..64"
0.11765625,92.79734889304719,4.833333333333334,0.6416666666666666,0.3321577847439918,False,-0.4658343916547387,-5.466913137;-0.9732546916;-0.4658343917,0;0;0,True,"continuous lambda scan over mode-equivalent range i,j=0..64"
0.11765625,93.13479379811281,4.833333333333334,0.6416666666666666,0.3321577847439918,False,-0.4675164989539172,-5.4702877;-0.9766341439;-0.467516499,0;0;0,True,"continuous lambda scan over mode-equivalent range i,j=0..64"
0.11765625,93.47223870317843,4.833333333333334,0.6416666666666666,0.3321577847439918,False,-0.46919863948196877,-5.473662263;-0.9800135631;-0.4691986395,0;0;0,True,"continuous lambda scan over mode-equivalent range i,j=0..64"
0.11765625,93.80968360824407,4.833333333333334,0.6416666666666666,0.3321577847439918,False,-0.4708808129094464,-5.477036825;-0.9833929494;-0.4708808129,0;0;0,True,"continuous lambda scan over mode-equivalent range i,j=0..64"
0.11765625,94.1471285133097,4.833333333333334,0.6416666666666666,0.3321577847439918,False,-0.4725630189112634,-5.480411388;-0.9867723032;-0.4725630189,0;0;0,True,"continuous lambda scan over mode-equivalent range i,j=0..64"
0.11765625,94.48457341837532,4.833333333333334,0.6416666666666666,0.3321577847439918,False,-0.47424525716662297,-5.483785951;-0.9901516249;-0.4742452572,0;0;0,True,"continuous lambda scan over mode-equivalent range i,j=0..64"
0.11765625,94.82201832344094,4.833333333333334,0.6416666666666666,0.3321577847439918,False,-0.47592752735894656,-5.487160514;-0.9935309147;-0.4759275274,0;0;0,True,"continuous lambda scan over mode-equivalent range i,j=0..64"
0.11765625,95.15946322850657,4.833333333333334,0.6416666666666666,0.3321577847439918,False,-0.47760982917580425,-5.490535076;-0.9969101729;-0.4776098292,0;0;0,True,"continuous lambda scan over mode-equivalent range i,j=0..64"
0.11765625,95.49690813357219,4.833333333333334,0.6416666666666666,0.3321577847439918,False,-0.4792921623088483,-5.493909639;-1.0002894;-0.4792921623,0;0;0,True,"continuous lambda scan over mode-equivalent range i,j=0..64"
0.11765625,95.83435303863781,4.833333333333334,0.6416666666666666,0.3321577847439918,False,-0.48097452645374456,-5.497284201;-1.003668596;-0.4809745265,0;0;0,True,"continuous lambda scan over mode-equivalent range i,j=0..64"
0.11765625,96.17179794370345,4.833333333333334,0.6416666666666666,0.3321577847439918,False,-0.48265692131010834,-5.500658763;-1.007047761;-0.4826569213,0;0;0,True,"continuous lambda scan over mode-equivalent range i,j=0..64"
0.11765625,96.50924284876908,4.833333333333334,0.6416666666666666,0.3321577847439918,False,-0.4843393465814406,-5.504033326;-1.010426897;-0.4843393466,0;0;0,True,"continuous lambda scan over mode-equivalent range i,j=0..64"
0.11765625,96.8466877538347,4.833333333333334,0.6416666666666666,0.3321577847439918,False,-0.4860218019750641,-5.507407888;-1.013806002;-0.486021802,0;0;0,True,"continuous lambda scan over mode-equivalent range i,j=0..64"
0.11765625,97.18413265890032,4.833333333333334,0.6416666666666666,0.3321577847439918,False,-0.48770428720206277,-5.51078245;-1.017185077;-0.4877042872,0;0;0,True,"continuous lambda scan over mode-equivalent range i,j=0..64"
0.11765625,97.52157756396595,4.833333333333334,0.6416666666666666,0.3321577847439918,False,-0.4893868019772209,-5.514157012;-1.020564123;-0.489386802,0;0;0,True,"continuous lambda scan over mode-equivalent range i,j=0..64"
0.11765625,97.85902246903157,4.833333333333334,0.6416666666666666,0.3321577847439918,False,-0.49106934601896385,-5.517531574;-1.023943139;-0.491069346,0;0;0,True,"continuous lambda scan over mode-equivalent range i,j=0..64"
0.11765625,98.19646737409721,4.833333333333334,0.6416666666666666,0.3321577847439918,False,-0.49275191904930055,-5.520906136;-1.027322127;-0.492751919,0;0;0,True,"continuous lambda scan over mode-equivalent range i,j=0..64"
0.11765625,98.53391227916283,4.833333333333334,0.6416666666666666,0.3321577847439918,False,-0.49443452079376543,-5.524280698;-1.030701086;-0.4944345208,0;0;0,True,"continuous lambda scan over mode-equivalent range i,j=0..64"
0.11765625,98.87135718422846,4.833333333333334,0.6416666666666666,0.3321577847439918,False,-0.4961171509813636,-5.527655259;-1.034080017;-0.496117151,0;0;0,True,"continuous lambda scan over mode-equivalent range i,j=0..64"
0.11765625,99.20880208929408,4.833333333333334,0.6416666666666666,0.3321577847439918,False,-0.49779980934451545,-5.531029821;-1.037458919;-0.4977998093,0;0;0,True,"continuous lambda scan over mode-equivalent range i,j=0..64"
0.11765625,99.5462469943597,4.833333333333334,0.6416666666666666,0.3321577847439918,False,-0.49948249561900315,-5.534404382;-1.040837794;-0.4994824956,0;0;0,True,"continuous lambda scan over mode-equivalent range i,j=0..64"
0.11765625,99.88369189942533,4.833333333333334,0.6416666666666666,0.3321577847439918,False,-0.5011652095439175,-5.537778944;-1.044216641;-0.5011652095,0;0;0,True,"continuous lambda scan over mode-equivalent range i,j=0..64"
0.11765625,100.22113680449097,4.833333333333334,0.6416666666666666,0.3321577847439918,False,-0.502847950861607,-5.541153505;-1.047595461;-0.5028479509,0;0;0,True,"continuous lambda scan over mode-equivalent range i,j=0..64"
0.11765625,100.55858170955659,4.833333333333334,0.6416666666666666,0.3321577847439918,False,-0.5045307193176255,-5.544528067;-1.050974254;-0.5045307193,0;0;0,True,"continuous lambda scan over mode-equivalent range i,j=0..64"
0.11765625,100.89602661462222,4.833333333333334,0.6416666666666666,0.3321577847439918,False,-0.506213514660684,-5.547902628;-1.05435302;-0.5062135147,0;0;0,True,"continuous lambda scan over mode-equivalent range i,j=0..64"
0.11765625,101.23347151968784,4.833333333333334,0.6416666666666666,0.3321577847439918,False,-0.5078963366426005,-5.551277189;-1.05773176;-0.5078963366,0;0;0,True,"continuous lambda scan over mode-equivalent range i,j=0..64"
0.11765625,101.57091642475346,4.833333333333334,0.6416666666666666,0.3321577847439918,False,-0.5095791850182528,-5.55465175;-1.061110473;-0.509579185,0;0;0,True,"continuous lambda scan over mode-equivalent range i,j=0..64"
0.11765625,101.90836132981909,4.833333333333334,0.6416666666666666,0.3321577847439918,False,-0.5112620595455314,-5.558026311;-1.06448916;-0.5112620595,0;0;0,True,"continuous lambda scan over mode-equivalent range i,j=0..64"
0.11765625,102.24580623488472,4.833333333333334,0.6416666666666666,0.3321577847439918,False,-0.5129449599852921,-5.561400872;-1.067867821;-0.51294496,0;0;0,True,"continuous lambda scan over mode-equivalent range i,j=0..64"
0.11765625,102.58325113995035,4.833333333333334,0.6416666666666666,0.3321577847439918,False,-0.514627886101312,-5.564775433;-1.071246457;-0.5146278861,0;0;0,True,"continuous lambda scan over mode-equivalent range i,j=0..64"
0.11765625,102.92069604501597,4.833333333333334,0.6416666666666666,0.3321577847439918,False,-0.5163108376602435,-5.568149994;-1.074625067;-0.5163108377,0;0;0,True,"continuous lambda scan over mode-equivalent range i,j=0..64"
0.11765625,103.2581409500816,4.833333333333334,0.6416666666666666,0.3321577847439918,False,-0.5179938144315731,-5.571524555;-1.078003652;-0.5179938144,0;0;0,True,"continuous lambda scan over mode-equivalent range i,j=0..64"
0.11765625,103.59558585514722,4.833333333333334,0.6416666666666666,0.3321577847439918,False,-0.5196768161875746,-5.574899116;-1.081382212;-0.5196768162,0;0;0,True,"continuous lambda scan over mode-equivalent range i,j=0..64"
0.11765625,103.93303076021284,4.833333333333334,0.6416666666666666,0.3321577847439918,False,-0.5213598427032706,-5.578273676;-1.084760748;-0.5213598427,0;0;0,True,"continuous lambda scan over mode-equivalent range i,j=0..64"
0.11765625,104.27047566527847,4.833333333333334,0.6416666666666666,0.3321577847439918,False,-0.5230428937563883,-5.581648237;-1.088139259;-0.5230428938,0;0;0,True,"continuous lambda scan over mode-equivalent range i,j=0..64"
0.11765625,104.6079205703441,4.833333333333334,0.6416666666666666,0.3321577847439918,False,-0.5247259691273215,-5.585022797;-1.091517745;-0.5247259691,0;0;0,True,"continuous lambda scan over mode-equivalent range i,j=0..64"
0.11765625,104.94536547540973,4.833333333333334,0.6416666666666666,0.3321577847439918,False,-0.5264090685990879,-5.588397358;-1.094896208;-0.5264090686,0;0;0,True,"continuous lambda scan over mode-equivalent range i,j=0..64"
0.11765625,105.28281038047535,4.833333333333334,0.6416666666666666,0.3321577847439918,False,-0.5280921919572918,-5.591771918;-1.098274647;-0.528092192,0;0;0,True,"continuous lambda scan over mode-equivalent range i,j=0..64"
0.11765625,105.62025528554098,4.833333333333334,0.6416666666666666,0.3321577847439918,False,-0.5297753389900854,-5.595146478;-1.101653063;-0.529775339,0;0;0,True,"continuous lambda scan over mode-equivalent range i,j=0..64"
0.11765625,105.9577001906066,4.833333333333334,0.6416666666666666,0.3321577847439918,False,-0.5314585094881297,-5.598521038;-1.105031455;-0.5314585095,0;0;0,True,"continuous lambda scan over mode-equivalent range i,j=0..64"
0.11765625,106.29514509567223,4.833333333333334,0.6416666666666666,0.3321577847439918,False,-0.5331417032445586,-5.601895598;-1.108409823;-0.5331417032,0;0;0,True,"continuous lambda scan over mode-equivalent range i,j=0..64"
0.11765625,106.63259000073786,4.833333333333334,0.6416666666666666,0.3321577847439918,False,-0.5348249200549424,-5.605270158;-1.111788169;-0.5348249201,0;0;0,True,"continuous lambda scan over mode-equivalent range i,j=0..64"
0.11765625,106.97003490580349,4.833333333333334,0.6416666666666666,0.3321577847439918,False,-0.5365081597172512,-5.608644718;-1.115166492;-0.5365081597,0;0;0,True,"continuous lambda scan over mode-equivalent range i,j=0..64"
0.11765625,107.30747981086911,4.833333333333334,0.6416666666666666,0.3321577847439918,False,-0.53819142203182,-5.612019278;-1.118544793;-0.538191422,0;0;0,True,"continuous lambda scan over mode-equivalent range i,j=0..64"
0.11765625,107.64492471593474,4.833333333333334,0.6416666666666666,0.3321577847439918,False,-0.5398747068013149,-5.615393838;-1.121923071;-0.5398747068,0;0;0,True,"continuous lambda scan over mode-equivalent range i,j=0..64"
0.11765625,107.98236962100036,4.833333333333334,0.6416666666666666,0.3321577847439918,False,-0.5415580138306972,-5.618768398;-1.125301327;-0.5415580138,0;0;0,True,"continuous lambda scan over mode-equivalent range i,j=0..64"
0.11765625,108.31981452606598,4.833333333333334,0.6416666666666666,0.3321577847439918,False,-0.5432413429271925,-5.622142957;-1.12867956;-0.5432413429,0;0;0,True,"continuous lambda scan over mode-equivalent range i,j=0..64"
0.11765625,108.65725943113162,4.833333333333334,0.6416666666666666,0.3321577847439918,False,-0.5449246939002562,-5.625517517;-1.132057773;-0.5449246939,0;0;0,True,"continuous lambda scan over mode-equivalent range i,j=0..64"
0.11765625,108.99470433619724,4.833333333333334,0.6416666666666666,0.3321577847439918,False,-0.5466080665615409,-5.628892076;-1.135435963;-0.5466080666,0;0;0,True,"continuous lambda scan over mode-equivalent range i,j=0..64"
0.11765625,109.33214924126287,4.833333333333334,0.6416666666666666,0.3321577847439918,False,-0.5482914607248666,-5.632266636;-1.138814132;-0.5482914607,0;0;0,True,"continuous lambda scan over mode-equivalent range i,j=0..64"
0.11765625,109.66959414632849,4.833333333333334,0.6416666666666666,0.3321577847439918,False,-0.5499748762061873,-5.635641195;-1.14219228;-0.5499748762,0;0;0,True,"continuous lambda scan over mode-equivalent range i,j=0..64"
0.11765625,110.00703905139412,4.833333333333334,0.6416666666666666,0.3321577847439918,False,-0.5516583128235634,-5.639015754;-1.145570407;-0.5516583128,0;0;0,True,"continuous lambda scan over mode-equivalent range i,j=0..64"
0.11765625,110.34448395645974,4.833333333333334,0.6416666666666666,0.3321577847439918,False,-0.5533417703971275,-5.642390314;-1.148948512;-0.5533417704,0;0;0,True,"continuous lambda scan over mode-equivalent range i,j=0..64"
0.11765625,110.68192886152538,4.833333333333334,0.6416666666666666,0.3321577847439918,False,-0.555025248749059,-5.645764873;-1.152326598;-0.5550252487,0;0;0,True,"continuous lambda scan over mode-equivalent range i,j=0..64"
0.11765625,111.019373766591,4.833333333333334,0.6416666666666666,0.3321577847439918,False,-0.5567087477035522,-5.649139432;-1.155704662;-0.5567087477,0;0;0,True,"continuous lambda scan over mode-equivalent range i,j=0..64"
0.11765625,111.35681867165663,4.833333333333334,0.6416666666666666,0.3321577847439918,False,-0.5583922670867889,-5.652513991;-1.159082706;-0.5583922671,0;0;0,True,"continuous lambda scan over mode-equivalent range i,j=0..64"
0.11765625,111.69426357672225,4.833333333333334,0.6416666666666666,0.3321577847439918,False,-0.5600758067269103,-5.65588855;-1.162460731;-0.5600758067,0;0;0,True,"continuous lambda scan over mode-equivalent range i,j=0..64"
0.11765625,112.03170848178787,4.833333333333334,0.6416666666666666,0.3321577847439918,False,-0.5617593664539896,-5.659263108;-1.165838735;-0.5617593665,0;0;0,True,"continuous lambda scan over mode-equivalent range i,j=0..64"
0.11765625,112.3691533868535,4.833333333333334,0.6416666666666666,0.3321577847439918,False,-0.5634429461000039,-5.662637667;-1.169216719;-0.5634429461,0;0;0,True,"continuous lambda scan over mode-equivalent range i,j=0..64"
0.11765625,112.70659829191912,4.833333333333334,0.6416666666666666,0.3321577847439918,False,-0.5651265454988084,-5.666012226;-1.172594683;-0.5651265455,0;0;0,True,"continuous lambda scan over mode-equivalent range i,j=0..64"
0.11765625,113.04404319698476,4.833333333333334,0.6416666666666666,0.3321577847439918,False,-0.5668101644861104,-5.669386785;-1.175972628;-0.5668101645,0;0;0,True,"continuous lambda scan over mode-equivalent range i,j=0..64"
0.11765625,113.38148810205038,4.833333333333334,0.6416666666666666,0.3321577847439918,False,-0.5684938028994423,-5.672761343;-1.179350554;-0.5684938029,0;0;0,True,"continuous lambda scan over mode-equivalent range i,j=0..64"
0.11765625,113.71893300711601,4.833333333333334,0.6416666666666666,0.3321577847439918,False,-0.5701774605781376,-5.676135902;-1.182728461;-0.5701774606,0;0;0,True,"continuous lambda scan over mode-equivalent range i,j=0..64"
0.11765625,114.05637791218163,4.833333333333334,0.6416666666666666,0.3321577847439918,False,-0.5718611373633051,-5.67951046;-1.186106348;-0.5718611374,0;0;0,True,"continuous lambda scan over mode-equivalent range i,j=0..64"
0.11765625,114.39382281724725,4.833333333333334,0.6416666666666666,0.3321577847439918,False,-0.5735448330978047,-5.682885018;-1.189484217;-0.5735448331,0;0;0,True,"continuous lambda scan over mode-equivalent range i,j=0..64"
0.11765625,114.73126772231288,4.833333333333334,0.6416666666666666,0.3321577847439918,False,-0.5752285476262234,-5.686259577;-1.192862066;-0.5752285476,0;0;0,True,"continuous lambda scan over mode-equivalent range i,j=0..64"
0.11765625,115.06871262737852,4.833333333333334,0.6416666666666666,0.3321577847439918,False,-0.5769122807948515,-5.689634135;-1.196239898;-0.5769122808,0;0;0,True,"continuous lambda scan over mode-equivalent range i,j=0..64"
0.11765625,115.40615753244414,4.833333333333334,0.6416666666666666,0.3321577847439918,False,-0.5785960324516587,-5.693008693;-1.19961771;-0.5785960325,0;0;0,True,"continuous lambda scan over mode-equivalent range i,j=0..64"
0.11765625,115.74360243750976,4.833333333333334,0.6416666666666666,0.3321577847439918,False,-0.580279802446272,-5.696383251;-1.202995505;-0.5802798024,0;0;0,True,"continuous lambda scan over mode-equivalent range i,j=0..64"
0.11765625,116.08104734257539,4.833333333333334,0.6416666666666666,0.3321577847439918,False,-0.581963590629953,-5.699757809;-1.206373282;-0.5819635906,0;0;0,True,"continuous lambda scan over mode-equivalent range i,j=0..64"
0.11765625,116.41849224764101,4.833333333333334,0.6416666666666666,0.3321577847439918,False,-0.5836473968555754,-5.703132367;-1.20975104;-0.5836473969,0;0;0,True,"continuous lambda scan over mode-equivalent range i,j=0..64"
0.11765625,116.75593715270664,4.833333333333334,0.6416666666666666,0.3321577847439918,False,-0.5853312209776029,-5.706506925;-1.213128781;-0.585331221,0;0;0,True,"continuous lambda scan over mode-equivalent range i,j=0..64"
0.11765625,117.09338205777227,4.833333333333334,0.6416666666666666,0.3321577847439918,False,-0.5870150628520686,-5.709881482;-1.216506504;-0.5870150629,0;0;0,True,"continuous lambda scan over mode-equivalent range i,j=0..64"
0.11765625,117.4308269628379,4.833333333333334,0.6416666666666666,0.3321577847439918,False,-0.5886989223365533,-5.71325604;-1.219884209;-0.5886989223,0;0;0,True,"continuous lambda scan over mode-equivalent range i,j=0..64"
0.11765625,117.76827186790352,4.833333333333334,0.6416666666666666,0.3321577847439918,False,-0.5903827992901646,-5.716630598;-1.223261897;-0.5903827993,0;0;0,True,"continuous lambda scan over mode-equivalent range i,j=0..64"
0.11765625,118.10571677296915,4.833333333333334,0.6416666666666666,0.3321577847439918,False,-0.5920666935735165,-5.720005155;-1.226639568;-0.5920666936,0;0;0,True,"continuous lambda scan over mode-equivalent range i,j=0..64"
0.11765625,118.44316167803477,4.833333333333334,0.6416666666666666,0.3321577847439918,False,-0.5937506050487095,-5.723379713;-1.230017222;-0.593750605,0;0;0,True,"continuous lambda scan over mode-equivalent range i,j=0..64"
0.11765625,118.7806065831004,4.833333333333334,0.6416666666666666,0.3321577847439918,False,-0.5954345335793111,-5.72675427;-1.233394858;-0.5954345336,0;0;0,True,"continuous lambda scan over mode-equivalent range i,j=0..64"
0.11765625,119.11805148816603,4.833333333333334,0.6416666666666666,0.3321577847439918,False,-0.5971184790303349,-5.730128827;-1.236772478;-0.597118479,0;0;0,True,"continuous lambda scan over mode-equivalent range i,j=0..64"
0.11765625,119.45549639323166,4.833333333333334,0.6416666666666666,0.3321577847439918,False,-0.5988024412682238,-5.733503385;-1.240150081;-0.5988024413,0;0;0,True,"continuous lambda scan over mode-equivalent range i,j=0..64"
0.11765625,119.79294129829728,4.833333333333334,0.6416666666666666,0.3321577847439918,False,-0.6004864201608285,-5.736877942;-1.243527668;-0.6004864202,0;0;0,True,"continuous lambda scan over mode-equivalent range i,j=0..64"
0.11765625,120.1303862033629,4.833333333333334,0.6416666666666666,0.3321577847439918,False,-0.6021704155773909,-5.740252499;-1.246905238;-0.6021704156,0;0;0,True,"continuous lambda scan over mode-equivalent range i,j=0..64"
0.11765625,120.46783110842853,4.833333333333334,0.6416666666666666,0.3321577847439918,False,-0.6038544273885246,-5.743627056;-1.250282792;-0.6038544274,0;0;0,True,"continuous lambda scan over mode-equivalent range i,j=0..64"
0.11765625,120.80527601349415,4.833333333333334,0.6416666666666666,0.3321577847439918,False,-0.6055384554661978,-5.747001613;-1.253660329;-0.6055384555,0;0;0,True,"continuous lambda scan over mode-equivalent range i,j=0..64"
0.11765625,121.14272091855977,4.833333333333334,0.6416666666666666,0.3321577847439918,False,-0.607222499683715,-5.75037617;-1.257037851;-0.6072224997,0;0;0,True,"continuous lambda scan over mode-equivalent range i,j=0..64"
0.11765625,121.48016582362541,4.833333333333334,0.6416666666666666,0.3321577847439918,False,-0.6089065599156998,-5.753750727;-1.260415356;-0.6089065599,0;0;0,True,"continuous lambda scan over mode-equivalent range i,j=0..64"
0.11765625,121.81761072869104,4.833333333333334,0.6416666666666666,0.3321577847439918,False,-0.6105906360380777,-5.757125283;-1.263792846;-0.610590636,0;0;0,True,"continuous lambda scan over mode-equivalent range i,j=0..64"
0.11765625,122.15505563375666,4.833333333333334,0.6416666666666666,0.3321577847439918,False,-0.6122747279280593,-5.76049984;-1.26717032;-0.6122747279,0;0;0,True,"continuous lambda scan over mode-equivalent range i,j=0..64"
0.11765625,122.49250053882228,4.833333333333334,0.6416666666666666,0.3321577847439918,False,-0.6139588354641231,-5.763874397;-1.270547779;-0.6139588355,0;0;0,True,"continuous lambda scan over mode-equivalent range i,j=0..64"
0.11765625,122.82994544388791,4.833333333333334,0.6416666666666666,0.3321577847439918,False,-0.6156429585260007,-5.767248953;-1.273925222;-0.6156429585,0;0;0,True,"continuous lambda scan over mode-equivalent range i,j=0..64"
0.11765625,123.16739034895353,4.833333333333334,0.6416666666666666,0.3321577847439918,False,-0.617327096994658,-5.77062351;-1.277302649;-0.617327097,0;0;0,True,"continuous lambda scan over mode-equivalent range i,j=0..64"
0.11765625,123.50483525401917,4.833333333333334,0.6416666666666666,0.3321577847439918,False,-0.6190112507522824,-5.773998066;-1.280680062;-0.6190112508,0;0;0,True,"continuous lambda scan over mode-equivalent range i,j=0..64"
0.11765625,123.8422801590848,4.833333333333334,0.6416666666666666,0.3321577847439918,False,-0.6206954196822645,-5.777372623;-1.284057459;-0.6206954197,0;0;0,True,"continuous lambda scan over mode-equivalent range i,j=0..64"
0.11765625,124.17972506415042,4.833333333333334,0.6416666666666666,0.3321577847439918,False,-0.6223796036691853,-5.780747179;-1.287434842;-0.6223796037,0;0;0,True,"continuous lambda scan over mode-equivalent range i,j=0..64"
0.11765625,124.51716996921604,4.833333333333334,0.6416666666666666,0.3321577847439918,False,-0.6240638025987979,-5.784121735;-1.290812209;-0.6240638026,0;0;0,True,"continuous lambda scan over mode-equivalent range i,j=0..64"
0.11765625,124.85461487428167,4.833333333333334,0.6416666666666666,0.3321577847439918,False,-0.6257480163580158,-5.787496291;-1.294189562;-0.6257480164,0;0;0,True,"continuous lambda scan over mode-equivalent range i,j=0..64"
0.11765625,125.19205977934729,4.833333333333334,0.6416666666666666,0.3321577847439918,False,-0.6274322448348961,-5.790870847;-1.2975669;-0.6274322448,0;0;0,True,"continuous lambda scan over mode-equivalent range i,j=0..64"
0.11765625,125.52950468441293,4.833333333333334,0.6416666666666666,0.3321577847439918,False,-0.6291164879186262,-5.794245403;-1.300944224;-0.6291164879,0;0;0,True,"continuous lambda scan over mode-equivalent range i,j=0..64"
0.11765625,125.86694958947855,4.833333333333334,0.6416666666666666,0.3321577847439918,False,-0.6308007454995082,-5.797619959;-1.304321533;-0.6308007455,0;0;0,True,"continuous lambda scan over mode-equivalent range i,j=0..64"
0.11765625,126.20439449454418,4.833333333333334,0.6416666666666666,0.3321577847439918,False,-0.6324850174689461,-5.800994515;-1.307698827;-0.6324850175,0;0;0,True,"continuous lambda scan over mode-equivalent range i,j=0..64"
0.11765625,126.5418393996098,4.833333333333334,0.6416666666666666,0.3321577847439918,False,-0.6341693037194325,-5.804369071;-1.311076108;-0.6341693037,0;0;0,True,"continuous lambda scan over mode-equivalent range i,j=0..64"
0.11765625,126.87928430467542,4.833333333333334,0.6416666666666666,0.3321577847439918,False,-0.635853604144532,-5.807743626;-1.314453375;-0.6358536041,0;0;0,True,"continuous lambda scan over mode-equivalent range i,j=0..64"
0.11765625,127.21672920974105,4.833333333333334,0.6416666666666666,0.3321577847439918,False,-0.6375379186388719,-5.811118182;-1.317830627;-0.6375379186,0;0;0,True,"continuous lambda scan over mode-equivalent range i,j=0..64"
0.11765625,127.55417411480668,4.833333333333334,0.6416666666666666,0.3321577847439918,False,-0.6392222470981259,-5.814492738;-1.321207866;-0.6392222471,0;0;0,True,"continuous lambda scan over mode-equivalent range i,j=0..64"
0.11765625,127.89161901987231,4.833333333333334,0.6416666666666666,0.3321577847439918,False,-0.6409065894190027,-5.817867293;-1.32458509;-0.6409065894,0;0;0,True,"continuous lambda scan over mode-equivalent range i,j=0..64"
0.11765625,128.22906392493792,4.833333333333334,0.6416666666666666,0.3321577847439918,False,-0.6425909454992317,-5.821241849;-1.327962302;-0.6425909455,0;0;0,True,"continuous lambda scan over mode-equivalent range i,j=0..64"
0.11765625,128.56650883000356,4.833333333333334,0.6416666666666666,0.3321577847439918,False,-0.6442753152375525,-5.824616404;-1.331339499;-0.6442753152,0;0;0,True,"continuous lambda scan over mode-equivalent range i,j=0..64"
0.11765625,128.9039537350692,4.833333333333334,0.6416666666666666,0.3321577847439918,False,-0.6459596985337006,-5.827990959;-1.334716683;-0.6459596985,0;0;0,True,"continuous lambda scan over mode-equivalent range i,j=0..64"
0.11765625,129.2413986401348,4.833333333333334,0.6416666666666666,0.3321577847439918,False,-0.6476440952883958,-5.831365514;-1.338093854;-0.6476440953,0;0;0,True,"continuous lambda scan over mode-equivalent range i,j=0..64"
0.11765625,129.57884354520044,4.833333333333334,0.6416666666666666,0.3321577847439918,False,-0.6493285054033302,-5.83474007;-1.341471011;-0.6493285054,0;0;0,True,"continuous lambda scan over mode-equivalent range i,j=0..64"
0.11765625,129.91628845026605,4.833333333333334,0.6416666666666666,0.3321577847439918,False,-0.6510129287811566,-5.838114625;-1.344848155;-0.6510129288,0;0;0,True,"continuous lambda scan over mode-equivalent range i,j=0..64"
0.11765625,130.2537333553317,4.833333333333334,0.6416666666666666,0.3321577847439918,False,-0.6526973653254757,-5.84148918;-1.348225286;-0.6526973653,0;0;0,True,"continuous lambda scan over mode-equivalent range i,j=0..64"
0.11765625,130.5911782603973,4.833333333333334,0.6416666666666666,0.3321577847439918,False,-0.6543818149408255,-5.844863735;-1.351602404;-0.6543818149,0;0;0,True,"continuous lambda scan over mode-equivalent range i,j=0..64"
0.11765625,130.92862316546294,4.833333333333334,0.6416666666666666,0.3321577847439918,False,-0.6560662775326708,-5.848238289;-1.35497951;-0.6560662775,0;0;0,True,"continuous lambda scan over mode-equivalent range i,j=0..64"
0.11765625,131.26606807052858,4.833333333333334,0.6416666666666666,0.3321577847439918,False,-0.6577507530073893,-5.851612844;-1.358356602;-0.657750753,0;0;0,True,"continuous lambda scan over mode-equivalent range i,j=0..64"
0.11765625,131.60351297559419,4.833333333333334,0.6416666666666666,0.3321577847439918,False,-0.6594352412722622,-5.854987399;-1.361733682;-0.6594352413,0;0;0,True,"continuous lambda scan over mode-equivalent range i,j=0..64"
0.11765625,131.94095788065982,4.833333333333334,0.6416666666666666,0.3321577847439918,False,-0.6611197422354645,-5.858361954;-1.365110749;-0.6611197422,0;0;0,True,"continuous lambda scan over mode-equivalent range i,j=0..64"
0.11765625,132.27840278572543,4.833333333333334,0.6416666666666666,0.3321577847439918,False,-0.6628042558060522,-5.861736508;-1.368487803;-0.6628042558,0;0;0,True,"continuous lambda scan over mode-equivalent range i,j=0..64"
0.11765625,132.61584769079107,4.833333333333334,0.6416666666666666,0.3321577847439918,False,-0.6644887818939521,-5.865111063;-1.371864845;-0.6644887819,0;0;0,True,"continuous lambda scan over mode-equivalent range i,j=0..64"
0.11765625,132.9532925958567,4.833333333333334,0.6416666666666666,0.3321577847439918,False,-0.6661733204099527,-5.868485617;-1.375241875;-0.6661733204,0;0;0,True,"continuous lambda scan over mode-equivalent range i,j=0..64"
0.11765625,133.29073750092232,4.833333333333334,0.6416666666666666,0.3321577847439918,False,-0.6678578712656923,-5.871860172;-1.378618892;-0.6678578713,0;0;0,True,"continuous lambda scan over mode-equivalent range i,j=0..64"
0.11765625,133.62818240598796,4.833333333333334,0.6416666666666666,0.3321577847439918,False,-0.6695424343736496,-5.875234726;-1.381995897;-0.6695424344,0;0;0,True,"continuous lambda scan over mode-equivalent range i,j=0..64"
0.11765625,133.96562731105357,4.833333333333334,0.6416666666666666,0.3321577847439918,False,-0.6712270096471341,-5.87860928;-1.38537289;-0.6712270096,0;0;0,True,"continuous lambda scan over mode-equivalent range i,j=0..64"
0.11765625,134.3030722161192,4.833333333333334,0.6416666666666666,0.3321577847439918,False,-0.6729115970002754,-5.881983834;-1.388749871;-0.672911597,0;0;0,True,"continuous lambda scan over mode-equivalent range i,j=0..64"
0.11765625,134.6405171211848,4.833333333333334,0.6416666666666666,0.3321577847439918,False,-0.6745961963480143,-5.885358389;-1.392126841;-0.6745961963,0;0;0,True,"continuous lambda scan over mode-equivalent range i,j=0..64"
0.11765625,134.97796202625045,4.833333333333334,0.6416666666666666,0.3321577847439918,False,-0.6762808076060924,-5.888732943;-1.395503798;-0.6762808076,0;0;0,True,"continuous lambda scan over mode-equivalent range i,j=0..64"
0.11765625,135.3154069313161,4.833333333333334,0.6416666666666666,0.3321577847439918,False,-0.6779654306910441,-5.892107497;-1.398880743;-0.6779654307,0;0;0,True,"continuous lambda scan over mode-equivalent range i,j=0..64"
0.11765625,135.6528518363817,4.833333333333334,0.6416666666666666,0.3321577847439918,False,-0.6796500655201844,-5.895482051;-1.402257677;-0.6796500655,0;0;0,True,"continuous lambda scan over mode-equivalent range i,j=0..64"
0.11765625,135.99029674144734,4.833333333333334,0.6416666666666666,0.3321577847439918,False,-0.681334712011604,-5.898856604;-1.4056346;-0.681334712,0;0;0,True,"continuous lambda scan over mode-equivalent range i,j=0..64"
0.11765625,136.32774164651295,4.833333333333334,0.6416666666666666,0.3321577847439918,False,-0.6830193700841564,-5.902231158;-1.40901151;-0.6830193701,0;0;0,True,"continuous lambda scan over mode-equivalent range i,j=0..64"
0.11765625,136.66518655157859,4.833333333333334,0.6416666666666666,0.3321577847439918,False,-0.684704039657451,-5.905605712;-1.41238841;-0.6847040397,0;0;0,True,"continuous lambda scan over mode-equivalent range i,j=0..64"
0.11765625,137.00263145664422,4.833333333333334,0.6416666666666666,0.3321577847439918,False,-0.6863887206518434,-5.908980266;-1.415765298;-0.6863887207,0;0;0,True,"continuous lambda scan over mode-equivalent range i,j=0..64"
0.11765625,137.34007636170983,4.833333333333334,0.6416666666666666,0.3321577847439918,False,-0.688073412988428,-5.912354819;-1.419142174;-0.688073413,0;0;0,True,"continuous lambda scan over mode-equivalent range i,j=0..64"
0.11765625,137.67752126677547,4.833333333333334,0.6416666666666666,0.3321577847439918,False,-0.6897581165890279,-5.915729373;-1.42251904;-0.6897581166,0;0;0,True,"continuous lambda scan over mode-equivalent range i,j=0..64"
0.11765625,138.01496617184108,4.833333333333334,0.6416666666666666,0.3321577847439918,False,-0.6914428313761871,-5.919103926;-1.425895894;-0.6914428314,0;0;0,True,"continuous lambda scan over mode-equivalent range i,j=0..64"
0.11765625,138.35241107690672,4.833333333333334,0.6416666666666666,0.3321577847439918,False,-0.6931275572731631,-5.92247848;-1.429272738;-0.6931275573,0;0;0,True,"continuous lambda scan over mode-equivalent range i,j=0..64"
0.11765625,138.68985598197233,4.833333333333334,0.6416666666666666,0.3321577847439918,False,-0.694812294203917,-5.925853033;-1.43264957;-0.6948122942,0;0;0,True,"continuous lambda scan over mode-equivalent range i,j=0..64"
0.11765625,139.02730088703797,4.833333333333334,0.6416666666666666,0.3321577847439918,False,-0.6964970420931069,-5.929227586;-1.436026391;-0.6964970421,0;0;0,True,"continuous lambda scan over mode-equivalent range i,j=0..64"
0.11765625,139.3647457921036,4.833333333333334,0.6416666666666666,0.3321577847439918,False,-0.6981818008660787,-5.932602139;-1.439403202;-0.6981818009,0;0;0,True,"continuous lambda scan over mode-equivalent range i,j=0..64"
0.11765625,139.70219069716921,4.833333333333334,0.6416666666666666,0.3321577847439918,False,-0.6998665704488599,-5.935976692;-1.442780002;-0.6998665704,0;0;0,True,"continuous lambda scan over mode-equivalent range i,j=0..64"
0.11765625,140.03963560223485,4.833333333333334,0.6416666666666666,0.3321577847439918,False,-0.7015513507681495,-5.939351245;-1.446156791;-0.7015513508,0;0;0,True,"continuous lambda scan over mode-equivalent range i,j=0..64"
0.11765625,140.37708050730046,4.833333333333334,0.6416666666666666,0.3321577847439918,False,-0.7032361417513129,-5.942725798;-1.44953357;-0.7032361418,0;0;0,True,"continuous lambda scan over mode-equivalent range i,j=0..64"
0.11765625,140.7145254123661,4.833333333333334,0.6416666666666666,0.3321577847439918,False,-0.7049209433263721,-5.946100351;-1.452910338;-0.7049209433,0;0;0,True,"continuous lambda scan over mode-equivalent range i,j=0..64"
0.11765625,141.0519703174317,4.833333333333334,0.6416666666666666,0.3321577847439918,False,-0.706605755422,-5.949474904;-1.456287096;-0.7066057554,0;0;0,True,"continuous lambda scan over mode-equivalent range i,j=0..64"
0.11765625,141.38941522249735,4.833333333333334,0.6416666666666666,0.3321577847439918,False,-0.7082905779675122,-5.952849457;-1.459663843;-0.708290578,0;0;0,True,"continuous lambda scan over mode-equivalent range i,j=0..64"
0.11765625,141.726860127563,4.833333333333334,0.6416666666666666,0.3321577847439918,False,-0.7099754108928596,-5.95622401;-1.46304058;-0.7099754109,0;0;0,True,"continuous lambda scan over mode-equivalent range i,j=0..64"
0.11765625,142.0643050326286,4.833333333333334,0.6416666666666666,0.3321577847439918,False,-0.7116602541286219,-5.959598562;-1.466417307;-0.7116602541,0;0;0,True,"continuous lambda scan over mode-equivalent range i,j=0..64"
0.11765625,142.40174993769423,4.833333333333334,0.6416666666666666,0.3321577847439918,False,-0.7133451076059999,-5.962973115;-1.469794023;-0.7133451076,0;0;0,True,"continuous lambda scan over mode-equivalent range i,j=0..64"
0.11765625,142.73919484275984,4.833333333333334,0.6416666666666666,0.3321577847439918,False,-0.7150299712568093,-5.966347667;-1.47317073;-0.7150299713,0;0;0,True,"continuous lambda scan over mode-equivalent range i,j=0..64"
0.11765625,143.07663974782548,4.833333333333334,0.6416666666666666,0.3321577847439918,False,-0.7167148450134732,-5.96972222;-1.476547426;-0.716714845,0;0;0,True,"continuous lambda scan over mode-equivalent range i,j=0..64"
0.11765625,143.41408465289112,4.833333333333334,0.6416666666666666,0.3321577847439918,False,-0.7183997288090153,-5.973096772;-1.479924113;-0.7183997288,0;0;0,True,"continuous lambda scan over mode-equivalent range i,j=0..64"
0.11765625,143.75152955795673,4.833333333333334,0.6416666666666666,0.3321577847439918,False,-0.7200846225770533,-5.976471324;-1.483300789;-0.7200846226,0;0;0,True,"continuous lambda scan over mode-equivalent range i,j=0..64"
0.11765625,144.08897446302237,4.833333333333334,0.6416666666666666,0.3321577847439918,False,-0.7217695262517937,-5.979845877;-1.486677456;-0.7217695263,0;0;0,True,"continuous lambda scan over mode-equivalent range i,j=0..64"
0.11765625,144.42641936808798,4.833333333333334,0.6416666666666666,0.3321577847439918,False,-0.7234544397680226,-5.983220429;-1.490054113;-0.7234544398,0;0;0,True,"continuous lambda scan over mode-equivalent range i,j=0..64"
0.11765625,144.76386427315362,4.833333333333334,0.6416666666666666,0.3321577847439918,False,-0.7251393630611014,-5.986594981;-1.49343076;-0.7251393631,0;0;0,True,"continuous lambda scan over mode-equivalent range i,j=0..64"
0.11765625,145.10130917821922,4.833333333333334,0.6416666666666666,0.3321577847439918,False,-0.7268242960669598,-5.989969533;-1.496807398;-0.7268242961,0;0;0,True,"continuous lambda scan over mode-equivalent range i,j=0..64"
0.11765625,145.43875408328486,4.833333333333334,0.6416666666666666,0.3321577847439918,False,-0.7285092387220902,-5.993344085;-1.500184026;-0.7285092387,0;0;0,True,"continuous lambda scan over mode-equivalent range i,j=0..64"
0.11765625,145.7761989883505,4.833333333333334,0.6416666666666666,0.3321577847439918,False,-0.7301941909635398,-5.996718637;-1.503560644;-0.730194191,0;0;0,True,"continuous lambda scan over mode-equivalent range i,j=0..64"
0.11765625,146.1136438934161,4.833333333333334,0.6416666666666666,0.3321577847439918,False,-0.7318791527289058,-6.000093189;-1.506937253;-0.7318791527,0;0;0,True,"continuous lambda scan over mode-equivalent range i,j=0..64"
0.11765625,146.45108879848175,4.833333333333334,0.6416666666666666,0.3321577847439918,False,-0.7335641239563304,-6.003467741;-1.510313853;-0.733564124,0;0;0,True,"continuous lambda scan over mode-equivalent range i,j=0..64"
0.11765625,146.78853370354736,4.833333333333334,0.6416666666666666,0.3321577847439918,False,-0.7352491045844922,-6.006842292;-1.513690443;-0.7352491046,0;0;0,True,"continuous lambda scan over mode-equivalent range i,j=0..64"
0.11765625,147.125978608613,4.833333333333334,0.6416666666666666,0.3321577847439918,False,-0.7369340945526033,-6.010216844;-1.517067024;-0.7369340946,0;0;0,True,"continuous lambda scan over mode-equivalent range i,j=0..64"
0.11765625,147.4634235136786,4.833333333333334,0.6416666666666666,0.3321577847439918,False,-0.7386190938004009,-6.013591396;-1.520443596;-0.7386190938,0;0;0,True,"continuous lambda scan over mode-equivalent range i,j=0..64"
0.11765625,147.80086841874424,4.833333333333334,0.6416666666666666,0.3321577847439918,False,-0.7403041022681436,-6.016965947;-1.523820159;-0.7403041023,0;0;0,True,"continuous lambda scan over mode-equivalent range i,j=0..64"
0.11765625,148.13831332380988,4.833333333333334,0.6416666666666666,0.3321577847439918,False,-0.7419891198966047,-6.020340499;-1.527196712;-0.7419891199,0;0;0,True,"continuous lambda scan over mode-equivalent range i,j=0..64"
0.11765625,148.4757582288755,4.833333333333334,0.6416666666666666,0.3321577847439918,False,-0.7436741466270662,-6.02371505;-1.530573257;-0.7436741466,0;0;0,True,"continuous lambda scan over mode-equivalent range i,j=0..64"
0.11765625,148.81320313394113,4.833333333333334,0.6416666666666666,0.3321577847439918,False,-0.7453591824013159,-6.027089601;-1.533949792;-0.7453591824,0;0;0,True,"continuous lambda scan over mode-equivalent range i,j=0..64"
0.11765625,149.15064803900674,4.833333333333334,0.6416666666666666,0.3321577847439918,False,-0.7470442271616387,-6.030464153;-1.537326319;-0.7470442272,0;0;0,True,"continuous lambda scan over mode-equivalent range i,j=0..64"
0.11765625,149.48809294407238,4.833333333333334,0.6416666666666666,0.3321577847439918,False,-0.7487292808508127,-6.033838704;-1.540702837;-0.7487292809,0;0;0,True,"continuous lambda scan over mode-equivalent range i,j=0..64"
0.11765625,149.82553784913802,4.833333333333334,0.6416666666666666,0.3321577847439918,False,-0.7504143434121046,-6.037213255;-1.544079345;-0.7504143434,0;0;0,True,"continuous lambda scan over mode-equivalent range i,j=0..64"
0.11765625,150.16298275420363,4.833333333333334,0.6416666666666666,0.3321577847439918,False,-0.7520994147892637,-6.040587806;-1.547455846;-0.7520994148,0;0;0,True,"continuous lambda scan over mode-equivalent range i,j=0..64"
0.11765625,150.50042765926926,4.833333333333334,0.6416666666666666,0.3321577847439918,False,-0.7537844949265166,-6.043962357;-1.550832337;-0.7537844949,0;0;0,True,"continuous lambda scan over mode-equivalent range i,j=0..64"
0.11765625,150.83787256433487,4.833333333333334,0.6416666666666666,0.3321577847439918,False,-0.7554695837685627,-6.047336908;-1.55420882;-0.7554695838,0;0;0,True,"continuous lambda scan over mode-equivalent range i,j=0..64"
0.11765625,151.1753174694005,4.833333333333334,0.6416666666666666,0.3321577847439918,False,-0.7571546812605687,-6.050711459;-1.557585294;-0.7571546813,0;0;0,True,"continuous lambda scan over mode-equivalent range i,j=0..64"
0.11765625,151.51276237446612,4.833333333333334,0.6416666666666666,0.3321577847439918,False,-0.7588397873481646,-6.05408601;-1.56096176;-0.7588397873,0;0;0,True,"continuous lambda scan over mode-equivalent range i,j=0..64"
0.11765625,151.85020727953176,4.833333333333334,0.6416666666666666,0.3321577847439918,False,-0.7605249019774373,-6.05746056;-1.564338217;-0.760524902,0;0;0,True,"continuous lambda scan over mode-equivalent range i,j=0..64"
0.11765625,152.1876521845974,4.833333333333334,0.6416666666666666,0.3321577847439918,False,-0.7622100250949269,-6.060835111;-1.567714666;-0.7622100251,0;0;0,True,"continuous lambda scan over mode-equivalent range i,j=0..64"
0.11765625,152.525097089663,4.833333333333334,0.6416666666666666,0.3321577847439918,False,-0.7638951566476218,-6.064209662;-1.571091107;-0.7638951566,0;0;0,True,"continuous lambda scan over mode-equivalent range i,j=0..64"
0.11765625,152.86254199472864,4.833333333333334,0.6416666666666666,0.3321577847439918,False,-0.765580296582953,-6.067584212;-1.574467539;-0.7655802966,0;0;0,True,"continuous lambda scan over mode-equivalent range i,j=0..64"
0.11765625,153.19998689979425,4.833333333333334,0.6416666666666666,0.3321577847439918,False,-0.7672654448487927,-6.070958763;-1.577843963;-0.7672654448,0;0;0,True,"continuous lambda scan over mode-equivalent range i,j=0..64"
0.11765625,153.5374318048599,4.833333333333334,0.6416666666666666,0.3321577847439918,False,-0.7689506013934445,-6.074333313;-1.581220378;-0.7689506014,0;0;0,True,"continuous lambda scan over mode-equivalent range i,j=0..64"
0.11765625,153.87487670992553,4.833333333333334,0.6416666666666666,0.3321577847439918,False,-0.770635766165643,-6.077707863;-1.584596786;-0.7706357662,0;0;0,True,"continuous lambda scan over mode-equivalent range i,j=0..64"
0.11765625,154.21232161499114,4.833333333333334,0.6416666666666666,0.3321577847439918,False,-0.7723209391145481,-6.081082414;-1.587973185;-0.7723209391,0;0;0,True,"continuous lambda scan over mode-equivalent range i,j=0..64"
0.11765625,154.54976652005678,4.833333333333334,0.6416666666666666,0.3321577847439918,False,-0.7740061201897406,-6.084456964;-1.591349576;-0.7740061202,0;0;0,True,"continuous lambda scan over mode-equivalent range i,j=0..64"
0.11765625,154.8872114251224,4.833333333333334,0.6416666666666666,0.3321577847439918,False,-0.7756913093412175,-6.087831514;-1.59472596;-0.7756913093,0;0;0,True,"continuous lambda scan over mode-equivalent range i,j=0..64"
0.11765625,155.22465633018803,4.833333333333334,0.6416666666666666,0.3321577847439918,False,-0.7773765065193883,-6.091206064;-1.598102335;-0.7773765065,0;0;0,True,"continuous lambda scan over mode-equivalent range i,j=0..64"
0.11765625,155.56210123525364,4.833333333333334,0.6416666666666666,0.3321577847439918,False,-0.7790617116750701,-6.094580614;-1.601478703;-0.7790617117,0;0;0,True,"continuous lambda scan over mode-equivalent range i,j=0..64"
0.11765625,155.89954614031927,4.833333333333334,0.6416666666666666,0.3321577847439918,False,-0.7807469247594839,-6.097955164;-1.604855062;-0.7807469248,0;0;0,True,"continuous lambda scan over mode-equivalent range i,j=0..64"
0.11765625,156.2369910453849,4.833333333333334,0.6416666666666666,0.3321577847439918,False,-0.7824321457242505,-6.101329714;-1.608231414;-0.7824321457,0;0;0,True,"continuous lambda scan over mode-equivalent range i,j=0..64"
0.11765625,156.57443595045052,4.833333333333334,0.6416666666666666,0.3321577847439918,False,-0.784117374521386,-6.104704264;-1.611607758;-0.7841173745,0;0;0,True,"continuous lambda scan over mode-equivalent range i,j=0..64"
0.11765625,156.91188085551616,4.833333333333334,0.6416666666666666,0.3321577847439918,False,-0.7858026111032981,-6.108078814;-1.614984094;-0.7858026111,0;0;0,True,"continuous lambda scan over mode-equivalent range i,j=0..64"
0.11765625,157.24932576058177,4.833333333333334,0.6416666666666666,0.3321577847439918,False,-0.7874878554227814,-6.111453363;-1.618360423;-0.7874878554,0;0;0,True,"continuous lambda scan over mode-equivalent range i,j=0..64"
0.11765625,157.5867706656474,4.833333333333334,0.6416666666666666,0.3321577847439918,False,-0.7891731074330152,-6.114827913;-1.621736744;-0.7891731074,0;0;0,True,"continuous lambda scan over mode-equivalent range i,j=0..64"
0.11765625,157.92421557071302,4.833333333333334,0.6416666666666666,0.3321577847439918,False,-0.7908583670875573,-6.118202463;-1.625113057;-0.7908583671,0;0;0,True,"continuous lambda scan over mode-equivalent range i,j=0..64"
0.11765625,158.26166047577865,4.833333333333334,0.6416666666666666,0.3321577847439918,False,-0.7925436343403424,-6.121577012;-1.628489363;-0.7925436343,0;0;0,True,"continuous lambda scan over mode-equivalent range i,j=0..64"
0.11765625,158.5991053808443,4.833333333333334,0.6416666666666666,0.3321577847439918,False,-0.7942289091456758,-6.124951562;-1.631865661;-0.7942289091,0;0;0,True,"continuous lambda scan over mode-equivalent range i,j=0..64"
0.11765625,158.9365502859099,4.833333333333334,0.6416666666666666,0.3321577847439918,False,-0.7959141914582325,-6.128326111;-1.635241952;-0.7959141915,0;0;0,True,"continuous lambda scan over mode-equivalent range i,j=0..64"
0.11765625,159.27399519097554,4.833333333333334,0.6416666666666666,0.3321577847439918,False,-0.7975994812330509,-6.13170066;-1.638618236;-0.7975994812,0;0;0,True,"continuous lambda scan over mode-equivalent range i,j=0..64"
0.11765625,159.61144009604115,4.833333333333334,0.6416666666666666,0.3321577847439918,False,-0.7992847784255311,-6.13507521;-1.641994512;-0.7992847784,0;0;0,True,"continuous lambda scan over mode-equivalent range i,j=0..64"
0.11765625,159.9488850011068,4.833333333333334,0.6416666666666666,0.3321577847439918,False,-0.8009700829914298,-6.138449759;-1.645370781;-0.800970083,0;0;0,True,"continuous lambda scan over mode-equivalent range i,j=0..64"
0.11765625,160.28632990617243,4.833333333333334,0.6416666666666666,0.3321577847439918,False,-0.8026553948868578,-6.141824308;-1.648747042;-0.8026553949,0;0;0,True,"continuous lambda scan over mode-equivalent range i,j=0..64"
0.11765625,160.62377481123804,4.833333333333334,0.6416666666666666,0.3321577847439918,False,-0.8043407140682756,-6.145198857;-1.652123297;-0.8043407141,0;0;0,True,"continuous lambda scan over mode-equivalent range i,j=0..64"
0.11765625,160.96121971630367,4.833333333333334,0.6416666666666666,0.3321577847439918,False,-0.806026040492491,-6.148573406;-1.655499544;-0.8060260405,0;0;0,True,"continuous lambda scan over mode-equivalent range i,j=0..64"
0.11765625,161.29866462136928,4.833333333333334,0.6416666666666666,0.3321577847439918,False,-0.8077113741166542,-6.151947955;-1.658875784;-0.8077113741,0;0;0,True,"continuous lambda scan over mode-equivalent range i,j=0..64"
0.11765625,161.63610952643492,4.833333333333334,0.6416666666666666,0.3321577847439918,False,-0.8093967148982559,-6.155322504;-1.662252017;-0.8093967149,0;0;0,True,"continuous lambda scan over mode-equivalent range i,j=0..64"
0.11765625,161.97355443150053,4.833333333333334,0.6416666666666666,0.3321577847439918,False,-0.8110820627951231,-6.158697053;-1.665628243;-0.8110820628,0;0;0,True,"continuous lambda scan over mode-equivalent range i,j=0..64"
0.11765625,162.31099933656617,4.833333333333334,0.6416666666666666,0.3321577847439918,False,-0.8127674177654148,-6.162071601;-1.669004462;-0.8127674178,0;0;0,True,"continuous lambda scan over mode-equivalent range i,j=0..64"
0.11765625,162.6484442416318,4.833333333333334,0.6416666666666666,0.3321577847439918,False,-0.8144527797676223,-6.16544615;-1.672380674;-0.8144527798,0;0;0,True,"continuous lambda scan over mode-equivalent range i,j=0..64"
0.11765625,162.98588914669742,4.833333333333334,0.6416666666666666,0.3321577847439918,False,-0.8161381487605601,-6.168820699;-1.675756879;-0.8161381488,0;0;0,True,"continuous lambda scan over mode-equivalent range i,j=0..64"
0.11765625,163.32333405176306,4.833333333333334,0.6416666666666666,0.3321577847439918,False,-0.8178235247033688,-6.172195247;-1.679133077;-0.8178235247,0;0;0,True,"continuous lambda scan over mode-equivalent range i,j=0..64"
0.11765625,163.66077895682866,4.833333333333334,0.6416666666666666,0.3321577847439918,False,-0.819508907555508,-6.175569796;-1.682509268;-0.8195089076,0;0;0,True,"continuous lambda scan over mode-equivalent range i,j=0..64"
0.11765625,163.9982238618943,4.833333333333334,0.6416666666666666,0.3321577847439918,False,-0.8211942972767543,-6.178944344;-1.685885453;-0.8211942973,0;0;0,True,"continuous lambda scan over mode-equivalent range i,j=0..64"
0.11765625,164.3356687669599,4.833333333333334,0.6416666666666666,0.3321577847439918,False,-0.8228796938271984,-6.182318893;-1.68926163;-0.8228796938,0;0;0,True,"continuous lambda scan over mode-equivalent range i,j=0..64"
0.11765625,164.67311367202555,4.833333333333334,0.6416666666666666,0.3321577847439918,False,-0.824565097167242,-6.185693441;-1.692637801;-0.8245650972,0;0;0,True,"continuous lambda scan over mode-equivalent range i,j=0..64"
0.11765625,165.0105585770912,4.833333333333334,0.6416666666666666,0.3321577847439918,False,-0.826250507257595,-6.189067989;-1.696013965;-0.8262505073,0;0;0,True,"continuous lambda scan over mode-equivalent range i,j=0..64"
0.11765625,165.3480034821568,4.833333333333334,0.6416666666666666,0.3321577847439918,False,-0.8279359240592705,-6.192442537;-1.699390123;-0.8279359241,0;0;0,True,"continuous lambda scan over mode-equivalent range i,j=0..64"
0.11765625,165.68544838722244,4.833333333333334,0.6416666666666666,0.3321577847439918,False,-0.8296213475335857,-6.195817086;-1.702766274;-0.8296213475,0;0;0,True,"continuous lambda scan over mode-equivalent range i,j=0..64"
0.11765625,166.02289329228805,4.833333333333334,0.6416666666666666,0.3321577847439918,False,-0.8313067776421551,-6.199191634;-1.706142419;-0.8313067776,0;0;0,True,"continuous lambda scan over mode-equivalent range i,j=0..64"
0.11765625,166.36033819735368,4.833333333333334,0.6416666666666666,0.3321577847439918,False,-0.8329922143468904,-6.202566182;-1.709518556;-0.8329922143,0;0;0,True,"continuous lambda scan over mode-equivalent range i,j=0..64"
0.11765625,166.69778310241932,4.833333333333334,0.6416666666666666,0.3321577847439918,False,-0.8346776576099958,-6.20594073;-1.712894688;-0.8346776576,0;0;0,True,"continuous lambda scan over mode-equivalent range i,j=0..64"
0.11765625,167.03522800748493,4.833333333333334,0.6416666666666666,0.3321577847439918,False,-0.836363107393966,-6.209315277;-1.716270813;-0.8363631074,0;0;0,True,"continuous lambda scan over mode-equivalent range i,j=0..64"
0.11765625,167.37267291255057,4.833333333333334,0.6416666666666666,0.3321577847439918,False,-0.8380485636615835,-6.212689825;-1.719646931;-0.8380485637,0;0;0,True,"continuous lambda scan over mode-equivalent range i,j=0..64"
0.11765625,167.71011781761618,4.833333333333334,0.6416666666666666,0.3321577847439918,False,-0.8397340263759158,-6.216064373;-1.723023044;-0.8397340264,0;0;0,True,"continuous lambda scan over mode-equivalent range i,j=0..64"
0.11765625,168.04756272268182,4.833333333333334,0.6416666666666666,0.3321577847439918,False,-0.8414194955003121,-6.219438921;-1.726399149;-0.8414194955,0;0;0,True,"continuous lambda scan over mode-equivalent range i,j=0..64"
0.11765625,168.38500762774743,4.833333333333334,0.6416666666666666,0.3321577847439918,False,-0.8431049709984014,-6.222813468;-1.729775249;-0.843104971,0;0;0,True,"continuous lambda scan over mode-equivalent range i,j=0..64"
0.11765625,168.72245253281307,4.833333333333334,0.6416666666666666,0.3321577847439918,False,-0.8447904528340893,-6.226188016;-1.733151342;-0.8447904528,0;0;0,True,"continuous lambda scan over mode-equivalent range i,j=0..64"
0.11765625,169.0598974378787,4.833333333333334,0.6416666666666666,0.3321577847439918,False,-0.8464759409715558,-6.229562563;-1.736527429;-0.846475941,0;0;0,True,"continuous lambda scan over mode-equivalent range i,j=0..64"
0.11765625,169.3973423429443,4.833333333333334,0.6416666666666666,0.3321577847439918,False,-0.8481614353752517,-6.232937111;-1.73990351;-0.8481614354,0;0;0,True,"continuous lambda scan over mode-equivalent range i,j=0..64"
0.11765625,169.73478724800995,4.833333333333334,0.6416666666666666,0.3321577847439918,False,-0.8498469360098977,-6.236311658;-1.743279584;-0.849846936,0;0;0,True,"continuous lambda scan over mode-equivalent range i,j=0..64"
0.11765625,170.07223215307556,4.833333333333334,0.6416666666666666,0.3321577847439918,False,-0.8515324428404801,-6.239686206;-1.746655653;-0.8515324428,0;0;0,True,"continuous lambda scan over mode-equivalent range i,j=0..64"
0.11765625,170.4096770581412,4.833333333333334,0.6416666666666666,0.3321577847439918,False,-0.8532179558322502,-6.243060753;-1.750031715;-0.8532179558,0;0;0,True,"continuous lambda scan over mode-equivalent range i,j=0..64"
0.11765625,170.74712196320684,4.833333333333334,0.6416666666666666,0.3321577847439918,False,-0.8549034749507193,-6.2464353;-1.753407772;-0.854903475,0;0;0,True,"continuous lambda scan over mode-equivalent range i,j=0..64"
0.11765625,171.08456686827245,4.833333333333334,0.6416666666666666,0.3321577847439918,False,-0.8565890001616585,-6.249809847;-1.756783822;-0.8565890002,0;0;0,True,"continuous lambda scan over mode-equivalent range i,j=0..64"
0.11765625,171.42201177333808,4.833333333333334,0.6416666666666666,0.3321577847439918,False,-0.8582745314310959,-6.253184394;-1.760159866;-0.8582745314,0;0;0,True,"continuous lambda scan over mode-equivalent range i,j=0..64"
0.11765625,171.7594566784037,4.833333333333334,0.6416666666666666,0.3321577847439918,False,-0.859960068725312,-6.256558941;-1.763535904;-0.8599600687,0;0;0,True,"continuous lambda scan over mode-equivalent range i,j=0..64"
0.11765625,172.09690158346933,4.833333333333334,0.6416666666666666,0.3321577847439918,False,-0.8616456120108413,-6.259933488;-1.766911937;-0.861645612,0;0;0,True,"continuous lambda scan over mode-equivalent range i,j=0..64"
0.11765625,172.43434648853494,4.833333333333334,0.6416666666666666,0.3321577847439918,False,-0.8633311612544659,-6.263308035;-1.770287963;-0.8633311613,0;0;0,True,"continuous lambda scan over mode-equivalent range i,j=0..64"
0.11765625,172.77179139360058,4.833333333333334,0.6416666666666666,0.3321577847439918,False,-0.8650167164232158,-6.266682582;-1.773663984;-0.8650167164,0;0;0,True,"continuous lambda scan over mode-equivalent range i,j=0..64"
0.11765625,173.10923629866622,4.833333333333334,0.6416666666666666,0.3321577847439918,False,-0.8667022774843656,-6.270057129;-1.777039999;-0.8667022775,0;0;0,True,"continuous lambda scan over mode-equivalent range i,j=0..64"
0.11765625,173.44668120373183,4.833333333333334,0.6416666666666666,0.3321577847439918,False,-0.8683878444054322,-6.273431676;-1.780416008;-0.8683878444,0;0;0,True,"continuous lambda scan over mode-equivalent range i,j=0..64"
0.11765625,173.78412610879747,4.833333333333334,0.6416666666666666,0.3321577847439918,False,-0.8700734171541734,-6.276806222;-1.783792011;-0.8700734172,0;0;0,True,"continuous lambda scan over mode-equivalent range i,j=0..64"
0.11765625,174.12157101386308,4.833333333333334,0.6416666666666666,0.3321577847439918,False,-0.8717589956985842,-6.280180769;-1.787168008;-0.8717589957,0;0;0,True,"continuous lambda scan over mode-equivalent range i,j=0..64"
0.11765625,174.4590159189287,4.833333333333334,0.6416666666666666,0.3321577847439918,False,-0.873444580006896,-6.283555315;-1.790544;-0.87344458,0;0;0,True,"continuous lambda scan over mode-equivalent range i,j=0..64"
0.11765625,174.79646082399432,4.833333333333334,0.6416666666666666,0.3321577847439918,False,-0.8751301700475739,-6.286929862;-1.793919986;-0.87513017,0;0;0,True,"continuous lambda scan over mode-equivalent range i,j=0..64"
0.11765625,175.13390572905996,4.833333333333334,0.6416666666666666,0.3321577847439918,False,-0.8768157657893138,-6.290304408;-1.797295967;-0.8768157658,0;0;0,True,"continuous lambda scan over mode-equivalent range i,j=0..64"
0.11765625,175.4713506341256,4.833333333333334,0.6416666666666666,0.3321577847439918,False,-0.8785013672010418,-6.293678955;-1.800671942;-0.8785013672,0;0;0,True,"continuous lambda scan over mode-equivalent range i,j=0..64"
0.11765625,175.8087955391912,4.833333333333334,0.6416666666666666,0.3321577847439918,False,-0.8801869742519108,-6.297053501;-1.804047911;-0.8801869743,0;0;0,True,"continuous lambda scan over mode-equivalent range i,j=0..64"
0.11765625,176.14624044425685,4.833333333333334,0.6416666666666666,0.3321577847439918,False,-0.8818725869112995,-6.300428047;-1.807423875;-0.8818725869,0;0;0,True,"continuous lambda scan over mode-equivalent range i,j=0..64"
0.11765625,176.48368534932246,4.833333333333334,0.6416666666666666,0.3321577847439918,False,-0.8835582051488091,-6.303802593;-1.810799833;-0.8835582051,0;0;0,True,"continuous lambda scan over mode-equivalent range i,j=0..64"
0.11765625,176.8211302543881,4.833333333333334,0.6416666666666666,0.3321577847439918,False,-0.8852438289342619,-6.307177139;-1.814175786;-0.8852438289,0;0;0,True,"continuous lambda scan over mode-equivalent range i,j=0..64"
0.11765625,177.15857515945373,4.833333333333334,0.6416666666666666,0.3321577847439918,False,-0.8869294582377002,-6.310551685;-1.817551733;-0.8869294582,0;0;0,True,"continuous lambda scan over mode-equivalent range i,j=0..64"
0.11765625,177.49602006451934,4.833333333333334,0.6416666666666666,0.3321577847439918,False,-0.888615093029382,-6.313926231;-1.820927675;-0.888615093,0;0;0,True,"continuous lambda scan over mode-equivalent range i,j=0..64"
0.11765625,177.83346496958498,4.833333333333334,0.6416666666666666,0.3321577847439918,False,-0.890300733279782,-6.317300777;-1.824303611;-0.8903007333,0;0;0,True,"continuous lambda scan over mode-equivalent range i,j=0..64"
0.11765625,178.1709098746506,4.833333333333334,0.6416666666666666,0.3321577847439918,False,-0.8919863789595864,-6.320675323;-1.827679542;-0.891986379,0;0;0,True,"continuous lambda scan over mode-equivalent range i,j=0..64"
0.11765625,178.50835477971623,4.833333333333334,0.6416666666666666,0.3321577847439918,False,-0.8936720300396948,-6.324049869;-1.831055468;-0.89367203,0;0;0,True,"continuous lambda scan over mode-equivalent range i,j=0..64"
0.11765625,178.84579968478184,4.833333333333334,0.6416666666666666,0.3321577847439918,False,-0.8953576864912139,-6.327424415;-1.834431388;-0.8953576865,0;0;0,True,"continuous lambda scan over mode-equivalent range i,j=0..64"
0.11765625,179.18324458984748,4.833333333333334,0.6416666666666666,0.3321577847439918,False,-0.8970433482854601,-6.33079896;-1.837807304;-0.8970433483,0;0;0,True,"continuous lambda scan over mode-equivalent range i,j=0..64"
0.11765625,179.5206894949131,4.833333333333334,0.6416666666666666,0.3321577847439918,False,-0.8987290153939532,-6.334173506;-1.841183213;-0.8987290154,0;0;0,True,"continuous lambda scan over mode-equivalent range i,j=0..64"
0.11765625,179.85813439997872,4.833333333333334,0.6416666666666666,0.3321577847439918,False,-0.9004146877884186,-6.337548052;-1.844559118;-0.9004146878,0;0;0,True,"continuous lambda scan over mode-equivalent range i,j=0..64"
0.11765625,180.19557930504436,4.833333333333334,0.6416666666666666,0.3321577847439918,False,-0.9021003654407829,-6.340922597;-1.847935018;-0.9021003654,0;0;0,True,"continuous lambda scan over mode-equivalent range i,j=0..64"
0.11765625,180.53302421010997,4.833333333333334,0.6416666666666666,0.3321577847439918,False,-0.9037860483231722,-6.344297143;-1.851310912;-0.9037860483,0;0;0,True,"continuous lambda scan over mode-equivalent range i,j=0..64"
0.11765625,180.8704691151756,4.833333333333334,0.6416666666666666,0.3321577847439918,False,-0.9054717364079129,-6.347671688;-1.854686801;-0.9054717364,0;0;0,True,"continuous lambda scan over mode-equivalent range i,j=0..64"
0.11765625,181.20791402024125,4.833333333333334,0.6416666666666666,0.3321577847439918,False,-0.907157429667526,-6.351046233;-1.858062685;-0.9071574297,0;0;0,True,"continuous lambda scan over mode-equivalent range i,j=0..64"
0.11765625,181.54535892530686,4.833333333333334,0.6416666666666666,0.3321577847439918,False,-0.9088431280747281,-6.354420779;-1.861438564;-0.9088431281,0;0;0,True,"continuous lambda scan over mode-equivalent range i,j=0..64"
0.11765625,181.8828038303725,4.833333333333334,0.6416666666666666,0.3321577847439918,False,-0.9105288316024296,-6.357795324;-1.864814438;-0.9105288316,0;0;0,True,"continuous lambda scan over mode-equivalent range i,j=0..64"
0.11765625,182.2202487354381,4.833333333333334,0.6416666666666666,0.3321577847439918,False,-0.9122145402237312,-6.361169869;-1.868190307;-0.9122145402,0;0;0,True,"continuous lambda scan over mode-equivalent range i,j=0..64"
0.11765625,182.55769364050374,4.833333333333334,0.6416666666666666,0.3321577847439918,False,-0.9139002539119239,-6.364544414;-1.871566171;-0.9139002539,0;0;0,True,"continuous lambda scan over mode-equivalent range i,j=0..64"
0.11765625,182.89513854556935,4.833333333333334,0.6416666666666666,0.3321577847439918,False,-0.9155859726404868,-6.367918959;-1.874942029;-0.9155859726,0;0;0,True,"continuous lambda scan over mode-equivalent range i,j=0..64"
0.11765625,183.232583450635,4.833333333333334,0.6416666666666666,0.3321577847439918,False,-0.9172716963830856,-6.371293504;-1.878317883;-0.9172716964,0;0;0,True,"continuous lambda scan over mode-equivalent range i,j=0..64"
0.11765625,183.57002835570063,4.833333333333334,0.6416666666666666,0.3321577847439918,False,-0.9189574251135699,-6.374668049;-1.881693732;-0.9189574251,0;0;0,True,"continuous lambda scan over mode-equivalent range i,j=0..64"
0.11765625,183.90747326076624,4.833333333333334,0.6416666666666666,0.3321577847439918,False,-0.9206431588059735,-6.378042594;-1.885069576;-0.9206431588,0;0;0,True,"continuous lambda scan over mode-equivalent range i,j=0..64"
0.11765625,184.24491816583188,4.833333333333334,0.6416666666666666,0.3321577847439918,False,-0.9223288974345109,-6.381417139;-1.888445416;-0.9223288974,0;0;0,True,"continuous lambda scan over mode-equivalent range i,j=0..64"
0.11765625,184.5823630708975,4.833333333333334,0.6416666666666666,0.3321577847439918,False,-0.924014640973577,-6.384791683;-1.89182125;-0.924014641,0;0;0,True,"continuous lambda scan over mode-equivalent range i,j=0..64"
0.11765625,184.91980797596312,4.833333333333334,0.6416666666666666,0.3321577847439918,False,-0.9257003893977451,-6.388166228;-1.895197079;-0.9257003894,0;0;0,True,"continuous lambda scan over mode-equivalent range i,j=0..64"
0.11765625,185.25725288102873,4.833333333333334,0.6416666666666666,0.3321577847439918,False,-0.9273861426817651,-6.391540773;-1.898572904;-0.9273861427,0;0;0,True,"continuous lambda scan over mode-equivalent range i,j=0..64"
0.11765625,185.59469778609437,4.833333333333334,0.6416666666666666,0.3321577847439918,False,-0.9290719008005623,-6.394915317;-1.901948724;-0.9290719008,0;0;0,True,"continuous lambda scan over mode-equivalent range i,j=0..64"
0.11765625,185.93214269116,4.833333333333334,0.6416666666666666,0.3321577847439918,False,-0.9307576637292361,-6.398289862;-1.905324539;-0.9307576637,0;0;0,True,"continuous lambda scan over mode-equivalent range i,j=0..64"
0.11765625,186.26958759622562,4.833333333333334,0.6416666666666666,0.3321577847439918,False,-0.9324434314430573,-6.401664406;-1.90870035;-0.9324434314,0;0;0,True,"continuous lambda scan over mode-equivalent range i,j=0..64"
0.11765625,186.60703250129126,4.833333333333334,0.6416666666666666,0.3321577847439918,False,-0.9341292039174681,-6.40503895;-1.912076156;-0.9341292039,0;0;0,True,"continuous lambda scan over mode-equivalent range i,j=0..64"
0.11765625,186.94447740635687,4.833333333333334,0.6416666666666666,0.3321577847439918,False,-0.9358149811280801,-6.408413495;-1.915451957;-0.9358149811,0;0;0,True,"continuous lambda scan over mode-equivalent range i,j=0..64"
0.11765625,187.2819223114225,4.833333333333334,0.6416666666666666,0.3321577847439918,False,-0.9375007630506723,-6.411788039;-1.918827753;-0.9375007631,0;0;0,True,"continuous lambda scan over mode-equivalent range i,j=0..64"
0.11765625,187.61936721648814,4.833333333333334,0.6416666666666666,0.3321577847439918,False,-0.9391865496611905,-6.415162583;-1.922203545;-0.9391865497,0;0;0,True,"continuous lambda scan over mode-equivalent range i,j=0..64"
0.11765625,187.95681212155375,4.833333333333334,0.6416666666666666,0.3321577847439918,False,-0.9408723409357452,-6.418537127;-1.925579332;-0.9408723409,0;0;0,True,"continuous lambda scan over mode-equivalent range i,j=0..64"
0.11765625,188.2942570266194,4.833333333333334,0.6416666666666666,0.3321577847439918,False,-0.9425581368506106,-6.421911672;-1.928955115;-0.9425581369,0;0;0,True,"continuous lambda scan over mode-equivalent range i,j=0..64"
0.11765625,188.631701931685,4.833333333333334,0.6416666666666666,0.3321577847439918,False,-0.9442439373822229,-6.425286216;-1.932330893;-0.9442439374,0;0;0,True,"continuous lambda scan over mode-equivalent range i,j=0..64"
0.11765625,188.96914683675064,4.833333333333334,0.6416666666666666,0.3321577847439918,False,-0.9459297425071788,-6.42866076;-1.935706666;-0.9459297425,0;0;0,True,"continuous lambda scan over mode-equivalent range i,j=0..64"
0.11765625,189.30659174181625,4.833333333333334,0.6416666666666666,0.3321577847439918,False,-0.9476155522022354,-6.432035303;-1.939082435;-0.9476155522,0;0;0,True,"continuous lambda scan over mode-equivalent range i,j=0..64"
0.11765625,189.6440366468819,4.833333333333334,0.6416666666666666,0.3321577847439918,False,-0.9493013664443065,-6.435409847;-1.9424582;-0.9493013664,0;0;0,True,"continuous lambda scan over mode-equivalent range i,j=0..64"
0.11765625,189.98148155194752,4.833333333333334,0.6416666666666666,0.3321577847439918,False,-0.9509871852104635,-6.438784391;-1.94583396;-0.9509871852,0;0;0,True,"continuous lambda scan over mode-equivalent range i,j=0..64"
0.11765625,190.31892645701313,4.833333333333334,0.6416666666666666,0.3321577847439918,False,-0.952673008477933,-6.442158935;-1.949209716;-0.9526730085,0;0;0,True,"continuous lambda scan over mode-equivalent range i,j=0..64"
0.11765625,190.65637136207877,4.833333333333334,0.6416666666666666,0.3321577847439918,False,-0.9543588362240952,-6.445533478;-1.952585467;-0.9543588362,0;0;0,True,"continuous lambda scan over mode-equivalent range i,j=0..64"
0.11765625,190.99381626714438,4.833333333333334,0.6416666666666666,0.3321577847439918,False,-0.9560446684264837,-6.448908022;-1.955961214;-0.9560446684,0;0;0,True,"continuous lambda scan over mode-equivalent range i,j=0..64"
0.11765625,191.33126117221002,4.833333333333334,0.6416666666666666,0.3321577847439918,False,-0.957730505062783,-6.452282566;-1.959336956;-0.9577305051,0;0;0,True,"continuous lambda scan over mode-equivalent range i,j=0..64"
0.11765625,191.66870607727563,4.833333333333334,0.6416666666666666,0.3321577847439918,False,-0.9594163461108282,-6.455657109;-1.962712694;-0.9594163461,0;0;0,True,"continuous lambda scan over mode-equivalent range i,j=0..64"
0.11765625,192.00615098234127,4.833333333333334,0.6416666666666666,0.3321577847439918,False,-0.9611021915486025,-6.459031653;-1.966088428;-0.9611021915,0;0;0,True,"continuous lambda scan over mode-equivalent range i,j=0..64"
0.11765625,192.3435958874069,4.833333333333334,0.6416666666666666,0.3321577847439918,False,-0.9627880413542379,-6.462406196;-1.969464157;-0.9627880414,0;0;0,True,"continuous lambda scan over mode-equivalent range i,j=0..64"
0.11765625,192.68104079247252,4.833333333333334,0.6416666666666666,0.3321577847439918,False,-0.9644738955060125,-6.465780739;-1.972839882;-0.9644738955,0;0;0,True,"continuous lambda scan over mode-equivalent range i,j=0..64"
0.11765625,193.01848569753815,4.833333333333334,0.6416666666666666,0.3321577847439918,False,-0.9661597539823487,-6.469155283;-1.976215603;-0.966159754,0;0;0,True,"continuous lambda scan over mode-equivalent range i,j=0..64"
0.11765625,193.35593060260376,4.833333333333334,0.6416666666666666,0.3321577847439918,False,-0.9678456167618136,-6.472529826;-1.97959132;-0.9678456168,0;0;0,True,"continuous lambda scan over mode-equivalent range i,j=0..64"
0.11765625,193.6933755076694,4.833333333333334,0.6416666666666666,0.3321577847439918,False,-0.9695314838231172,-6.475904369;-1.982967032;-0.9695314838,0;0;0,True,"continuous lambda scan over mode-equivalent range i,j=0..64"
0.11765625,194.03082041273504,4.833333333333334,0.6416666666666666,0.3321577847439918,False,-0.971217355145111,-6.479278912;-1.986342741;-0.9712173551,0;0;0,True,"continuous lambda scan over mode-equivalent range i,j=0..64"
0.11765625,194.36826531780065,4.833333333333334,0.6416666666666666,0.3321577847439918,False,-0.9729032307067863,-6.482653455;-1.989718445;-0.9729032307,0;0;0,True,"continuous lambda scan over mode-equivalent range i,j=0..64"
0.11765625,194.7057102228663,4.833333333333334,0.6416666666666666,0.3321577847439918,False,-0.9745891104872744,-6.486027998;-1.993094144;-0.9745891105,0;0;0,True,"continuous lambda scan over mode-equivalent range i,j=0..64"
0.11765625,195.0431551279319,4.833333333333334,0.6416666666666666,0.3321577847439918,False,-0.9762749944658444,-6.489402541;-1.99646984;-0.9762749945,0;0;0,True,"continuous lambda scan over mode-equivalent range i,j=0..64"
0.11765625,195.38060003299753,4.833333333333334,0.6416666666666666,0.3321577847439918,False,-0.9779608826219024,-6.492777084;-1.999845532;-0.9779608826,0;0;0,True,"continuous lambda scan over mode-equivalent range i,j=0..64"
0.11765625,195.71804493806314,4.833333333333334,0.6416666666666666,0.3321577847439918,False,-0.9796467749349901,-6.496151627;-2.003221219;-0.9796467749,0;0;0,True,"continuous lambda scan over mode-equivalent range i,j=0..64"
0.11765625,196.05548984312878,4.833333333333334,0.6416666666666666,0.3321577847439918,False,-0.9813326713847842,-6.499526169;-2.006596903;-0.9813326714,0;0;0,True,"continuous lambda scan over mode-equivalent range i,j=0..64"
0.11765625,196.39293474819442,4.833333333333334,0.6416666666666666,0.3321577847439918,False,-0.9830185719510949,-6.502900712;-2.009972582;-0.983018572,0;0;0,True,"continuous lambda scan over mode-equivalent range i,j=0..64"
0.11765625,196.73037965326003,4.833333333333334,0.6416666666666666,0.3321577847439918,False,-0.9847044766138644,-6.506275255;-2.013348257;-0.9847044766,0;0;0,True,"continuous lambda scan over mode-equivalent range i,j=0..64"
0.11765625,197.06782455832567,4.833333333333334,0.6416666666666666,0.3321577847439918,False,-0.9863903853531671,-6.509649797;-2.016723929;-0.9863903854,0;0;0,True,"continuous lambda scan over mode-equivalent range i,j=0..64"
0.11765625,197.40526946339128,4.833333333333334,0.6416666666666666,0.3321577847439918,False,-0.9880762981492069,-6.51302434;-2.020099596;-0.9880762981,0;0;0,True,"continuous lambda scan over mode-equivalent range i,j=0..64"
0.11765625,197.74271436845692,4.833333333333334,0.6416666666666666,0.3321577847439918,False,-0.9897622149823182,-6.516398882;-2.023475259;-0.989762215,0;0;0,True,"continuous lambda scan over mode-equivalent range i,j=0..64"
0.11765625,198.08015927352255,4.833333333333334,0.6416666666666666,0.3321577847439918,False,-0.9914481358329619,-6.519773425;-2.026850919;-0.9914481358,0;0;0,True,"continuous lambda scan over mode-equivalent range i,j=0..64"
0.11765625,198.41760417858816,4.833333333333334,0.6416666666666666,0.3321577847439918,False,-0.9931340606817273,-6.523147967;-2.030226574;-0.9931340607,0;0;0,True,"continuous lambda scan over mode-equivalent range i,j=0..64"
0.11765625,198.7550490836538,4.833333333333334,0.6416666666666666,0.3321577847439918,False,-0.9948199895093293,-6.526522509;-2.033602226;-0.9948199895,0;0;0,True,"continuous lambda scan over mode-equivalent range i,j=0..64"
0.11765625,199.0924939887194,4.833333333333334,0.6416666666666666,0.3321577847439918,False,-0.996505922296608,-6.529897052;-2.036977873;-0.9965059223,0;0;0,True,"continuous lambda scan over mode-equivalent range i,j=0..64"
0.11765625,199.42993889378505,4.833333333333334,0.6416666666666666,0.3321577847439918,False,-0.9981918590245281,-6.533271594;-2.040353517;-0.998191859,0;0;0,True,"continuous lambda scan over mode-equivalent range i,j=0..64"
0.11765625,199.76738379885066,4.833333333333334,0.6416666666666666,0.3321577847439918,False,-0.9998777996741761,-6.536646136;-2.043729157;-0.9998777997,0;0;0,True,"continuous lambda scan over mode-equivalent range i,j=0..64"
0.11765625,200.1048287039163,4.833333333333334,0.6416666666666666,0.3321577847439918,False,-1.0015637442267622,-6.540020678;-2.047104793;-1.001563744,0;0;0,True,"continuous lambda scan over mode-equivalent range i,j=0..64"
0.11765625,200.44227360898194,4.833333333333334,0.6416666666666666,0.3321577847439918,False,-1.0032496926636154,-6.54339522;-2.050480425;-1.003249693,0;0;0,True,"continuous lambda scan over mode-equivalent range i,j=0..64"
0.11765625,200.77971851404754,4.833333333333334,0.6416666666666666,0.3321577847439918,False,-1.0049356449661877,-6.546769762;-2.053856053;-1.004935645,0;0;0,True,"continuous lambda scan over mode-equivalent range i,j=0..64"
0.11765625,201.11716341911318,4.833333333333334,0.6416666666666666,0.3321577847439918,False,-1.0066216011160485,-6.550144304;-2.057231678;-1.006621601,0;0;0,True,"continuous lambda scan over mode-equivalent range i,j=0..64"
0.11765625,201.4546083241788,4.833333333333334,0.6416666666666666,0.3321577847439918,False,-1.0083075610948853,-6.553518846;-2.060607299;-1.008307561,0;0;0,True,"continuous lambda scan over mode-equivalent range i,j=0..64"
0.11765625,201.79205322924443,4.833333333333334,0.6416666666666666,0.3321577847439918,False,-1.0099935248845038,-6.556893388;-2.063982916;-1.009993525,0;0;0,True,"continuous lambda scan over mode-equivalent range i,j=0..64"
0.11765625,202.12949813431004,4.833333333333334,0.6416666666666666,0.3321577847439918,False,-1.011679492466824,-6.560267929;-2.067358529;-1.011679492,0;0;0,True,"continuous lambda scan over mode-equivalent range i,j=0..64"
0.1584375,0.0,4.833333333333334,0.6416666666666666,0.21415079173699889,True,-0.015893894916853914,-4.775868339;-0.01589389492;-0.01589389492,0;0.01771702939;-0.01771702939,True,"continuous lambda scan over mode-equivalent range i,j=0..64"
0.1584375,0.33744490506562613,4.833333333333334,0.6416666666666666,0.21415079173699889,False,-0.01842468334130465,-4.779242885;-0.01842468334;-0.01842468334,0;0.0169359198;-0.0169359198,True,"continuous lambda scan over mode-equivalent range i,j=0..64"
0.1584375,0.6748898101312523,4.833333333333334,0.6416666666666666,0.21415079173699889,False,-0.020955471799906273,-4.78261743;-0.0209554718;-0.0209554718,0;0.01607277522;-0.01607277522,True,"continuous lambda scan over mode-equivalent range i,j=0..64"
0.1584375,1.0123347151968785,4.833333333333334,0.6416666666666666,0.21415079173699889,False,-0.02348626029262245,-4.785991976;-0.02348626029;-0.02348626029,0;0.01511354696;-0.01511354696,True,"continuous lambda scan over mode-equivalent range i,j=0..64"
0.1584375,1.3497796202625045,4.833333333333334,0.6416666666666666,0.21415079173699889,False,-0.026017048819417136,-4.789366521;-0.02601704882;-0.02601704882,0;0.01403855318;-0.01403855318,True,"continuous lambda scan over mode-equivalent range i,j=0..64"
0.1584375,1.6872245253281306,4.833333333333334,0.6416666666666666,0.21415079173699889,False,-0.028547837380254314,-4.792741067;-0.02854783738;-0.02854783738,0;0.01281870213;-0.01281870213,True,"continuous lambda scan over mode-equivalent range i,j=0..64"
0.1584375,2.024669430393757,4.833333333333334,0.6416666666666666,0.21415079173699889,False,-0.031078625975097987,-4.796115612;-0.03107862598;-0.03107862598,0;0.01140761801;-0.01140761801,True,"continuous lambda scan over mode-equivalent range i,j=0..64"
0.1584375,2.362114335459383,4.833333333333334,0.6416666666666666,0.21415079173699889,False,-0.03360941460391213,-4.799490158;-0.0336094146;-0.0336094146,0;0.009722389026;-0.009722389026,True,"continuous lambda scan over mode-equivalent range i,j=0..64"
0.1584375,2.699559240525009,4.833333333333334,0.6416666666666666,0.21415079173699889,False,-0.036140203266661,-4.802864703;-0.03614020327;-0.03614020327,0;0.007582375872;-0.007582375872,True,"continuous lambda scan over mode-equivalent range i,j=0..64"
0.1584375,3.037004145590635,4.833333333333334,0.6416666666666666,0.21415079173699889,False,-0.038670991963308476,-4.806239248;-0.03867099196;-0.03867099196,0;0.004363080933;-0.004363080933,True,"continuous lambda scan over mode-equivalent range i,j=0..64"
0.1584375,3.374449050656261,4.833333333333334,0.6416666666666666,0.21415079173699889,False,-0.03663636753063856,-4.809613793;-0.04576719386;-0.03663636753,0;0;0,True,"continuous lambda scan over mode-equivalent range i,j=0..64"
0.1584375,3.7118939557218873,4.833333333333334,0.6416666666666666,0.21415079173699889,False,-0.03584929642538768,-4.812988339;-0.05161584249;-0.03584929643,0;0;0,True,"continuous lambda scan over mode-equivalent range i,j=0..64"
0.1584375,4.049338860787514,4.833333333333334,0.6416666666666666,0.21415079173699889,False,-0.03602263007527006,-4.816362884;-0.05650408644;-0.03602263008,0;0;0,True,"continuous lambda scan over mode-equivalent range i,j=0..64"
0.1584375,4.3867837658531394,4.833333333333334,0.6416666666666666,0.21415079173699889,False,-0.03658666753315226,-4.819737429;-0.06100162664;-0.03658666753,0;0;0,True,"continuous lambda scan over mode-equivalent range i,j=0..64"
0.1584375,4.724228670918766,4.833333333333334,0.6416666666666666,0.21415079173699889,False,-0.03737516449448297,-4.823111973;-0.06527470741;-0.03737516449,0;0;0,True,"continuous lambda scan over mode-equivalent range i,j=0..64"
0.1584375,5.061673575984392,4.833333333333334,0.6416666666666666,0.21415079173699889,False,-0.03831245577768417,-4.826486518;-0.06939899393;-0.03831245578,0;0;0,True,"continuous lambda scan over mode-equivalent range i,j=0..64"
0.1584375,5.399118481050018,4.833333333333334,0.6416666666666666,0.21415079173699889,False,-0.039356721471728404,-4.829861063;-0.0734163061;-0.03935672147,0;0;0,True,"continuous lambda scan over mode-equivalent range i,j=0..64"
0.1584375,5.736563386115645,4.833333333333334,0.6416666666666666,0.21415079173699889,False,-0.04048206579310067,-4.833235608;-0.07735253971;-0.04048206579,0;0;0,True,"continuous lambda scan over mode-equivalent range i,j=0..64"
0.1584375,6.07400829118127,4.833333333333334,0.6416666666666666,0.21415079173699889,False,-0.041671195640467944,-4.836610152;-0.08122498786;-0.04167119564,0;0;0,True,"continuous lambda scan over mode-equivalent range i,j=0..64"
0.1584375,6.411453196246897,4.833333333333334,0.6416666666666666,0.21415079173699889,False,-0.042911920864570643,-4.839984697;-0.08504584071;-0.04291192086,0;0;0,True,"continuous lambda scan over mode-equivalent range i,j=0..64"
0.1584375,6.748898101312522,4.833333333333334,0.6416666666666666,0.21415079173699889,False,-0.04419529101114093,-4.843359241;-0.0888240487;-0.04419529101,0;0;0,True,"continuous lambda scan over mode-equivalent range i,j=0..64"
0.1584375,7.086343006378149,4.833333333333334,0.6416666666666666,0.21415079173699889,False,-0.04551452160849323,-4.846733786;-0.0925663963;-0.04551452161,0;0;0,True,"continuous lambda scan over mode-equivalent range i,j=0..64"
0.1584375,7.423787911443775,4.833333333333334,0.6416666666666666,0.21415079173699889,False,-0.046864336610029166,-4.85010833;-0.09627815957;-0.04686433661,0;0;0,True,"continuous lambda scan over mode-equivalent range i,j=0..64"
0.1584375,7.761232816509401,4.833333333333334,0.6416666666666666,0.21415079173699889,False,-0.04824054574123216,-4.853482874;-0.09996352877;-0.04824054574,0;0;0,True,"continuous lambda scan over mode-equivalent range i,j=0..64"
0.1584375,8.098677721575028,4.833333333333334,0.6416666666666666,0.21415079173699889,False,-0.04963976191192651,-4.856857419;-0.103625891;-0.04963976191,0;0;0,True,"continuous lambda scan over mode-equivalent range i,j=0..64"
0.1584375,8.436122626640653,4.833333333333334,0.6416666666666666,0.21415079173699889,False,-0.051059205981637455,-4.860231963;-0.1072680254;-0.05105920598,0;0;0,True,"continuous lambda scan over mode-equivalent range i,j=0..64"
0.1584375,8.773567531706279,4.833333333333334,0.6416666666666666,0.21415079173699889,False,-0.0524965680872009,-4.863606507;-0.1108922418;-0.05249656809,0;0;0,True,"continuous lambda scan over mode-equivalent range i,j=0..64"
0.1584375,9.111012436771906,4.833333333333334,0.6416666666666666,0.21415079173699889,False,-0.05394990678066752,-4.866981051;-0.1145004817;-0.05394990678,0;0;0,True,"continuous lambda scan over mode-equivalent range i,j=0..64"
0.1584375,9.448457341837532,4.833333333333334,0.6416666666666666,0.21415079173699889,False,-0.05541757414427413,-4.870355595;-0.118094393;-0.05541757414,0;0;0,True,"continuous lambda scan over mode-equivalent range i,j=0..64"
0.1584375,9.785902246903158,4.833333333333334,0.6416666666666666,0.21415079173699889,False,-0.056898159182776416,-4.873730139;-0.1216753867;-0.05689815918,0;0;0,True,"continuous lambda scan over mode-equivalent range i,j=0..64"
0.1584375,10.123347151968783,4.833333333333334,0.6416666666666666,0.21415079173699889,False,-0.058390444347312366,-4.877104683;-0.1252446804;-0.05839044435,0;0;0,True,"continuous lambda scan over mode-equivalent range i,j=0..64"
0.1584375,10.46079205703441,4.833333333333334,0.6416666666666666,0.21415079173699889,False,-0.05989337166988188,-4.880479226;-0.1288033319;-0.05989337167,0;0;0,True,"continuous lambda scan over mode-equivalent range i,j=0..64"
0.1584375,10.798236962100036,4.833333333333334,0.6416666666666666,0.21415079173699889,False,-0.061406016048523394,-4.88385377;-0.1323522665;-0.06140601605,0;0;0,True,"continuous lambda scan over mode-equivalent range i,j=0..64"
0.1584375,11.135681867165662,4.833333333333334,0.6416666666666666,0.21415079173699889,False,-0.06292756393219284,-4.887228314;-0.1358922976;-0.06292756393,0;0;0,True,"continuous lambda scan over mode-equivalent range i,j=0..64"
0.1584375,11.47312677223129,4.833333333333334,0.6416666666666666,0.21415079173699889,False,-0.06445729613789856,-4.890602857;-0.1394241444;-0.06445729614,0;0;0,True,"continuous lambda scan over mode-equivalent range i,j=0..64"
0.1584375,11.810571677296915,4.833333333333334,0.6416666666666666,0.21415079173699889,False,-0.06599457386865254,-4.893977401;-0.1429484458;-0.06599457387,0;0;0,True,"continuous lambda scan over mode-equivalent range i,j=0..64"
0.1584375,12.14801658236254,4.833333333333334,0.6416666666666666,0.21415079173699889,False,-0.06753882723823879,-4.897351944;-0.1464657717;-0.06753882724,0;0;0,True,"continuous lambda scan over mode-equivalent range i,j=0..64"
0.1584375,12.485461487428166,4.833333333333334,0.6416666666666666,0.21415079173699889,False,-0.06908954577917631,-4.900726488;-0.1499766324;-0.06908954578,0;0;0,True,"continuous lambda scan over mode-equivalent range i,j=0..64"
0.1584375,12.822906392493794,4.833333333333334,0.6416666666666666,0.21415079173699889,False,-0.07064627053423085,-4.904101031;-0.153481487;-0.07064627053,0;0;0,True,"continuous lambda scan over mode-equivalent range i,j=0..64"
0.1584375,13.16035129755942,4.833333333333334,0.6416666666666666,0.21415079173699889,False,-0.07220858742320531,-4.907475574;-0.1569807495;-0.07220858742,0;0;0,True,"continuous lambda scan over mode-equivalent range i,j=0..64"
0.1584375,13.497796202625045,4.833333333333334,0.6416666666666666,0.21415079173699889,False,-0.07377612164488978,-4.910850117;-0.1604747947;-0.07377612164,0;0;0,True,"continuous lambda scan over mode-equivalent range i,j=0..64"
0.1584375,13.835241107690672,4.833333333333334,0.6416666666666666,0.21415079173699889,False,-0.07534853292543611,-4.91422466;-0.163963963;-0.07534853293,0;0;0,True,"continuous lambda scan over mode-equivalent range i,j=0..64"
0.1584375,14.172686012756298,4.833333333333334,0.6416666666666666,0.21415079173699889,False,-0.07692551146356158,-4.917599203;-0.167448564;-0.07692551146,0;0;0,True,"continuous lambda scan over mode-equivalent range i,j=0..64"
0.1584375,14.510130917821924,4.833333333333334,0.6416666666666666,0.21415079173699889,False,-0.07850677445307622,-4.920973746;-0.1709288807;-0.07850677445,0;0;0,True,"continuous lambda scan over mode-equivalent range i,j=0..64"
0.1584375,14.84757582288755,4.833333333333334,0.6416666666666666,0.21415079173699889,False,-0.08009206308656996,-4.924348289;-0.1744051718;-0.08009206309,0;0;0,True,"continuous lambda scan over mode-equivalent range i,j=0..64"
0.1584375,15.185020727953177,4.833333333333334,0.6416666666666666,0.21415079173699889,False,-0.08168113996234702,-4.927722832;-0.1778776747;-0.08168113996,0;0;0,True,"continuous lambda scan over mode-equivalent range i,j=0..64"
0.1584375,15.522465633018802,4.833333333333334,0.6416666666666666,0.21415079173699889,False,-0.08327378683107713,-4.931097375;-0.1813466077;-0.08327378683,0;0;0,True,"continuous lambda scan over mode-equivalent range i,j=0..64"
0.1584375,15.859910538084428,4.833333333333334,0.6416666666666666,0.21415079173699889,False,-0.08486980263004981,-4.934471918;-0.1848121718;-0.08486980263,0;0;0,True,"continuous lambda scan over mode-equivalent range i,j=0..64"
0.1584375,16.197355443150055,4.833333333333334,0.6416666666666666,0.21415079173699889,False,-0.08646900176203977,-4.93784646;-0.1882745526;-0.08646900176,0;0;0,True,"continuous lambda scan over mode-equivalent range i,j=0..64"
0.1584375,16.53480034821568,4.833333333333334,0.6416666666666666,0.21415079173699889,False,-0.0880712125831258,-4.941221003;-0.1917339219;-0.08807121258,0;0;0,True,"continuous lambda scan over mode-equivalent range i,j=0..64"
0.1584375,16.872245253281307,4.833333333333334,0.6416666666666666,0.21415079173699889,False,-0.08967627606974256,-4.944595545;-0.1951904385;-0.08967627607,0;0;0,True,"continuous lambda scan over mode-equivalent range i,j=0..64"
0.1584375,17.209690158346934,4.833333333333334,0.6416666666666666,0.21415079173699889,False,-0.09128404464007185,-4.947970088;-0.1986442501;-0.09128404464,0;0;0,True,"continuous lambda scan over mode-equivalent range i,j=0..64"
0.1584375,17.547135063412558,4.833333333333334,0.6416666666666666,0.21415079173699889,False,-0.09289438110883078,-4.95134463;-0.2020954939;-0.09289438111,0;0;0,True,"continuous lambda scan over mode-equivalent range i,j=0..64"
0.1584375,17.884579968478185,4.833333333333334,0.6416666666666666,0.21415079173699889,False,-0.09450715775776128,-4.954719173;-0.2055442975;-0.09450715776,0;0;0,True,"continuous lambda scan over mode-equivalent range i,j=0..64"
0.1584375,18.222024873543813,4.833333333333334,0.6416666666666666,0.21415079173699889,False,-0.09612225550680878,-4.958093715;-0.2089907801;-0.09612225551,0;0;0,True,"continuous lambda scan over mode-equivalent range i,j=0..64"
0.1584375,18.559469778609436,4.833333333333334,0.6416666666666666,0.21415079173699889,False,-0.0977395631732056,-4.961468257;-0.2124350529;-0.09773956317,0;0;0,True,"continuous lambda scan over mode-equivalent range i,j=0..64"
0.1584375,18.896914683675064,4.833333333333334,0.6416666666666666,0.21415079173699889,False,-0.09935897680752974,-4.964842799;-0.2158772198;-0.09935897681,0;0;0,True,"continuous lambda scan over mode-equivalent range i,j=0..64"
0.1584375,19.23435958874069,4.833333333333334,0.6416666666666666,0.21415079173699889,False,-0.10098039909736402,-4.968217341;-0.2193173781;-0.1009803991,0;0;0,True,"continuous lambda scan over mode-equivalent range i,j=0..64"
0.1584375,19.571804493806315,4.833333333333334,0.6416666666666666,0.21415079173699889,False,-0.10260373883048789,-4.971591883;-0.222755619;-0.1026037388,0;0;0,True,"continuous lambda scan over mode-equivalent range i,j=0..64"
0.1584375,19.909249398871943,4.833333333333334,0.6416666666666666,0.21415079173699889,False,-0.10422891041063401,-4.974966425;-0.2261920281;-0.1042289104,0;0;0,True,"continuous lambda scan over mode-equivalent range i,j=0..64"
0.1584375,20.246694303937566,4.833333333333334,0.6416666666666666,0.21415079173699889,False,-0.10585583341977618,-4.978340967;-0.2296266858;-0.1058558334,0;0;0,True,"continuous lambda scan over mode-equivalent range i,j=0..64"
0.1584375,20.584139209003194,4.833333333333334,0.6416666666666666,0.21415079173699889,False,-0.10748443222170699,-4.981715509;-0.2330596678;-0.1074844322,0;0;0,True,"continuous lambda scan over mode-equivalent range i,j=0..64"
0.1584375,20.92158411406882,4.833333333333334,0.6416666666666666,0.21415079173699889,False,-0.10911463560233939,-4.985090051;-0.2364910453;-0.1091146356,0;0;0,True,"continuous lambda scan over mode-equivalent range i,j=0..64"
0.1584375,21.259029019134445,4.833333333333334,0.6416666666666666,0.21415079173699889,False,-0.11074637644274442,-4.988464592;-0.2399208855;-0.1107463764,0;0;0,True,"continuous lambda scan over mode-equivalent range i,j=0..64"
0.1584375,21.596473924200073,4.833333333333334,0.6416666666666666,0.21415079173699889,False,-0.11237959142143307,-4.991839134;-0.2433492515;-0.1123795914,0;0;0,True,"continuous lambda scan over mode-equivalent range i,j=0..64"
0.1584375,21.9339188292657,4.833333333333334,0.6416666666666666,0.21415079173699889,False,-0.11401422074281563,-4.995213675;-0.2467762032;-0.1140142207,0;0;0,True,"continuous lambda scan over mode-equivalent range i,j=0..64"
0.1584375,22.271363734331324,4.833333333333334,0.6416666666666666,0.21415079173699889,False,-0.11565020788914217,-4.998588217;-0.2502017972;-0.1156502079,0;0;0,True,"continuous lambda scan over mode-equivalent range i,j=0..64"
0.1584375,22.60880863939695,4.833333333333334,0.6416666666666666,0.21415079173699889,False,-0.11728749939354303,-5.001962758;-0.2536260869;-0.1172874994,0;0;0,True,"continuous lambda scan over mode-equivalent range i,j=0..64"
0.1584375,22.94625354446258,4.833333333333334,0.6416666666666666,0.21415079173699889,False,-0.11892604463206677,-5.0053373;-0.257049123;-0.1189260446,0;0;0,True,"continuous lambda scan over mode-equivalent range i,j=0..64"
0.1584375,23.283698449528202,4.833333333333334,0.6416666666666666,0.21415079173699889,False,-0.12056579563285176,-5.008711841;-0.2604709533;-0.1205657956,0;0;0,True,"continuous lambda scan over mode-equivalent range i,j=0..64"
0.1584375,23.62114335459383,4.833333333333334,0.6416666666666666,0.21415079173699889,False,-0.12220670690077778,-5.012086382;-0.2638916234;-0.1222067069,0;0;0,True,"continuous lambda scan over mode-equivalent range i,j=0..64"
0.1584375,23.958588259659454,4.833333333333334,0.6416666666666666,0.21415079173699889,False,-0.12384873525612561,-5.015460923;-0.2673111765;-0.1238487353,0;0;0,True,"continuous lambda scan over mode-equivalent range i,j=0..64"
0.1584375,24.29603316472508,4.833333333333334,0.6416666666666666,0.21415079173699889,False,-0.12549183968593386,-5.018835464;-0.2707296536;-0.1254918397,0;0;0,True,"continuous lambda scan over mode-equivalent range i,j=0..64"
0.1584375,24.63347806979071,4.833333333333334,0.6416666666666666,0.21415079173699889,False,-0.12713598120688238,-5.022210005;-0.2741470937;-0.1271359812,0;0;0,True,"continuous lambda scan over mode-equivalent range i,j=0..64"
0.1584375,24.970922974856332,4.833333333333334,0.6416666666666666,0.21415079173699889,False,-0.12878112273865502,-5.025584546;-0.2775635338;-0.1287811227,0;0;0,True,"continuous lambda scan over mode-equivalent range i,j=0..64"
0.1584375,25.30836787992196,4.833333333333334,0.6416666666666666,0.21415079173699889,False,-0.13042722898684359,-5.028959087;-0.2809790093;-0.130427229,0;0;0,True,"continuous lambda scan over mode-equivalent range i,j=0..64"
0.1584375,25.645812784987587,4.833333333333334,0.6416666666666666,0.21415079173699889,False,-0.1320742663345509,-5.032333628;-0.2843935537;-0.1320742663,0;0;0,True,"continuous lambda scan over mode-equivalent range i,j=0..64"
0.1584375,25.98325769005321,4.833333333333334,0.6416666666666666,0.21415079173699889,False,-0.1337222027419367,-5.035708169;-0.2878071992;-0.1337222027,0;0;0,True,"continuous lambda scan over mode-equivalent range i,j=0..64"
0.1584375,26.32070259511884,4.833333333333334,0.6416666666666666,0.21415079173699889,False,-0.135371007653023,-5.03908271;-0.2912199761;-0.1353710077,0;0;0,True,"continuous lambda scan over mode-equivalent range i,j=0..64"
0.1584375,26.658147500184466,4.833333333333334,0.6416666666666666,0.21415079173699889,False,-0.13702065190914756,-5.04245725;-0.2946319139;-0.1370206519,0;0;0,True,"continuous lambda scan over mode-equivalent range i,j=0..64"
0.1584375,26.99559240525009,4.833333333333334,0.6416666666666666,0.21415079173699889,False,-0.13867110766850635,-5.045831791;-0.2980430401;-0.1386711077,0;0;0,True,"continuous lambda scan over mode-equivalent range i,j=0..64"
0.1584375,27.333037310315717,4.833333333333334,0.6416666666666666,0.21415079173699889,False,-0.14032234833128723,-5.049206331;-0.3014533816;-0.1403223483,0;0;0,True,"continuous lambda scan over mode-equivalent range i,j=0..64"
0.1584375,27.670482215381345,4.833333333333334,0.6416666666666666,0.21415079173699889,False,-0.14197434846993678,-5.052580872;-0.3048629636;-0.1419743485,0;0;0,True,"continuous lambda scan over mode-equivalent range i,j=0..64"
0.1584375,28.00792712044697,4.833333333333334,0.6416666666666666,0.21415079173699889,False,-0.1436270837641505,-5.055955412;-0.3082718105;-0.1436270838,0;0;0,True,"continuous lambda scan over mode-equivalent range i,j=0..64"
0.1584375,28.345372025512596,4.833333333333334,0.6416666666666666,0.21415079173699889,False,-0.1452805309402103,-5.059329953;-0.3116799456;-0.1452805309,0;0;0,True,"continuous lambda scan over mode-equivalent range i,j=0..64"
0.1584375,28.68281693057822,4.833333333333334,0.6416666666666666,0.21415079173699889,False,-0.1469346677143301,-5.062704493;-0.3150873912;-0.1469346677,0;0;0,True,"continuous lambda scan over mode-equivalent range i,j=0..64"
0.1584375,29.020261835643847,4.833333333333334,0.6416666666666666,0.21415079173699889,False,-0.14858947273969902,-5.066079033;-0.3184941686;-0.1485894727,0;0;0,True,"continuous lambda scan over mode-equivalent range i,j=0..64"
0.1584375,29.357706740709475,4.833333333333334,0.6416666666666666,0.21415079173699889,False,-0.1502449255569397,-5.069453573;-0.3219002982;-0.1502449256,0;0;0,True,"continuous lambda scan over mode-equivalent range i,j=0..64"
0.1584375,29.6951516457751,4.833333333333334,0.6416666666666666,0.21415079173699889,False,-0.15190100654772415,-5.072828113;-0.3253057997;-0.1519010065,0;0;0,True,"continuous lambda scan over mode-equivalent range i,j=0..64"
0.1584375,30.032596550840726,4.833333333333334,0.6416666666666666,0.21415079173699889,False,-0.15355769689131213,-5.076202653;-0.328710692;-0.1535576969,0;0;0,True,"continuous lambda scan over mode-equivalent range i,j=0..64"
0.1584375,30.370041455906353,4.833333333333334,0.6416666666666666,0.21415079173699889,False,-0.15521497852379523,-5.079577193;-0.332114993;-0.1552149785,0;0;0,True,"continuous lambda scan over mode-equivalent range i,j=0..64"
0.1584375,30.707486360971977,4.833333333333334,0.6416666666666666,0.21415079173699889,False,-0.1568728340998513,-5.082951733;-0.3355187202;-0.1568728341,0;0;0,True,"continuous lambda scan over mode-equivalent range i,j=0..64"
0.1584375,31.044931266037604,4.833333333333334,0.6416666666666666,0.21415079173699889,False,-0.15853124695682708,-5.086326273;-0.3389218901;-0.158531247,0;0;0,True,"continuous lambda scan over mode-equivalent range i,j=0..64"
0.1584375,31.382376171103232,4.833333333333334,0.6416666666666666,0.21415079173699889,False,-0.1601902010809835,-5.089700813;-0.3423245188;-0.1601902011,0;0;0,True,"continuous lambda scan over mode-equivalent range i,j=0..64"
0.1584375,31.719821076168856,4.833333333333334,0.6416666666666666,0.21415079173699889,False,-0.16184968107575173,-5.093075353;-0.3457266217;-0.1618496811,0;0;0,True,"continuous lambda scan over mode-equivalent range i,j=0..64"
0.1584375,32.05726598123448,4.833333333333334,0.6416666666666666,0.21415079173699889,False,-0.16350967213185966,-5.096449892;-0.3491282136;-0.1635096721,0;0;0,True,"continuous lambda scan over mode-equivalent range i,j=0..64"
0.1584375,32.39471088630011,4.833333333333334,0.6416666666666666,0.21415079173699889,False,-0.16517015999919957,-5.099824432;-0.3525293088;-0.16517016,0;0;0,True,"continuous lambda scan over mode-equivalent range i,j=0..64"
0.1584375,32.732155791365734,4.833333333333334,0.6416666666666666,0.21415079173699889,False,-0.16683113096031854,-5.103198972;-0.3559299209;-0.166831131,0;0;0,True,"continuous lambda scan over mode-equivalent range i,j=0..64"
0.1584375,33.06960069643136,4.833333333333334,0.6416666666666666,0.21415079173699889,False,-0.1684925718054227,-5.106573511;-0.3593300632;-0.1684925718,0;0;0,True,"continuous lambda scan over mode-equivalent range i,j=0..64"
0.1584375,33.40704560149699,4.833333333333334,0.6416666666666666,0.21415079173699889,False,-0.1701544698087931,-5.10994805;-0.3627297484;-0.1701544698,0;0;0,True,"continuous lambda scan over mode-equivalent range i,j=0..64"
0.1584375,33.74449050656261,4.833333333333334,0.6416666666666666,0.21415079173699889,False,-0.17181681270652102,-5.11332259;-0.3661289888;-0.1718168127,0;0;0,True,"continuous lambda scan over mode-equivalent range i,j=0..64"
0.1584375,34.08193541162824,4.833333333333334,0.6416666666666666,0.21415079173699889,False,-0.17347958867547567,-5.116697129;-0.3695277962;-0.1734795887,0;0;0,True,"continuous lambda scan over mode-equivalent range i,j=0..64"
0.1584375,34.41938031669387,4.833333333333334,0.6416666666666666,0.21415079173699889,False,-0.17514278631342517,-5.120071668;-0.3729261819;-0.1751427863,0;0;0,True,"continuous lambda scan over mode-equivalent range i,j=0..64"
0.1584375,34.75682522175949,4.833333333333334,0.6416666666666666,0.21415079173699889,False,-0.17680639462023612,-5.123446207;-0.3763241571;-0.1768063946,0;0;0,True,"continuous lambda scan over mode-equivalent range i,j=0..64"
0.1584375,35.094270126825116,4.833333333333334,0.6416666666666666,0.21415079173699889,False,-0.1784704029800842,-5.126820747;-0.3797217322;-0.178470403,0;0;0,True,"continuous lambda scan over mode-equivalent range i,j=0..64"
0.1584375,35.43171503189075,4.833333333333334,0.6416666666666666,0.21415079173699889,False,-0.18013480114461178,-5.130195286;-0.3831189177;-0.1801348011,0;0;0,True,"continuous lambda scan over mode-equivalent range i,j=0..64"
0.1584375,35.76915993695637,4.833333333333334,0.6416666666666666,0.21415079173699889,False,-0.18179957921697307,-5.133569825;-0.3865157232;-0.1817995792,0;0;0,True,"continuous lambda scan over mode-equivalent range i,j=0..64"
0.1584375,36.106604842021994,4.833333333333334,0.6416666666666666,0.21415079173699889,False,-0.18346472763671381,-5.136944363;-0.3899121585;-0.1834647276,0;0;0,True,"continuous lambda scan over mode-equivalent range i,j=0..64"
0.1584375,36.444049747087625,4.833333333333334,0.6416666666666666,0.21415079173699889,False,-0.1851302371654323,-5.140318902;-0.3933082328;-0.1851302372,0;0;0,True,"continuous lambda scan over mode-equivalent range i,j=0..64"
0.1584375,36.78149465215325,4.833333333333334,0.6416666666666666,0.21415079173699889,False,-0.1867960988731764,-5.143693441;-0.3967039549;-0.1867960989,0;0;0,True,"continuous lambda scan over mode-equivalent range i,j=0..64"
0.1584375,37.11893955721887,4.833333333333334,0.6416666666666666,0.21415079173699889,False,-0.18846230412553142,-5.14706798;-0.4000993335;-0.1884623041,0;0;0,True,"continuous lambda scan over mode-equivalent range i,j=0..64"
0.1584375,37.456384462284504,4.833333333333334,0.6416666666666666,0.21415079173699889,False,-0.19012884457135815,-5.150442519;-0.403494377;-0.1901288446,0;0;0,True,"continuous lambda scan over mode-equivalent range i,j=0..64"
0.1584375,37.79382936735013,4.833333333333334,0.6416666666666666,0.21415079173699889,False,-0.1917957121311426,-5.153817057;-0.4068890935;-0.1917957121,0;0;0,True,"continuous lambda scan over mode-equivalent range i,j=0..64"
0.1584375,38.13127427241575,4.833333333333334,0.6416666666666666,0.21415079173699889,False,-0.19346289898592228,-5.157191596;-0.4102834907;-0.193462899,0;0;0,True,"continuous lambda scan over mode-equivalent range i,j=0..64"
0.1584375,38.46871917748138,4.833333333333334,0.6416666666666666,0.21415079173699889,False,-0.1951303975667552,-5.160566134;-0.4136775762;-0.1951303976,0;0;0,True,"continuous lambda scan over mode-equivalent range i,j=0..64"
0.1584375,38.806164082547006,4.833333333333334,0.6416666666666666,0.21415079173699889,False,-0.1967982005447004,-5.163940673;-0.4170713575;-0.1967982005,0;0;0,True,"continuous lambda scan over mode-equivalent range i,j=0..64"
0.1584375,39.14360898761263,4.833333333333334,0.6416666666666666,0.21415079173699889,False,-0.1984663008212817,-5.167315211;-0.4204648414;-0.1984663008,0;0;0,True,"continuous lambda scan over mode-equivalent range i,j=0..64"
0.1584375,39.481053892678254,4.833333333333334,0.6416666666666666,0.21415079173699889,False,-0.20013469151940666,-5.170689749;-0.423858035;-0.2001346915,0;0;0,True,"continuous lambda scan over mode-equivalent range i,j=0..64"
0.1584375,39.818498797743885,4.833333333333334,0.6416666666666666,0.21415079173699889,False,-0.2018033659747162,-5.174064288;-0.427250945;-0.201803366,0;0;0,True,"continuous lambda scan over mode-equivalent range i,j=0..64"
0.1584375,40.15594370280951,4.833333333333334,0.6416666666666666,0.21415079173699889,False,-0.20347231772733956,-5.177438826;-0.4306435776;-0.2034723177,0;0;0,True,"continuous lambda scan over mode-equivalent range i,j=0..64"
0.1584375,40.49338860787513,4.833333333333334,0.6416666666666666,0.21415079173699889,False,-0.20514154051403458,-5.180813364;-0.4340359394;-0.2051415405,0;0;0,True,"continuous lambda scan over mode-equivalent range i,j=0..64"
0.1584375,40.830833512940764,4.833333333333334,0.6416666666666666,0.21415079173699889,False,-0.20681102826069026,-5.184187902;-0.4374280362;-0.2068110283,0;0;0,True,"continuous lambda scan over mode-equivalent range i,j=0..64"
0.1584375,41.16827841800639,4.833333333333334,0.6416666666666666,0.21415079173699889,False,-0.20848077507517318,-5.18756244;-0.440819874;-0.2084807751,0;0;0,True,"continuous lambda scan over mode-equivalent range i,j=0..64"
0.1584375,41.50572332307201,4.833333333333334,0.6416666666666666,0.21415079173699889,False,-0.2101507752404991,-5.190936978;-0.4442114585;-0.2101507752,0;0;0,True,"continuous lambda scan over mode-equivalent range i,j=0..64"
0.1584375,41.84316822813764,4.833333333333334,0.6416666666666666,0.21415079173699889,False,-0.2118210232083126,-5.194311516;-0.4476027952;-0.2118210232,0;0;0,True,"continuous lambda scan over mode-equivalent range i,j=0..64"
0.1584375,42.180613133203266,4.833333333333334,0.6416666666666666,0.21415079173699889,False,-0.21349151359265786,-5.197686054;-0.4509938897;-0.2134915136,0;0;0,True,"continuous lambda scan over mode-equivalent range i,j=0..64"
0.1584375,42.51805803826889,4.833333333333334,0.6416666666666666,0.21415079173699889,False,-0.21516224116402688,-5.201060591;-0.4543847469;-0.2151622412,0;0;0,True,"continuous lambda scan over mode-equivalent range i,j=0..64"
0.1584375,42.85550294333452,4.833333333333334,0.6416666666666666,0.21415079173699889,False,-0.21683320084366914,-5.204435129;-0.4577753722;-0.2168332008,0;0;0,True,"continuous lambda scan over mode-equivalent range i,j=0..64"
0.1584375,43.192947848400145,4.833333333333334,0.6416666666666666,0.21415079173699889,False,-0.2185043876981495,-5.207809667;-0.4611657703;-0.2185043877,0;0;0,True,"continuous lambda scan over mode-equivalent range i,j=0..64"
0.1584375,43.53039275346577,4.833333333333334,0.6416666666666666,0.21415079173699889,False,-0.2201757969341435,-5.211184204;-0.4645559461;-0.2201757969,0;0;0,True,"continuous lambda scan over mode-equivalent range i,j=0..64"
0.1584375,43.8678376585314,4.833333333333334,0.6416666666666666,0.21415079173699889,False,-0.22184742389345544,-5.214558742;-0.4679459042;-0.2218474239,0;0;0,True,"continuous lambda scan over mode-equivalent range i,j=0..64"
0.1584375,44.205282563597024,4.833333333333334,0.6416666666666666,0.21415079173699889,False,-0.22351926404824934,-5.217933279;-0.4713356492;-0.223519264,0;0;0,True,"continuous lambda scan over mode-equivalent range i,j=0..64"
0.1584375,44.54272746866265,4.833333333333334,0.6416666666666666,0.21415079173699889,False,-0.22519131299648282,-5.221307817;-0.4747251855;-0.225191313,0;0;0,True,"continuous lambda scan over mode-equivalent range i,j=0..64"
0.1584375,44.88017237372828,4.833333333333334,0.6416666666666666,0.21415079173699889,False,-0.22686356645753247,-5.224682354;-0.4781145173;-0.2268635665,0;0;0,True,"continuous lambda scan over mode-equivalent range i,j=0..64"
0.1584375,45.2176172787939,4.833333333333334,0.6416666666666666,0.21415079173699889,False,-0.22853602026800188,-5.228056891;-0.4815036489;-0.2285360203,0;0;0,True,"continuous lambda scan over mode-equivalent range i,j=0..64"
0.1584375,45.555062183859526,4.833333333333334,0.6416666666666666,0.21415079173699889,False,-0.23020867037770415,-5.231431429;-0.4848925841;-0.2302086704,0;0;0,True,"continuous lambda scan over mode-equivalent range i,j=0..64"
0.1584375,45.89250708892516,4.833333333333334,0.6416666666666666,0.21415079173699889,False,-0.23188151284580913,-5.234805966;-0.4882813271;-0.2318815128,0;0;0,True,"continuous lambda scan over mode-equivalent range i,j=0..64"
0.1584375,46.22995199399078,4.833333333333334,0.6416666666666666,0.21415079173699889,False,-0.2335545438371481,-5.238180503;-0.4916698816;-0.2335545438,0;0;0,True,"continuous lambda scan over mode-equivalent range i,j=0..64"
0.1584375,46.567396899056405,4.833333333333334,0.6416666666666666,0.21415079173699889,False,-0.23522775961866937,-5.24155504;-0.4950582514;-0.2352277596,0;0;0,True,"continuous lambda scan over mode-equivalent range i,j=0..64"
0.1584375,46.904841804122036,4.833333333333334,0.6416666666666666,0.21415079173699889,False,-0.23690115655603525,-5.244929577;-0.4984464401;-0.2369011566,0;0;0,True,"continuous lambda scan over mode-equivalent range i,j=0..64"
0.1584375,47.24228670918766,4.833333333333334,0.6416666666666666,0.21415079173699889,False,-0.23857473111035613,-5.248304114;-0.5018344513;-0.2385747311,0;0;0,True,"continuous lambda scan over mode-equivalent range i,j=0..64"
0.1584375,47.579731614253284,4.833333333333334,0.6416666666666666,0.21415079173699889,False,-0.24024847983505418,-5.251678651;-0.5052222883;-0.2402484798,0;0;0,True,"continuous lambda scan over mode-equivalent range i,j=0..64"
0.1584375,47.91717651931891,4.833333333333334,0.6416666666666666,0.21415079173699889,False,-0.24192239937285062,-5.255053188;-0.5086099546;-0.2419223994,0;0;0,True,"continuous lambda scan over mode-equivalent range i,j=0..64"
0.1584375,48.25462142438454,4.833333333333334,0.6416666666666666,0.21415079173699889,False,-0.2435964864528712,-5.258427724;-0.5119974534;-0.2435964865,0;0;0,True,"continuous lambda scan over mode-equivalent range i,j=0..64"
0.1584375,48.59206632945016,4.833333333333334,0.6416666666666666,0.21415079173699889,False,-0.24527073788786394,-5.261802261;-0.5153847878;-0.2452707379,0;0;0,True,"continuous lambda scan over mode-equivalent range i,j=0..64"
0.1584375,48.929511234515786,4.833333333333334,0.6416666666666666,0.21415079173699889,False,-0.2469451505715251,-5.265176798;-0.5187719611;-0.2469451506,0;0;0,True,"continuous lambda scan over mode-equivalent range i,j=0..64"
0.1584375,49.26695613958142,4.833333333333334,0.6416666666666666,0.21415079173699889,False,-0.24861972147592729,-5.268551334;-0.5221589763;-0.2486197215,0;0;0,True,"continuous lambda scan over mode-equivalent range i,j=0..64"
0.1584375,49.60440104464704,4.833333333333334,0.6416666666666666,0.21415079173699889,False,-0.25029444764904574,-5.271925871;-0.5255458362;-0.2502944476,0;0;0,True,"continuous lambda scan over mode-equivalent range i,j=0..64"
0.1584375,49.941845949712665,4.833333333333334,0.6416666666666666,0.21415079173699889,False,-0.25196932621237855,-5.275300407;-0.5289325438;-0.2519693262,0;0;0,True,"continuous lambda scan over mode-equivalent range i,j=0..64"
0.1584375,50.279290854778296,4.833333333333334,0.6416666666666666,0.21415079173699889,False,-0.25364435435865623,-5.278674944;-0.5323191019;-0.2536443544,0;0;0,True,"continuous lambda scan over mode-equivalent range i,j=0..64"
0.1584375,50.61673575984392,4.833333333333334,0.6416666666666666,0.21415079173699889,False,-0.25531952934963736,-5.28204948;-0.5357055132;-0.2553195293,0;0;0,True,"continuous lambda scan over mode-equivalent range i,j=0..64"
0.1584375,50.95418066490954,4.833333333333334,0.6416666666666666,0.21415079173699889,False,-0.2569948485139847,-5.285424016;-0.5390917804;-0.2569948485,0;0;0,True,"continuous lambda scan over mode-equivalent range i,j=0..64"
0.1584375,51.291625569975174,4.833333333333334,0.6416666666666666,0.21415079173699889,False,-0.25867030924522233,-5.288798553;-0.542477906;-0.2586703092,0;0;0,True,"continuous lambda scan over mode-equivalent range i,j=0..64"
0.1584375,51.6290704750408,4.833333333333334,0.6416666666666666,0.21415079173699889,False,-0.2603459089997652,-5.292173089;-0.5458638927;-0.260345909,0;0;0,True,"continuous lambda scan over mode-equivalent range i,j=0..64"
0.1584375,51.96651538010642,4.833333333333334,0.6416666666666666,0.21415079173699889,False,-0.2620216452950216,-5.295547625;-0.5492497429;-0.2620216453,0;0;0,True,"continuous lambda scan over mode-equivalent range i,j=0..64"
0.1584375,52.30396028517205,4.833333333333334,0.6416666666666666,0.21415079173699889,False,-0.2636975157075644,-5.298922161;-0.5526354591;-0.2636975157,0;0;0,True,"continuous lambda scan over mode-equivalent range i,j=0..64"
0.1584375,52.64140519023768,4.833333333333334,0.6416666666666666,0.21415079173699889,False,-0.2653735178713675,-5.302296697;-0.5560210436;-0.2653735179,0;0;0,True,"continuous lambda scan over mode-equivalent range i,j=0..64"
0.1584375,52.9788500953033,4.833333333333334,0.6416666666666666,0.21415079173699889,False,-0.2670496494761065,-5.305671233;-0.5594064987;-0.2670496495,0;0;0,True,"continuous lambda scan over mode-equivalent range i,j=0..64"
0.1584375,53.31629500036893,4.833333333333334,0.6416666666666666,0.21415079173699889,False,-0.2687259082655185,-5.309045769;-0.5627918266;-0.2687259083,0;0;0,True,"continuous lambda scan over mode-equivalent range i,j=0..64"
0.1584375,53.653739905434556,4.833333333333334,0.6416666666666666,0.21415079173699889,False,-0.2704022920358205,-5.312420305;-0.5661770296;-0.270402292,0;0;0,True,"continuous lambda scan over mode-equivalent range i,j=0..64"
0.1584375,53.99118481050018,4.833333333333334,0.6416666666666666,0.21415079173699889,False,-0.2720787986341832,-5.31579484;-0.5695621099;-0.2720787986,0;0;0,True,"continuous lambda scan over mode-equivalent range i,j=0..64"
0.1584375,54.32862971556581,4.833333333333334,0.6416666666666666,0.21415079173699889,False,-0.27375542595725805,-5.319169376;-0.5729470695;-0.273755426,0;0;0,True,"continuous lambda scan over mode-equivalent range i,j=0..64"
0.1584375,54.666074620631434,4.833333333333334,0.6416666666666666,0.21415079173699889,False,-0.27543217194975544,-5.322543912;-0.5763319105;-0.2754321719,0;0;0,True,"continuous lambda scan over mode-equivalent range i,j=0..64"
0.1584375,55.00351952569706,4.833333333333334,0.6416666666666666,0.21415079173699889,False,-0.27710903460307224,-5.325918447;-0.5797166349;-0.2771090346,0;0;0,True,"continuous lambda scan over mode-equivalent range i,j=0..64"
0.1584375,55.34096443076269,4.833333333333334,0.6416666666666666,0.21415079173699889,False,-0.2787860119539654,-5.329292983;-0.5831012446;-0.278786012,0;0;0,True,"continuous lambda scan over mode-equivalent range i,j=0..64"
0.1584375,55.67840933582831,4.833333333333334,0.6416666666666666,0.21415079173699889,False,-0.2804631020832716,-5.332667518;-0.5864857416;-0.2804631021,0;0;0,True,"continuous lambda scan over mode-equivalent range i,j=0..64"
0.1584375,56.01585424089394,4.833333333333334,0.6416666666666666,0.21415079173699889,False,-0.2821403031146704,-5.336042054;-0.5898701278;-0.2821403031,0;0;0,True,"continuous lambda scan over mode-equivalent range i,j=0..64"
0.1584375,56.35329914595956,4.833333333333334,0.6416666666666666,0.21415079173699889,False,-0.28381761321348836,-5.339416589;-0.593254405;-0.2838176132,0;0;0,True,"continuous lambda scan over mode-equivalent range i,j=0..64"
0.1584375,56.69074405102519,4.833333333333334,0.6416666666666666,0.21415079173699889,False,-0.2854950305855436,-5.342791124;-0.5966385749;-0.2854950306,0;0;0,True,"continuous lambda scan over mode-equivalent range i,j=0..64"
0.1584375,57.028188956090816,4.833333333333334,0.6416666666666666,0.21415079173699889,False,-0.28717255347602855,-5.34616566;-0.6000226394;-0.2871725535,0;0;0,True,"continuous lambda scan over mode-equivalent range i,j=0..64"
0.1584375,57.36563386115644,4.833333333333334,0.6416666666666666,0.21415079173699889,False,-0.28885018016843006,-5.349540195;-0.6034066002;-0.2888501802,0;0;0,True,"continuous lambda scan over mode-equivalent range i,j=0..64"
0.1584375,57.70307876622207,4.833333333333334,0.6416666666666666,0.21415079173699889,False,-0.29052790898348535,-5.35291473;-0.6067904589;-0.290527909,0;0;0,True,"continuous lambda scan over mode-equivalent range i,j=0..64"
0.1584375,58.040523671287694,4.833333333333334,0.6416666666666666,0.21415079173699889,False,-0.2922057382781708,-5.356289265;-0.6101742171;-0.2922057383,0;0;0,True,"continuous lambda scan over mode-equivalent range i,j=0..64"
0.1584375,58.37796857635332,4.833333333333334,0.6416666666666666,0.21415079173699889,False,-0.29388366644472447,-5.3596638;-0.6135578766;-0.2938836664,0;0;0,True,"continuous lambda scan over mode-equivalent range i,j=0..64"
0.1584375,58.71541348141895,4.833333333333334,0.6416666666666666,0.21415079173699889,False,-0.29556169190970144,-5.363038335;-0.6169414388;-0.2955616919,0;0;0,True,"continuous lambda scan over mode-equivalent range i,j=0..64"
0.1584375,59.05285838648457,4.833333333333334,0.6416666666666666,0.21415079173699889,False,-0.29723981313305686,-5.36641287;-0.6203249053;-0.2972398131,0;0;0,True,"continuous lambda scan over mode-equivalent range i,j=0..64"
0.1584375,59.3903032915502,4.833333333333334,0.6416666666666666,0.21415079173699889,False,-0.2989180286072611,-5.369787405;-0.6237082776;-0.2989180286,0;0;0,True,"continuous lambda scan over mode-equivalent range i,j=0..64"
0.1584375,59.72774819661583,4.833333333333334,0.6416666666666666,0.21415079173699889,False,-0.300596336856441,-5.373161939;-0.6270915572;-0.3005963369,0;0;0,True,"continuous lambda scan over mode-equivalent range i,j=0..64"
0.1584375,60.06519310168145,4.833333333333334,0.6416666666666666,0.21415079173699889,False,-0.30227473643554925,-5.376536474;-0.6304747455;-0.3022747364,0;0;0,True,"continuous lambda scan over mode-equivalent range i,j=0..64"
0.1584375,60.402638006747075,4.833333333333334,0.6416666666666666,0.21415079173699889,False,-0.30395322592956026,-5.379911009;-0.633857844;-0.3039532259,0;0;0,True,"continuous lambda scan over mode-equivalent range i,j=0..64"
0.1584375,60.740082911812706,4.833333333333334,0.6416666666666666,0.21415079173699889,False,-0.30563180395268996,-5.383285543;-0.637240854;-0.305631804,0;0;0,True,"continuous lambda scan over mode-equivalent range i,j=0..64"
0.1584375,61.07752781687833,4.833333333333334,0.6416666666666666,0.21415079173699889,False,-0.3073104691476415,-5.386660078;-0.6406237768;-0.3073104691,0;0;0,True,"continuous lambda scan over mode-equivalent range i,j=0..64"
0.1584375,61.414972721943954,4.833333333333334,0.6416666666666666,0.21415079173699889,False,-0.3089892201848728,-5.390034613;-0.6440066139;-0.3089892202,0;0;0,True,"continuous lambda scan over mode-equivalent range i,j=0..64"
0.1584375,61.752417627009585,4.833333333333334,0.6416666666666666,0.21415079173699889,False,-0.3106680557618877,-5.393409147;-0.6473893665;-0.3106680558,0;0;0,True,"continuous lambda scan over mode-equivalent range i,j=0..64"
0.1584375,62.08986253207521,4.833333333333334,0.6416666666666666,0.21415079173699889,False,-0.31234697460254823,-5.396783681;-0.6507720359;-0.3123469746,0;0;0,True,"continuous lambda scan over mode-equivalent range i,j=0..64"
0.1584375,62.42730743714083,4.833333333333334,0.6416666666666666,0.21415079173699889,False,-0.3140259754564084,-5.400158216;-0.6541546234;-0.3140259755,0;0;0,True,"continuous lambda scan over mode-equivalent range i,j=0..64"
0.1584375,62.764752342206464,4.833333333333334,0.6416666666666666,0.21415079173699889,False,-0.31570505709806773,-5.40353275;-0.6575371301;-0.3157050571,0;0;0,True,"continuous lambda scan over mode-equivalent range i,j=0..64"
0.1584375,63.10219724727209,4.833333333333334,0.6416666666666666,0.21415079173699889,False,-0.3173842183265441,-5.406907284;-0.6609195573;-0.3173842183,0;0;0,True,"continuous lambda scan over mode-equivalent range i,j=0..64"
0.1584375,63.43964215233771,4.833333333333334,0.6416666666666666,0.21415079173699889,False,-0.31906345796466684,-5.410281818;-0.6643019061;-0.319063458,0;0;0,True,"continuous lambda scan over mode-equivalent range i,j=0..64"
0.1584375,63.77708705740334,4.833333333333334,0.6416666666666666,0.21415079173699889,False,-0.3207427748584852,-5.413656352;-0.6676841777;-0.3207427749,0;0;0,True,"continuous lambda scan over mode-equivalent range i,j=0..64"
0.1584375,64.11453196246896,4.833333333333334,0.6416666666666666,0.21415079173699889,False,-0.32242216787669764,-5.417030887;-0.6710663733;-0.3224221679,0;0;0,True,"continuous lambda scan over mode-equivalent range i,j=0..64"
0.1584375,64.4519768675346,4.833333333333334,0.6416666666666666,0.21415079173699889,False,-0.3241016359100959,-5.420405421;-0.6744484939;-0.3241016359,0;0;0,True,"continuous lambda scan over mode-equivalent range i,j=0..64"
0.1584375,64.78942177260022,4.833333333333334,0.6416666666666666,0.21415079173699889,False,-0.3257811778710251,-5.423779954;-0.6778305406;-0.3257811779,0;0;0,True,"continuous lambda scan over mode-equivalent range i,j=0..64"
0.1584375,65.12686667766584,4.833333333333334,0.6416666666666666,0.21415079173699889,False,-0.3274607926928618,-5.427154488;-0.6812125145;-0.3274607927,0;0;0,True,"continuous lambda scan over mode-equivalent range i,j=0..64"
0.1584375,65.46431158273147,4.833333333333334,0.6416666666666666,0.21415079173699889,False,-0.32914047932950535,-5.430529022;-0.6845944167;-0.3291404793,0;0;0,True,"continuous lambda scan over mode-equivalent range i,j=0..64"
0.1584375,65.80175648779709,4.833333333333334,0.6416666666666666,0.21415079173699889,False,-0.33082023675488403,-5.433903556;-0.6879762481;-0.3308202368,0;0;0,True,"continuous lambda scan over mode-equivalent range i,j=0..64"
0.1584375,66.13920139286272,4.833333333333334,0.6416666666666666,0.21415079173699889,False,-0.3325000639624768,-5.43727809;-0.6913580098;-0.332500064,0;0;0,True,"continuous lambda scan over mode-equivalent range i,j=0..64"
0.1584375,66.47664629792835,4.833333333333334,0.6416666666666666,0.21415079173699889,False,-0.3341799599648475,-5.440652623;-0.6947397028;-0.33417996,0;0;0,True,"continuous lambda scan over mode-equivalent range i,j=0..64"
0.1584375,66.81409120299398,4.833333333333334,0.6416666666666666,0.21415079173699889,False,-0.33585992379319257,-5.444027157;-0.698121328;-0.3358599238,0;0;0,True,"continuous lambda scan over mode-equivalent range i,j=0..64"
0.1584375,67.1515361080596,4.833333333333334,0.6416666666666666,0.21415079173699889,False,-0.33753995449690255,-5.44740169;-0.7015028864;-0.3375399545,0;0;0,True,"continuous lambda scan over mode-equivalent range i,j=0..64"
0.1584375,67.48898101312523,4.833333333333334,0.6416666666666666,0.21415079173699889,False,-0.3392200511431343,-5.450776224;-0.7048843789;-0.3392200511,0;0;0,True,"continuous lambda scan over mode-equivalent range i,j=0..64"
0.1584375,67.82642591819085,4.833333333333334,0.6416666666666666,0.21415079173699889,False,-0.3409002128163966,-5.454150757;-0.7082658064;-0.3409002128,0;0;0,True,"continuous lambda scan over mode-equivalent range i,j=0..64"
0.1584375,68.16387082325647,4.833333333333334,0.6416666666666666,0.21415079173699889,False,-0.34258043861814763,-5.457525291;-0.7116471698;-0.3425804386,0;0;0,True,"continuous lambda scan over mode-equivalent range i,j=0..64"
0.1584375,68.50131572832211,4.833333333333334,0.6416666666666666,0.21415079173699889,False,-0.3442607276664014,-5.460899824;-0.7150284701;-0.3442607277,0;0;0,True,"continuous lambda scan over mode-equivalent range i,j=0..64"
0.1584375,68.83876063338774,4.833333333333334,0.6416666666666666,0.21415079173699889,False,-0.3459410790953482,-5.464274357;-0.718409708;-0.3459410791,0;0;0,True,"continuous lambda scan over mode-equivalent range i,j=0..64"
0.1584375,69.17620553845336,4.833333333333334,0.6416666666666666,0.21415079173699889,False,-0.3476214920549834,-5.467648891;-0.7217908845;-0.3476214921,0;0;0,True,"continuous lambda scan over mode-equivalent range i,j=0..64"
0.1584375,69.51365044351898,4.833333333333334,0.6416666666666666,0.21415079173699889,False,-0.3493019657107465,-5.471023424;-0.7251720003;-0.3493019657,0;0;0,True,"continuous lambda scan over mode-equivalent range i,j=0..64"
0.1584375,69.85109534858461,4.833333333333334,0.6416666666666666,0.21415079173699889,False,-0.35098249924317193,-5.474397957;-0.7285530563;-0.3509824992,0;0;0,True,"continuous lambda scan over mode-equivalent range i,j=0..64"
0.1584375,70.18854025365023,4.833333333333334,0.6416666666666666,0.21415079173699889,False,-0.35266309184754674,-5.47777249;-0.7319340533;-0.3526630918,0;0;0,True,"continuous lambda scan over mode-equivalent range i,j=0..64"
0.1584375,70.52598515871586,4.833333333333334,0.6416666666666666,0.21415079173699889,False,-0.3543437427335791,-5.481147023;-0.735314992;-0.3543437427,0;0;0,True,"continuous lambda scan over mode-equivalent range i,j=0..64"
0.1584375,70.8634300637815,4.833333333333334,0.6416666666666666,0.21415079173699889,False,-0.35602445112507625,-5.484521556;-0.7386958733;-0.3560244511,0;0;0,True,"continuous lambda scan over mode-equivalent range i,j=0..64"
0.1584375,71.20087496884712,4.833333333333334,0.6416666666666666,0.21415079173699889,False,-0.35770521625962937,-5.487896089;-0.7420766979;-0.3577052163,0;0;0,True,"continuous lambda scan over mode-equivalent range i,j=0..64"
0.1584375,71.53831987391274,4.833333333333334,0.6416666666666666,0.21415079173699889,False,-0.3593860373883083,-5.491270621;-0.7454574666;-0.3593860374,0;0;0,True,"continuous lambda scan over mode-equivalent range i,j=0..64"
0.1584375,71.87576477897836,4.833333333333334,0.6416666666666666,0.21415079173699889,False,-0.36106691377536426,-5.494645154;-0.7488381801;-0.3610669138,0;0;0,True,"continuous lambda scan over mode-equivalent range i,j=0..64"
0.1584375,72.21320968404399,4.833333333333334,0.6416666666666666,0.21415079173699889,False,-0.36274784469793864,-5.498019687;-0.7522188391;-0.3627478447,0;0;0,True,"continuous lambda scan over mode-equivalent range i,j=0..64"
0.1584375,72.55065458910961,4.833333333333334,0.6416666666666666,0.21415079173699889,False,-0.364428829445783,-5.50139422;-0.7555994443;-0.3644288294,0;0;0,True,"continuous lambda scan over mode-equivalent range i,j=0..64"
0.1584375,72.88809949417525,4.833333333333334,0.6416666666666666,0.21415079173699889,False,-0.3661098673209826,-5.504768752;-0.7589799964;-0.3661098673,0;0;0,True,"continuous lambda scan over mode-equivalent range i,j=0..64"
0.1584375,73.22554439924087,4.833333333333334,0.6416666666666666,0.21415079173699889,False,-0.3677909576376896,-5.508143285;-0.7623604962;-0.3677909576,0;0;0,True,"continuous lambda scan over mode-equivalent range i,j=0..64"
0.1584375,73.5629893043065,4.833333333333334,0.6416666666666666,0.21415079173699889,False,-0.36947209972186257,-5.511517817;-0.7657409442;-0.3694720997,0;0;0,True,"continuous lambda scan over mode-equivalent range i,j=0..64"
0.1584375,73.90043420937212,4.833333333333334,0.6416666666666666,0.21415079173699889,False,-0.37115329291101207,-5.51489235;-0.7691213412;-0.3711532929,0;0;0,True,"continuous lambda scan over mode-equivalent range i,j=0..64"
0.1584375,74.23787911443775,4.833333333333334,0.6416666666666666,0.21415079173699889,False,-0.37283453655395415,-5.518266882;-0.7725016878;-0.3728345366,0;0;0,True,"continuous lambda scan over mode-equivalent range i,j=0..64"
0.1584375,74.57532401950337,4.833333333333334,0.6416666666666666,0.21415079173699889,False,-0.3745158300105689,-5.521641414;-0.7758819847;-0.37451583,0;0;0,True,"continuous lambda scan over mode-equivalent range i,j=0..64"
0.1584375,74.91276892456901,4.833333333333334,0.6416666666666666,0.21415079173699889,False,-0.37619717265156555,-5.525015947;-0.7792622324;-0.3761971727,0;0;0,True,"continuous lambda scan over mode-equivalent range i,j=0..64"
0.1584375,75.25021382963463,4.833333333333334,0.6416666666666666,0.21415079173699889,False,-0.37787856385825397,-5.528390479;-0.7826424316;-0.3778785639,0;0;0,True,"continuous lambda scan over mode-equivalent range i,j=0..64"
0.1584375,75.58765873470026,4.833333333333334,0.6416666666666666,0.21415079173699889,False,-0.37956000302232157,-5.531765011;-0.7860225829;-0.379560003,0;0;0,True,"continuous lambda scan over mode-equivalent range i,j=0..64"
0.1584375,75.92510363976588,4.833333333333334,0.6416666666666666,0.21415079173699889,False,-0.381241489545616,-5.535139543;-0.7894026869;-0.3812414895,0;0;0,True,"continuous lambda scan over mode-equivalent range i,j=0..64"
0.1584375,76.2625485448315,4.833333333333334,0.6416666666666666,0.21415079173699889,False,-0.3829230228399326,-5.538514075;-0.7927827441;-0.3829230228,0;0;0,True,"continuous lambda scan over mode-equivalent range i,j=0..64"
0.1584375,76.59999344989713,4.833333333333334,0.6416666666666666,0.21415079173699889,False,-0.3846046023268087,-5.541888607;-0.7961627553;-0.3846046023,0;0;0,True,"continuous lambda scan over mode-equivalent range i,j=0..64"
0.1584375,76.93743835496277,4.833333333333334,0.6416666666666666,0.21415079173699889,False,-0.3862862274373216,-5.545263139;-0.7995427208;-0.3862862274,0;0;0,True,"continuous lambda scan over mode-equivalent range i,j=0..64"
0.1584375,77.27488326002839,4.833333333333334,0.6416666666666666,0.21415079173699889,False,-0.387967897611892,-5.548637671;-0.8029226414;-0.3879678976,0;0;0,True,"continuous lambda scan over mode-equivalent range i,j=0..64"
0.1584375,77.61232816509401,4.833333333333334,0.6416666666666666,0.21415079173699889,False,-0.38964961230009226,-5.552012203;-0.8063025175;-0.3896496123,0;0;0,True,"continuous lambda scan over mode-equivalent range i,j=0..64"
0.1584375,77.94977307015964,4.833333333333334,0.6416666666666666,0.21415079173699889,False,-0.3913313709604604,-5.555386735;-0.8096823497;-0.391331371,0;0;0,True,"continuous lambda scan over mode-equivalent range i,j=0..64"
0.1584375,78.28721797522526,4.833333333333334,0.6416666666666666,0.21415079173699889,False,-0.3930131730603164,-5.558761266;-0.8130621385;-0.3930131731,0;0;0,True,"continuous lambda scan over mode-equivalent range i,j=0..64"
0.1584375,78.62466288029088,4.833333333333334,0.6416666666666666,0.21415079173699889,False,-0.39469501807558516,-5.562135798;-0.8164418844;-0.3946950181,0;0;0,True,"continuous lambda scan over mode-equivalent range i,j=0..64"
0.1584375,78.96210778535651,4.833333333333334,0.6416666666666666,0.21415079173699889,False,-0.39637690549062266,-5.56551033;-0.819821588;-0.3963769055,0;0;0,True,"continuous lambda scan over mode-equivalent range i,j=0..64"
0.1584375,79.29955269042215,4.833333333333334,0.6416666666666666,0.21415079173699889,False,-0.3980588347980468,-5.568884861;-0.8232012497;-0.3980588348,0;0;0,True,"continuous lambda scan over mode-equivalent range i,j=0..64"
0.1584375,79.63699759548777,4.833333333333334,0.6416666666666666,0.21415079173699889,False,-0.39974080549857166,-5.572259393;-0.8265808701;-0.3997408055,0;0;0,True,"continuous lambda scan over mode-equivalent range i,j=0..64"
0.1584375,79.9744425005534,4.833333333333334,0.6416666666666666,0.21415079173699889,False,-0.40142281710084626,-5.575633924;-0.8299604497;-0.4014228171,0;0;0,True,"continuous lambda scan over mode-equivalent range i,j=0..64"
0.1584375,80.31188740561902,4.833333333333334,0.6416666666666666,0.21415079173699889,False,-0.40310486912129767,-5.579008456;-0.8333399889;-0.4031048691,0;0;0,True,"continuous lambda scan over mode-equivalent range i,j=0..64"
0.1584375,80.64933231068464,4.833333333333334,0.6416666666666666,0.21415079173699889,False,-0.4047869610839762,-5.582382987;-0.8367194882;-0.4047869611,0;0;0,True,"continuous lambda scan over mode-equivalent range i,j=0..64"
0.1584375,80.98677721575027,4.833333333333334,0.6416666666666666,0.21415079173699889,False,-0.4064690925204063,-5.585757518;-0.8400989481;-0.4064690925,0;0;0,True,"continuous lambda scan over mode-equivalent range i,j=0..64"
0.1584375,81.3242221208159,4.833333333333334,0.6416666666666666,0.21415079173699889,False,-0.4081512629694396,-5.58913205;-0.843478369;-0.408151263,0;0;0,True,"continuous lambda scan over mode-equivalent range i,j=0..64"
0.1584375,81.66166702588153,4.833333333333334,0.6416666666666666,0.21415079173699889,False,-0.4098334719771115,-5.592506581;-0.8468577514;-0.409833472,0;0;0,True,"continuous lambda scan over mode-equivalent range i,j=0..64"
0.1584375,81.99911193094715,4.833333333333334,0.6416666666666666,0.21415079173699889,False,-0.4115157190965016,-5.595881112;-0.8502370958;-0.4115157191,0;0;0,True,"continuous lambda scan over mode-equivalent range i,j=0..64"
0.1584375,82.33655683601278,4.833333333333334,0.6416666666666666,0.21415079173699889,False,-0.41319800388759786,-5.599255643;-0.8536164026;-0.4131980039,0;0;0,True,"continuous lambda scan over mode-equivalent range i,j=0..64"
0.1584375,82.6740017410784,4.833333333333334,0.6416666666666666,0.21415079173699889,False,-0.41488032591716223,-5.602630174;-0.8569956721;-0.4148803259,0;0;0,True,"continuous lambda scan over mode-equivalent range i,j=0..64"
0.1584375,83.01144664614402,4.833333333333334,0.6416666666666666,0.21415079173699889,False,-0.4165626847586011,-5.606004705;-0.8603749049;-0.4165626848,0;0;0,True,"continuous lambda scan over mode-equivalent range i,j=0..64"
0.1584375,83.34889155120966,4.833333333333334,0.6416666666666666,0.21415079173699889,False,-0.41824507999183747,-5.609379236;-0.8637541014;-0.41824508,0;0;0,True,"continuous lambda scan over mode-equivalent range i,j=0..64"
0.1584375,83.68633645627528,4.833333333333334,0.6416666666666666,0.21415079173699889,False,-0.41992751120318744,-5.612753767;-0.8671332619;-0.4199275112,0;0;0,True,"continuous lambda scan over mode-equivalent range i,j=0..64"
0.1584375,84.02378136134091,4.833333333333334,0.6416666666666666,0.21415079173699889,False,-0.4216099779852378,-5.616128298;-0.8705123869;-0.421609978,0;0;0,True,"continuous lambda scan over mode-equivalent range i,j=0..64"
0.1584375,84.36122626640653,4.833333333333334,0.6416666666666666,0.21415079173699889,False,-0.4232924799367281,-5.619502828;-0.8738914768;-0.4232924799,0;0;0,True,"continuous lambda scan over mode-equivalent range i,j=0..64"
0.1584375,84.69867117147216,4.833333333333334,0.6416666666666666,0.21415079173699889,False,-0.4249750166624341,-5.622877359;-0.877270532;-0.4249750167,0;0;0,True,"continuous lambda scan over mode-equivalent range i,j=0..64"
0.1584375,85.03611607653778,4.833333333333334,0.6416666666666666,0.21415079173699889,False,-0.4266575877730549,-5.62625189;-0.8806495529;-0.4266575878,0;0;0,True,"continuous lambda scan over mode-equivalent range i,j=0..64"
0.1584375,85.37356098160342,4.833333333333334,0.6416666666666666,0.21415079173699889,False,-0.42834019288510145,-5.62962642;-0.8840285398;-0.4283401929,0;0;0,True,"continuous lambda scan over mode-equivalent range i,j=0..64"
0.1584375,85.71100588666904,4.833333333333334,0.6416666666666666,0.21415079173699889,False,-0.4300228316207884,-5.633000951;-0.8874074931;-0.4300228316,0;0;0,True,"continuous lambda scan over mode-equivalent range i,j=0..64"
0.1584375,86.04845079173467,4.833333333333334,0.6416666666666666,0.21415079173699889,False,-0.43170550360792864,-5.636375482;-0.8907864133;-0.4317055036,0;0;0,True,"continuous lambda scan over mode-equivalent range i,j=0..64"
0.1584375,86.38589569680029,4.833333333333334,0.6416666666666666,0.21415079173699889,False,-0.43338820847982923,-5.639750012;-0.8941653006;-0.4333882085,0;0;0,True,"continuous lambda scan over mode-equivalent range i,j=0..64"
0.1584375,86.72334060186591,4.833333333333334,0.6416666666666666,0.21415079173699889,False,-0.43507094587518996,-5.643124542;-0.8975441554;-0.4350709459,0;0;0,True,"continuous lambda scan over mode-equivalent range i,j=0..64"
0.1584375,87.06078550693154,4.833333333333334,0.6416666666666666,0.21415079173699889,False,-0.436753715438005,-5.646499073;-0.9009229781;-0.4367537154,0;0;0,True,"continuous lambda scan over mode-equivalent range i,j=0..64"
0.1584375,87.39823041199716,4.833333333333334,0.6416666666666666,0.21415079173699889,False,-0.43843651681746554,-5.649873603;-0.9043017691;-0.4384365168,0;0;0,True,"continuous lambda scan over mode-equivalent range i,j=0..64"
0.1584375,87.7356753170628,4.833333333333334,0.6416666666666666,0.21415079173699889,False,-0.44011934966786487,-5.653248133;-0.9076805286;-0.4401193497,0;0;0,True,"continuous lambda scan over mode-equivalent range i,j=0..64"
0.1584375,88.07312022212842,4.833333333333334,0.6416666666666666,0.21415079173699889,False,-0.4418022136485061,-5.656622663;-0.911059257;-0.4418022136,0;0;0,True,"continuous lambda scan over mode-equivalent range i,j=0..64"
0.1584375,88.41056512719405,4.833333333333334,0.6416666666666666,0.21415079173699889,False,-0.4434851084236115,-5.659997194;-0.9144379548;-0.4434851084,0;0;0,True,"continuous lambda scan over mode-equivalent range i,j=0..64"
0.1584375,88.74801003225967,4.833333333333334,0.6416666666666666,0.21415079173699889,False,-0.44516803366223356,-5.663371724;-0.9178166221;-0.4451680337,0;0;0,True,"continuous lambda scan over mode-equivalent range i,j=0..64"
0.1584375,89.0854549373253,4.833333333333334,0.6416666666666666,0.21415079173699889,False,-0.4468509890381684,-5.666746254;-0.9211952593;-0.446850989,0;0;0,True,"continuous lambda scan over mode-equivalent range i,j=0..64"
0.1584375,89.42289984239092,4.833333333333334,0.6416666666666666,0.21415079173699889,False,-0.44853397422987096,-5.670120784;-0.9245738667;-0.4485339742,0;0;0,True,"continuous lambda scan over mode-equivalent range i,j=0..64"
0.1584375,89.76034474745656,4.833333333333334,0.6416666666666666,0.21415079173699889,False,-0.4502169889203715,-5.673495314;-0.9279524448;-0.4502169889,0;0;0,True,"continuous lambda scan over mode-equivalent range i,j=0..64"
0.1584375,90.09778965252218,4.833333333333334,0.6416666666666666,0.21415079173699889,False,-0.4519000327971947,-5.676869843;-0.9313309936;-0.4519000328,0;0;0,True,"continuous lambda scan over mode-equivalent range i,j=0..64"
0.1584375,90.4352345575878,4.833333333333334,0.6416666666666666,0.21415079173699889,False,-0.45358310555228004,-5.680244373;-0.9347095137;-0.4535831056,0;0;0,True,"continuous lambda scan over mode-equivalent range i,j=0..64"
0.1584375,90.77267946265343,4.833333333333334,0.6416666666666666,0.21415079173699889,False,-0.4552662068819039,-5.683618903;-0.9380880052;-0.4552662069,0;0;0,True,"continuous lambda scan over mode-equivalent range i,j=0..64"
0.1584375,91.11012436771905,4.833333333333334,0.6416666666666666,0.21415079173699889,False,-0.456949336486603,-5.686993433;-0.9414664685;-0.4569493365,0;0;0,True,"continuous lambda scan over mode-equivalent range i,j=0..64"
0.1584375,91.44756927278468,4.833333333333334,0.6416666666666666,0.21415079173699889,False,-0.4586324940711003,-5.690367962;-0.9448449039;-0.4586324941,0;0;0,True,"continuous lambda scan over mode-equivalent range i,j=0..64"
0.1584375,91.78501417785031,4.833333333333334,0.6416666666666666,0.21415079173699889,False,-0.4603156793442316,-5.693742492;-0.9482233116;-0.4603156793,0;0;0,True,"continuous lambda scan over mode-equivalent range i,j=0..64"
0.1584375,92.12245908291594,4.833333333333334,0.6416666666666666,0.21415079173699889,False,-0.46199889201887384,-5.697117022;-0.951601692;-0.461998892,0;0;0,True,"continuous lambda scan over mode-equivalent range i,j=0..64"
0.1584375,92.45990398798156,4.833333333333334,0.6416666666666666,0.21415079173699889,False,-0.46368213181187573,-5.700491551;-0.9549800453;-0.4636821318,0;0;0,True,"continuous lambda scan over mode-equivalent range i,j=0..64"
0.1584375,92.79734889304719,4.833333333333334,0.6416666666666666,0.21415079173699889,False,-0.46536539844398817,-5.703866081;-0.9583583719;-0.4653653984,0;0;0,True,"continuous lambda scan over mode-equivalent range i,j=0..64"
0.1584375,93.13479379811281,4.833333333333334,0.6416666666666666,0.21415079173699889,False,-0.46704869163979823,-5.70724061;-0.9617366719;-0.4670486916,0;0;0,True,"continuous lambda scan over mode-equivalent range i,j=0..64"
0.1584375,93.47223870317843,4.833333333333334,0.6416666666666666,0.21415079173699889,False,-0.4687320111276624,-5.710615139;-0.9651149457;-0.4687320111,0;0;0,True,"continuous lambda scan over mode-equivalent range i,j=0..64"
0.1584375,93.80968360824407,4.833333333333334,0.6416666666666666,0.21415079173699889,False,-0.47041535663964257,-5.713989669;-0.9684931935;-0.4704153566,0;0;0,True,"continuous lambda scan over mode-equivalent range i,j=0..64"
0.1584375,94.1471285133097,4.833333333333334,0.6416666666666666,0.21415079173699889,False,-0.47209872791144275,-5.717364198;-0.9718714156;-0.4720987279,0;0;0,True,"continuous lambda scan over mode-equivalent range i,j=0..64"
0.1584375,94.48457341837532,4.833333333333334,0.6416666666666666,0.21415079173699889,False,-0.47378212468234765,-5.720738727;-0.9752496122;-0.4737821247,0;0;0,True,"continuous lambda scan over mode-equivalent range i,j=0..64"
0.1584375,94.82201832344094,4.833333333333334,0.6416666666666666,0.21415079173699889,False,-0.4754655466951618,-5.724113256;-0.9786277837;-0.4754655467,0;0;0,True,"continuous lambda scan over mode-equivalent range i,j=0..64"
0.1584375,95.15946322850657,4.833333333333334,0.6416666666666666,0.21415079173699889,False,-0.4771489936961501,-5.727487785;-0.9820059302;-0.4771489937,0;0;0,True,"continuous lambda scan over mode-equivalent range i,j=0..64"
0.1584375,95.49690813357219,4.833333333333334,0.6416666666666666,0.21415079173699889,False,-0.47883246543497965,-5.730862314;-0.9853840521;-0.4788324654,0;0;0,True,"continuous lambda scan over mode-equivalent range i,j=0..64"
0.1584375,95.83435303863781,4.833333333333334,0.6416666666666666,0.21415079173699889,False,-0.48051596166466354,-5.734236843;-0.9887621495;-0.4805159617,0;0;0,True,"continuous lambda scan over mode-equivalent range i,j=0..64"
0.1584375,96.17179794370345,4.833333333333334,0.6416666666666666,0.21415079173699889,False,-0.48219948214150377,-5.737611372;-0.9921402227;-0.4821994821,0;0;0,True,"continuous lambda scan over mode-equivalent range i,j=0..64"
0.1584375,96.50924284876908,4.833333333333334,0.6416666666666666,0.21415079173699889,False,-0.48388302662503774,-5.740985901;-0.9955182719;-0.4838830266,0;0;0,True,"continuous lambda scan over mode-equivalent range i,j=0..64"
0.1584375,96.8466877538347,4.833333333333334,0.6416666666666666,0.21415079173699889,False,-0.4855665948779838,-5.74436043;-0.9988962975;-0.4855665949,0;0;0,True,"continuous lambda scan over mode-equivalent range i,j=0..64"
0.1584375,97.18413265890032,4.833333333333334,0.6416666666666666,0.21415079173699889,False,-0.48725018666618897,-5.747734959;-1.0022743;-0.4872501867,0;0;0,True,"continuous lambda scan over mode-equivalent range i,j=0..64"
0.1584375,97.52157756396595,4.833333333333334,0.6416666666666666,0.21415079173699889,False,-0.488933801758578,-5.751109488;-1.005652278;-0.4889338018,0;0;0,True,"continuous lambda scan over mode-equivalent range i,j=0..64"
0.1584375,97.85902246903157,4.833333333333334,0.6416666666666666,0.21415079173699889,False,-0.49061743992710144,-5.754484016;-1.009030234;-0.4906174399,0;0;0,True,"continuous lambda scan over mode-equivalent range i,j=0..64"
0.1584375,98.19646737409721,4.833333333333334,0.6416666666666666,0.21415079173699889,False,-0.49230110094668794,-5.757858545;-1.012408167;-0.4923011009,0;0;0,True,"continuous lambda scan over mode-equivalent range i,j=0..64"
0.1584375,98.53391227916283,4.833333333333334,0.6416666666666666,0.21415079173699889,False,-0.4939847845951941,-5.761233074;-1.015786077;-0.4939847846,0;0;0,True,"continuous lambda scan over mode-equivalent range i,j=0..64"
0.1584375,98.87135718422846,4.833333333333334,0.6416666666666666,0.21415079173699889,False,-0.49566849065335805,-5.764607602;-1.019163965;-0.4956684907,0;0;0,True,"continuous lambda scan over mode-equivalent range i,j=0..64"
0.1584375,99.20880208929408,4.833333333333334,0.6416666666666666,0.21415079173699889,False,-0.4973522189047521,-5.767982131;-1.022541831;-0.4973522189,0;0;0,True,"continuous lambda scan over mode-equivalent range i,j=0..64"
0.1584375,99.5462469943597,4.833333333333334,0.6416666666666666,0.21415079173699889,False,-0.49903596913573744,-5.771356659;-1.025919675;-0.4990359691,0;0;0,True,"continuous lambda scan over mode-equivalent range i,j=0..64"
0.1584375,99.88369189942533,4.833333333333334,0.6416666666666666,0.21415079173699889,False,-0.5007197411354185,-5.774731187;-1.029297498;-0.5007197411,0;0;0,True,"continuous lambda scan over mode-equivalent range i,j=0..64"
0.1584375,100.22113680449097,4.833333333333334,0.6416666666666666,0.21415079173699889,False,-0.5024035346956006,-5.778105716;-1.032675298;-0.5024035347,0;0;0,True,"continuous lambda scan over mode-equivalent range i,j=0..64"
0.1584375,100.55858170955659,4.833333333333334,0.6416666666666666,0.21415079173699889,False,-0.5040873496107444,-5.781480244;-1.036053078;-0.5040873496,0;0;0,True,"continuous lambda scan over mode-equivalent range i,j=0..64"
0.1584375,100.89602661462222,4.833333333333334,0.6416666666666666,0.21415079173699889,False,-0.5057711856779262,-5.784854772;-1.039430836;-0.5057711857,0;0;0,True,"continuous lambda scan over mode-equivalent range i,j=0..64"
0.1584375,101.23347151968784,4.833333333333334,0.6416666666666666,0.21415079173699889,False,-0.5074550426967935,-5.7882293;-1.042808574;-0.5074550427,0;0;0,True,"continuous lambda scan over mode-equivalent range i,j=0..64"
0.1584375,101.57091642475346,4.833333333333334,0.6416666666666666,0.21415079173699889,False,-0.5091389204695276,-5.791603829;-1.04618629;-0.5091389205,0;0;0,True,"continuous lambda scan over mode-equivalent range i,j=0..64"
0.1584375,101.90836132981909,4.833333333333334,0.6416666666666666,0.21415079173699889,False,-0.5108228188008003,-5.794978357;-1.049563986;-0.5108228188,0;0;0,True,"continuous lambda scan over mode-equivalent range i,j=0..64"
0.1584375,102.24580623488472,4.833333333333334,0.6416666666666666,0.21415079173699889,False,-0.5125067374977376,-5.798352885;-1.052941662;-0.5125067375,0;0;0,True,"continuous lambda scan over mode-equivalent range i,j=0..64"
0.1584375,102.58325113995035,4.833333333333334,0.6416666666666666,0.21415079173699889,False,-0.5141906763698791,-5.801727413;-1.056319318;-0.5141906764,0;0;0,True,"continuous lambda scan over mode-equivalent range i,j=0..64"
0.1584375,102.92069604501597,4.833333333333334,0.6416666666666666,0.21415079173699889,False,-0.5158746352291418,-5.805101941;-1.059696954;-0.5158746352,0;0;0,True,"continuous lambda scan over mode-equivalent range i,j=0..64"
0.1584375,103.2581409500816,4.833333333333334,0.6416666666666666,0.21415079173699889,False,-0.5175586138897813,-5.808476468;-1.06307457;-0.5175586139,0;0;0,True,"continuous lambda scan over mode-equivalent range i,j=0..64"
0.1584375,103.59558585514722,4.833333333333334,0.6416666666666666,0.21415079173699889,False,-0.5192426121683577,-5.811850996;-1.066452167;-0.5192426122,0;0;0,True,"continuous lambda scan over mode-equivalent range i,j=0..64"
0.1584375,103.93303076021284,4.833333333333334,0.6416666666666666,0.21415079173699889,False,-0.5209266298836981,-5.815225524;-1.069829744;-0.5209266299,0;0;0,True,"continuous lambda scan over mode-equivalent range i,j=0..64"
0.1584375,104.27047566527847,4.833333333333334,0.6416666666666666,0.21415079173699889,False,-0.5226106668568622,-5.818600052;-1.073207302;-0.5226106669,0;0;0,True,"continuous lambda scan over mode-equivalent range i,j=0..64"
0.1584375,104.6079205703441,4.833333333333334,0.6416666666666666,0.21415079173699889,False,-0.5242947229111085,-5.821974579;-1.076584841;-0.5242947229,0;0;0,True,"continuous lambda scan over mode-equivalent range i,j=0..64"
0.1584375,104.94536547540973,4.833333333333334,0.6416666666666666,0.21415079173699889,False,-0.5259787978718594,-5.825349107;-1.079962361;-0.5259787979,0;0;0,True,"continuous lambda scan over mode-equivalent range i,j=0..64"
0.1584375,105.28281038047535,4.833333333333334,0.6416666666666666,0.21415079173699889,False,-0.5276628915666695,-5.828723635;-1.083339862;-0.5276628916,0;0;0,True,"continuous lambda scan over mode-equivalent range i,j=0..64"
0.1584375,105.62025528554098,4.833333333333334,0.6416666666666666,0.21415079173699889,False,-0.5293470038251916,-5.832098162;-1.086717345;-0.5293470038,0;0;0,True,"continuous lambda scan over mode-equivalent range i,j=0..64"
0.1584375,105.9577001906066,4.833333333333334,0.6416666666666666,0.21415079173699889,False,-0.5310311344791463,-5.83547269;-1.090094809;-0.5310311345,0;0;0,True,"continuous lambda scan over mode-equivalent range i,j=0..64"
0.1584375,106.29514509567223,4.833333333333334,0.6416666666666666,0.21415079173699889,False,-0.5327152833622895,-5.838847217;-1.093472256;-0.5327152834,0;0;0,True,"continuous lambda scan over mode-equivalent range i,j=0..64"
0.1584375,106.63259000073786,4.833333333333334,0.6416666666666666,0.21415079173699889,False,-0.5343994503103825,-5.842221744;-1.096849684;-0.5343994503,0;0;0,True,"continuous lambda scan over mode-equivalent range i,j=0..64"
0.1584375,106.97003490580349,4.833333333333334,0.6416666666666666,0.21415079173699889,False,-0.5360836351611606,-5.845596272;-1.100227094;-0.5360836352,0;0;0,True,"continuous lambda scan over mode-equivalent range i,j=0..64"
0.1584375,107.30747981086911,4.833333333333334,0.6416666666666666,0.21415079173699889,False,-0.5377678377543051,-5.848970799;-1.103604487;-0.5377678378,0;0;0,True,"continuous lambda scan over mode-equivalent range i,j=0..64"
0.1584375,107.64492471593474,4.833333333333334,0.6416666666666666,0.21415079173699889,False,-0.5394520579314136,-5.852345326;-1.106981862;-0.5394520579,0;0;0,True,"continuous lambda scan over mode-equivalent range i,j=0..64"
0.1584375,107.98236962100036,4.833333333333334,0.6416666666666666,0.21415079173699889,False,-0.5411362955359696,-5.855719853;-1.11035922;-0.5411362955,0;0;0,True,"continuous lambda scan over mode-equivalent range i,j=0..64"
0.1584375,108.31981452606598,4.833333333333334,0.6416666666666666,0.21415079173699889,False,-0.5428205504133176,-5.859094381;-1.113736561;-0.5428205504,0;0;0,True,"continuous lambda scan over mode-equivalent range i,j=0..64"
0.1584375,108.65725943113162,4.833333333333334,0.6416666666666666,0.21415079173699889,False,-0.5445048224106332,-5.862468908;-1.117113884;-0.5445048224,0;0;0,True,"continuous lambda scan over mode-equivalent range i,j=0..64"
0.1584375,108.99470433619724,4.833333333333334,0.6416666666666666,0.21415079173699889,False,-0.5461891113768966,-5.865843435;-1.120491191;-0.5461891114,0;0;0,True,"continuous lambda scan over mode-equivalent range i,j=0..64"
0.1584375,109.33214924126287,4.833333333333334,0.6416666666666666,0.21415079173699889,False,-0.5478734171628661,-5.869217962;-1.123868481;-0.5478734172,0;0;0,True,"continuous lambda scan over mode-equivalent range i,j=0..64"
0.1584375,109.66959414632849,4.833333333333334,0.6416666666666666,0.21415079173699889,False,-0.549557739621052,-5.872592489;-1.127245754;-0.5495577396,0;0;0,True,"continuous lambda scan over mode-equivalent range i,j=0..64"
0.1584375,110.00703905139412,4.833333333333334,0.6416666666666666,0.21415079173699889,False,-0.5512420786056914,-5.875967015;-1.130623011;-0.5512420786,0;0;0,True,"continuous lambda scan over mode-equivalent range i,j=0..64"
0.1584375,110.34448395645974,4.833333333333334,0.6416666666666666,0.21415079173699889,False,-0.5529264339727213,-5.879341542;-1.134000251;-0.552926434,0;0;0,True,"continuous lambda scan over mode-equivalent range i,j=0..64"
0.1584375,110.68192886152538,4.833333333333334,0.6416666666666666,0.21415079173699889,False,-0.5546108055797563,-5.882716069;-1.137377475;-0.5546108056,0;0;0,True,"continuous lambda scan over mode-equivalent range i,j=0..64"
0.1584375,111.019373766591,4.833333333333334,0.6416666666666666,0.21415079173699889,False,-0.5562951932860616,-5.886090596;-1.140754684;-0.5562951933,0;0;0,True,"continuous lambda scan over mode-equivalent range i,j=0..64"
0.1584375,111.35681867165663,4.833333333333334,0.6416666666666666,0.21415079173699889,False,-0.5579795969525309,-5.889465122;-1.144131876;-0.557979597,0;0;0,True,"continuous lambda scan over mode-equivalent range i,j=0..64"
0.1584375,111.69426357672225,4.833333333333334,0.6416666666666666,0.21415079173699889,False,-0.5596640164416626,-5.892839649;-1.147509052;-0.5596640164,0;0;0,True,"continuous lambda scan over mode-equivalent range i,j=0..64"
0.1584375,112.03170848178787,4.833333333333334,0.6416666666666666,0.21415079173699889,False,-0.561348451617536,-5.896214176;-1.150886213;-0.5613484516,0;0;0,True,"continuous lambda scan over mode-equivalent range i,j=0..64"
0.1584375,112.3691533868535,4.833333333333334,0.6416666666666666,0.21415079173699889,False,-0.5630329023457897,-5.899588702;-1.154263359;-0.5630329023,0;0;0,True,"continuous lambda scan over mode-equivalent range i,j=0..64"
0.1584375,112.70659829191912,4.833333333333334,0.6416666666666666,0.21415079173699889,False,-0.5647173684935971,-5.902963229;-1.157640489;-0.5647173685,0;0;0,True,"continuous lambda scan over mode-equivalent range i,j=0..64"
0.1584375,113.04404319698476,4.833333333333334,0.6416666666666666,0.21415079173699889,False,-0.5664018499296481,-5.906337755;-1.161017603;-0.5664018499,0;0;0,True,"continuous lambda scan over mode-equivalent range i,j=0..64"
0.1584375,113.38148810205038,4.833333333333334,0.6416666666666666,0.21415079173699889,False,-0.5680863465241238,-5.909712282;-1.164394703;-0.5680863465,0;0;0,True,"continuous lambda scan over mode-equivalent range i,j=0..64"
0.1584375,113.71893300711601,4.833333333333334,0.6416666666666666,0.21415079173699889,False,-0.5697708581486771,-5.913086808;-1.167771788;-0.5697708581,0;0;0,True,"continuous lambda scan over mode-equivalent range i,j=0..64"
0.1584375,114.05637791218163,4.833333333333334,0.6416666666666666,0.21415079173699889,False,-0.5714553846764124,-5.916461334;-1.171148858;-0.5714553847,0;0;0,True,"continuous lambda scan over mode-equivalent range i,j=0..64"
0.1584375,114.39382281724725,4.833333333333334,0.6416666666666666,0.21415079173699889,False,-0.5731399259818638,-5.91983586;-1.174525913;-0.573139926,0;0;0,True,"continuous lambda scan over mode-equivalent range i,j=0..64"
0.1584375,114.73126772231288,4.833333333333334,0.6416666666666666,0.21415079173699889,False,-0.574824481940976,-5.923210387;-1.177902953;-0.5748244819,0;0;0,True,"continuous lambda scan over mode-equivalent range i,j=0..64"
0.1584375,115.06871262737852,4.833333333333334,0.6416666666666666,0.21415079173699889,False,-0.5765090524310839,-5.926584913;-1.181279979;-0.5765090524,0;0;0,True,"continuous lambda scan over mode-equivalent range i,j=0..64"
0.1584375,115.40615753244414,4.833333333333334,0.6416666666666666,0.21415079173699889,False,-0.5781936373308927,-5.929959439;-1.184656991;-0.5781936373,0;0;0,True,"continuous lambda scan over mode-equivalent range i,j=0..64"
0.1584375,115.74360243750976,4.833333333333334,0.6416666666666666,0.21415079173699889,False,-0.5798782365204604,-5.933333965;-1.188033988;-0.5798782365,0;0;0,True,"continuous lambda scan over mode-equivalent range i,j=0..64"
0.1584375,116.08104734257539,4.833333333333334,0.6416666666666666,0.21415079173699889,False,-0.5815628498811772,-5.936708491;-1.191410971;-0.5815628499,0;0;0,True,"continuous lambda scan over mode-equivalent range i,j=0..64"
0.1584375,116.41849224764101,4.833333333333334,0.6416666666666666,0.21415079173699889,False,-0.583247477295749,-5.940083017;-1.194787941;-0.5832474773,0;0;0,True,"continuous lambda scan over mode-equivalent range i,j=0..64"
0.1584375,116.75593715270664,4.833333333333334,0.6416666666666666,0.21415079173699889,False,-0.5849321186481761,-5.943457543;-1.198164896;-0.5849321186,0;0;0,True,"continuous lambda scan over mode-equivalent range i,j=0..64"
0.1584375,117.09338205777227,4.833333333333334,0.6416666666666666,0.21415079173699889,False,-0.5866167738237387,-5.946832069;-1.201541838;-0.5866167738,0;0;0,True,"continuous lambda scan over mode-equivalent range i,j=0..64"
0.1584375,117.4308269628379,4.833333333333334,0.6416666666666666,0.21415079173699889,False,-0.5883014427089774,-5.950206594;-1.204918766;-0.5883014427,0;0;0,True,"continuous lambda scan over mode-equivalent range i,j=0..64"
0.1584375,117.76827186790352,4.833333333333334,0.6416666666666666,0.21415079173699889,False,-0.5899861251916759,-5.95358112;-1.20829568;-0.5899861252,0;0;0,True,"continuous lambda scan over mode-equivalent range i,j=0..64"
0.1584375,118.10571677296915,4.833333333333334,0.6416666666666666,0.21415079173699889,False,-0.591670821160845,-5.956955646;-1.211672581;-0.5916708212,0;0;0,True,"continuous lambda scan over mode-equivalent range i,j=0..64"
0.1584375,118.44316167803477,4.833333333333334,0.6416666666666666,0.21415079173699889,False,-0.5933555305067046,-5.960330172;-1.215049468;-0.5933555305,0;0;0,True,"continuous lambda scan over mode-equivalent range i,j=0..64"
0.1584375,118.7806065831004,4.833333333333334,0.6416666666666666,0.21415079173699889,False,-0.5950402531206687,-5.963704697;-1.218426343;-0.5950402531,0;0;0,True,"continuous lambda scan over mode-equivalent range i,j=0..64"
0.1584375,119.11805148816603,4.833333333333334,0.6416666666666666,0.21415079173699889,False,-0.5967249888953273,-5.967079223;-1.221803204;-0.5967249889,0;0;0,True,"continuous lambda scan over mode-equivalent range i,j=0..64"
0.1584375,119.45549639323166,4.833333333333334,0.6416666666666666,0.21415079173699889,False,-0.5984097377244326,-5.970453748;-1.225180052;-0.5984097377,0;0;0,True,"continuous lambda scan over mode-equivalent range i,j=0..64"
0.1584375,119.79294129829728,4.833333333333334,0.6416666666666666,0.21415079173699889,False,-0.6000944995028817,-5.973828274;-1.228556888;-0.6000944995,0;0;0,True,"continuous lambda scan over mode-equivalent range i,j=0..64"
0.1584375,120.1303862033629,4.833333333333334,0.6416666666666666,0.21415079173699889,False,-0.601779274126702,-5.977202799;-1.23193371;-0.6017792741,0;0;0,True,"continuous lambda scan over mode-equivalent range i,j=0..64"
0.1584375,120.46783110842853,4.833333333333334,0.6416666666666666,0.21415079173699889,False,-0.603464061493035,-5.980577325;-1.23531052;-0.6034640615,0;0;0,True,"continuous lambda scan over mode-equivalent range i,j=0..64"
0.1584375,120.80527601349415,4.833333333333334,0.6416666666666666,0.21415079173699889,False,-0.6051488615001231,-5.98395185;-1.238687318;-0.6051488615,0;0;0,True,"continuous lambda scan over mode-equivalent range i,j=0..64"
0.1584375,121.14272091855977,4.833333333333334,0.6416666666666666,0.21415079173699889,False,-0.606833674047294,-5.987326375;-1.242064102;-0.606833674,0;0;0,True,"continuous lambda scan over mode-equivalent range i,j=0..64"
0.1584375,121.48016582362541,4.833333333333334,0.6416666666666666,0.21415079173699889,False,-0.6085184990349455,-5.9907009;-1.245440875;-0.608518499,0;0;0,True,"continuous lambda scan over mode-equivalent range i,j=0..64"
0.1584375,121.81761072869104,4.833333333333334,0.6416666666666666,0.21415079173699889,False,-0.6102033363645324,-5.994075426;-1.248817635;-0.6102033364,0;0;0,True,"continuous lambda scan over mode-equivalent range i,j=0..64"
0.1584375,122.15505563375666,4.833333333333334,0.6416666666666666,0.21415079173699889,False,-0.611888185938552,-5.997449951;-1.252194383;-0.6118881859,0;0;0,True,"continuous lambda scan over mode-equivalent range i,j=0..64"
0.1584375,122.49250053882228,4.833333333333334,0.6416666666666666,0.21415079173699889,False,-0.6135730476605303,-6.000824476;-1.255571119;-0.6135730477,0;0;0,True,"continuous lambda scan over mode-equivalent range i,j=0..64"
0.1584375,122.82994544388791,4.833333333333334,0.6416666666666666,0.21415079173699889,False,-0.6152579214350087,-6.004199001;-1.258947842;-0.6152579214,0;0;0,True,"continuous lambda scan over mode-equivalent range i,j=0..64"
0.1584375,123.16739034895353,4.833333333333334,0.6416666666666666,0.21415079173699889,False,-0.6169428071675306,-6.007573526;-1.262324554;-0.6169428072,0;0;0,True,"continuous lambda scan over mode-equivalent range i,j=0..64"
0.1584375,123.50483525401917,4.833333333333334,0.6416666666666666,0.21415079173699889,False,-0.6186277047646278,-6.010948051;-1.265701254;-0.6186277048,0;0;0,True,"continuous lambda scan over mode-equivalent range i,j=0..64"
0.1584375,123.8422801590848,4.833333333333334,0.6416666666666666,0.21415079173699889,False,-0.6203126141338084,-6.014322576;-1.269077943;-0.6203126141,0;0;0,True,"continuous lambda scan over mode-equivalent range i,j=0..64"
0.1584375,124.17972506415042,4.833333333333334,0.6416666666666666,0.21415079173699889,False,-0.6219975351835433,-6.017697101;-1.272454619;-0.6219975352,0;0;0,True,"continuous lambda scan over mode-equivalent range i,j=0..64"
0.1584375,124.51716996921604,4.833333333333334,0.6416666666666666,0.21415079173699889,False,-0.6236824678232542,-6.021071625;-1.275831285;-0.6236824678,0;0;0,True,"continuous lambda scan over mode-equivalent range i,j=0..64"
0.1584375,124.85461487428167,4.833333333333334,0.6416666666666666,0.21415079173699889,False,-0.6253674119633009,-6.02444615;-1.279207938;-0.625367412,0;0;0,True,"continuous lambda scan over mode-equivalent range i,j=0..64"
0.1584375,125.19205977934729,4.833333333333334,0.6416666666666666,0.21415079173699889,False,-0.6270523675149695,-6.027820675;-1.282584581;-0.6270523675,0;0;0,True,"continuous lambda scan over mode-equivalent range i,j=0..64"
0.1584375,125.52950468441293,4.833333333333334,0.6416666666666666,0.21415079173699889,False,-0.62873733439046,-6.031195199;-1.285961212;-0.6287373344,0;0;0,True,"continuous lambda scan over mode-equivalent range i,j=0..64"
0.1584375,125.86694958947855,4.833333333333334,0.6416666666666666,0.21415079173699889,False,-0.6304223125028752,-6.034569724;-1.289337832;-0.6304223125,0;0;0,True,"continuous lambda scan over mode-equivalent range i,j=0..64"
0.1584375,126.20439449454418,4.833333333333334,0.6416666666666666,0.21415079173699889,False,-0.6321073017662086,-6.037944249;-1.292714441;-0.6321073018,0;0;0,True,"continuous lambda scan over mode-equivalent range i,j=0..64"
0.1584375,126.5418393996098,4.833333333333334,0.6416666666666666,0.21415079173699889,False,-0.633792302095333,-6.041318773;-1.296091038;-0.6337923021,0;0;0,True,"continuous lambda scan over mode-equivalent range i,j=0..64"
0.1584375,126.87928430467542,4.833333333333334,0.6416666666666666,0.21415079173699889,False,-0.6354773134059897,-6.044693298;-1.299467625;-0.6354773134,0;0;0,True,"continuous lambda scan over mode-equivalent range i,j=0..64"
0.1584375,127.21672920974105,4.833333333333334,0.6416666666666666,0.21415079173699889,False,-0.6371623356147766,-6.048067822;-1.302844201;-0.6371623356,0;0;0,True,"continuous lambda scan over mode-equivalent range i,j=0..64"
0.1584375,127.55417411480668,4.833333333333334,0.6416666666666666,0.21415079173699889,False,-0.6388473686391385,-6.051442346;-1.306220766;-0.6388473686,0;0;0,True,"continuous lambda scan over mode-equivalent range i,j=0..64"
0.1584375,127.89161901987231,4.833333333333334,0.6416666666666666,0.21415079173699889,False,-0.640532412397355,-6.054816871;-1.309597321;-0.6405324124,0;0;0,True,"continuous lambda scan over mode-equivalent range i,j=0..64"
0.1584375,128.22906392493792,4.833333333333334,0.6416666666666666,0.21415079173699889,False,-0.6422174668085313,-6.058191395;-1.312973865;-0.6422174668,0;0;0,True,"continuous lambda scan over mode-equivalent range i,j=0..64"
0.1584375,128.56650883000356,4.833333333333334,0.6416666666666666,0.21415079173699889,False,-0.643902531792587,-6.061565919;-1.316350398;-0.6439025318,0;0;0,True,"continuous lambda scan over mode-equivalent range i,j=0..64"
0.1584375,128.9039537350692,4.833333333333334,0.6416666666666666,0.21415079173699889,False,-0.6455876072702466,-6.064940443;-1.319726921;-0.6455876073,0;0;0,True,"continuous lambda scan over mode-equivalent range i,j=0..64"
0.1584375,129.2413986401348,4.833333333333334,0.6416666666666666,0.21415079173699889,False,-0.6472726931630273,-6.068314968;-1.323103434;-0.6472726932,0;0;0,True,"continuous lambda scan over mode-equivalent range i,j=0..64"
0.1584375,129.57884354520044,4.833333333333334,0.6416666666666666,0.21415079173699889,False,-0.6489577893932315,-6.071689492;-1.326479936;-0.6489577894,0;0;0,True,"continuous lambda scan over mode-equivalent range i,j=0..64"
0.1584375,129.91628845026605,4.833333333333334,0.6416666666666666,0.21415079173699889,False,-0.6506428958839366,-6.075064016;-1.329856428;-0.6506428959,0;0;0,True,"continuous lambda scan over mode-equivalent range i,j=0..64"
0.1584375,130.2537333553317,4.833333333333334,0.6416666666666666,0.21415079173699889,False,-0.6523280125589843,-6.07843854;-1.33323291;-0.6523280126,0;0;0,True,"continuous lambda scan over mode-equivalent range i,j=0..64"
0.1584375,130.5911782603973,4.833333333333334,0.6416666666666666,0.21415079173699889,False,-0.6540131393429713,-6.081813064;-1.336609382;-0.6540131393,0;0;0,True,"continuous lambda scan over mode-equivalent range i,j=0..64"
0.1584375,130.92862316546294,4.833333333333334,0.6416666666666666,0.21415079173699889,False,-0.6556982761612417,-6.085187588;-1.339985844;-0.6556982762,0;0;0,True,"continuous lambda scan over mode-equivalent range i,j=0..64"
0.1584375,131.26606807052858,4.833333333333334,0.6416666666666666,0.21415079173699889,False,-0.6573834229398746,-6.088562111;-1.343362296;-0.6573834229,0;0;0,True,"continuous lambda scan over mode-equivalent range i,j=0..64"
0.1584375,131.60351297559419,4.833333333333334,0.6416666666666666,0.21415079173699889,False,-0.6590685796056778,-6.091936635;-1.346738738;-0.6590685796,0;0;0,True,"continuous lambda scan over mode-equivalent range i,j=0..64"
0.1584375,131.94095788065982,4.833333333333334,0.6416666666666666,0.21415079173699889,False,-0.6607537460861778,-6.095311159;-1.35011517;-0.6607537461,0;0;0,True,"continuous lambda scan over mode-equivalent range i,j=0..64"
0.1584375,132.27840278572543,4.833333333333334,0.6416666666666666,0.21415079173699889,False,-0.662438922309611,-6.098685683;-1.353491593;-0.6624389223,0;0;0,True,"continuous lambda scan over mode-equivalent range i,j=0..64"
0.1584375,132.61584769079107,4.833333333333334,0.6416666666666666,0.21415079173699889,False,-0.6641241082049151,-6.102060206;-1.356868006;-0.6641241082,0;0;0,True,"continuous lambda scan over mode-equivalent range i,j=0..64"
0.1584375,132.9532925958567,4.833333333333334,0.6416666666666666,0.21415079173699889,False,-0.6658093037017206,-6.10543473;-1.36024441;-0.6658093037,0;0;0,True,"continuous lambda scan over mode-equivalent range i,j=0..64"
0.1584375,133.29073750092232,4.833333333333334,0.6416666666666666,0.21415079173699889,False,-0.6674945087303417,-6.108809254;-1.363620804;-0.6674945087,0;0;0,True,"continuous lambda scan over mode-equivalent range i,j=0..64"
0.1584375,133.62818240598796,4.833333333333334,0.6416666666666666,0.21415079173699889,False,-0.6691797232217692,-6.112183777;-1.366997188;-0.6691797232,0;0;0,True,"continuous lambda scan over mode-equivalent range i,j=0..64"
0.1584375,133.96562731105357,4.833333333333334,0.6416666666666666,0.21415079173699889,False,-0.6708649471076612,-6.115558301;-1.370373564;-0.6708649471,0;0;0,True,"continuous lambda scan over mode-equivalent range i,j=0..64"
0.1584375,134.3030722161192,4.833333333333334,0.6416666666666666,0.21415079173699889,False,-0.6725501803203361,-6.118932824;-1.373749929;-0.6725501803,0;0;0,True,"continuous lambda scan over mode-equivalent range i,j=0..64"
0.1584375,134.6405171211848,4.833333333333334,0.6416666666666666,0.21415079173699889,False,-0.6742354227927634,-6.122307348;-1.377126286;-0.6742354228,0;0;0,True,"continuous lambda scan over mode-equivalent range i,j=0..64"
0.1584375,134.97796202625045,4.833333333333334,0.6416666666666666,0.21415079173699889,False,-0.675920674458557,-6.125681871;-1.380502634;-0.6759206745,0;0;0,True,"continuous lambda scan over mode-equivalent range i,j=0..64"
0.1584375,135.3154069313161,4.833333333333334,0.6416666666666666,0.21415079173699889,False,-0.677605935251967,-6.129056394;-1.383878972;-0.6776059353,0;0;0,True,"continuous lambda scan over mode-equivalent range i,j=0..64"
0.1584375,135.6528518363817,4.833333333333334,0.6416666666666666,0.21415079173699889,False,-0.679291205107871,-6.132430918;-1.387255302;-0.6792912051,0;0;0,True,"continuous lambda scan over mode-equivalent range i,j=0..64"
0.1584375,135.99029674144734,4.833333333333334,0.6416666666666666,0.21415079173699889,False,-0.6809764839617691,-6.135805441;-1.390631622;-0.680976484,0;0;0,True,"continuous lambda scan over mode-equivalent range i,j=0..64"
0.1584375,136.32774164651295,4.833333333333334,0.6416666666666666,0.21415079173699889,False,-0.6826617717497744,-6.139179964;-1.394007934;-0.6826617717,0;0;0,True,"continuous lambda scan over mode-equivalent range i,j=0..64"
0.1584375,136.66518655157859,4.833333333333334,0.6416666666666666,0.21415079173699889,False,-0.6843470684086063,-6.142554487;-1.397384237;-0.6843470684,0;0;0,True,"continuous lambda scan over mode-equivalent range i,j=0..64"
0.1584375,137.00263145664422,4.833333333333334,0.6416666666666666,0.21415079173699889,False,-0.6860323738755838,-6.14592901;-1.400760531;-0.6860323739,0;0;0,True,"continuous lambda scan over mode-equivalent range i,j=0..64"
0.1584375,137.34007636170983,4.833333333333334,0.6416666666666666,0.21415079173699889,False,-0.6877176880886174,-6.149303533;-1.404136816;-0.6877176881,0;0;0,True,"continuous lambda scan over mode-equivalent range i,j=0..64"
0.1584375,137.67752126677547,4.833333333333334,0.6416666666666666,0.21415079173699889,False,-0.6894030109862033,-6.152678056;-1.407513093;-0.689403011,0;0;0,True,"continuous lambda scan over mode-equivalent range i,j=0..64"
0.1584375,138.01496617184108,4.833333333333334,0.6416666666666666,0.21415079173699889,False,-0.6910883425074151,-6.156052579;-1.410889361;-0.6910883425,0;0;0,True,"continuous lambda scan over mode-equivalent range i,j=0..64"
0.1584375,138.35241107690672,4.833333333333334,0.6416666666666666,0.21415079173699889,False,-0.6927736825918992,-6.159427102;-1.414265621;-0.6927736826,0;0;0,True,"continuous lambda scan over mode-equivalent range i,j=0..64"
0.1584375,138.68985598197233,4.833333333333334,0.6416666666666666,0.21415079173699889,False,-0.6944590311798652,-6.162801625;-1.417641872;-0.6944590312,0;0;0,True,"continuous lambda scan over mode-equivalent range i,j=0..64"
0.1584375,139.02730088703797,4.833333333333334,0.6416666666666666,0.21415079173699889,False,-0.6961443882120819,-6.166176148;-1.421018115;-0.6961443882,0;0;0,True,"continuous lambda scan over mode-equivalent range i,j=0..64"
0.1584375,139.3647457921036,4.833333333333334,0.6416666666666666,0.21415079173699889,False,-0.6978297536298695,-6.16955067;-1.424394349;-0.6978297536,0;0;0,True,"continuous lambda scan over mode-equivalent range i,j=0..64"
0.1584375,139.70219069716921,4.833333333333334,0.6416666666666666,0.21415079173699889,False,-0.6995151273750929,-6.172925193;-1.427770576;-0.6995151274,0;0;0,True,"continuous lambda scan over mode-equivalent range i,j=0..64"
0.1584375,140.03963560223485,4.833333333333334,0.6416666666666666,0.21415079173699889,False,-0.7012005093901568,-6.176299716;-1.431146793;-0.7012005094,0;0;0,True,"continuous lambda scan over mode-equivalent range i,j=0..64"
0.1584375,140.37708050730046,4.833333333333334,0.6416666666666666,0.21415079173699889,False,-0.7028858996179976,-6.179674238;-1.434523003;-0.7028858996,0;0;0,True,"continuous lambda scan over mode-equivalent range i,j=0..64"
0.1584375,140.7145254123661,4.833333333333334,0.6416666666666666,0.21415079173699889,False,-0.704571298002079,-6.183048761;-1.437899205;-0.704571298,0;0;0,True,"continuous lambda scan over mode-equivalent range i,j=0..64"
0.1584375,141.0519703174317,4.833333333333334,0.6416666666666666,0.21415079173699889,False,-0.7062567044863842,-6.186423284;-1.441275399;-0.7062567045,0;0;0,True,"continuous lambda scan over mode-equivalent range i,j=0..64"
0.1584375,141.38941522249735,4.833333333333334,0.6416666666666666,0.21415079173699889,False,-0.7079421190154119,-6.189797806;-1.444651584;-0.707942119,0;0;0,True,"continuous lambda scan over mode-equivalent range i,j=0..64"
0.1584375,141.726860127563,4.833333333333334,0.6416666666666666,0.21415079173699889,False,-0.7096275415341688,-6.193172328;-1.448027762;-0.7096275415,0;0;0,True,"continuous lambda scan over mode-equivalent range i,j=0..64"
0.1584375,142.0643050326286,4.833333333333334,0.6416666666666666,0.21415079173699889,False,-0.7113129719881641,-6.196546851;-1.451403932;-0.711312972,0;0;0,True,"continuous lambda scan over mode-equivalent range i,j=0..64"
0.1584375,142.40174993769423,4.833333333333334,0.6416666666666666,0.21415079173699889,False,-0.7129984103234046,-6.199921373;-1.454780093;-0.7129984103,0;0;0,True,"continuous lambda scan over mode-equivalent range i,j=0..64"
0.1584375,142.73919484275984,4.833333333333334,0.6416666666666666,0.21415079173699889,False,-0.7146838564863878,-6.203295896;-1.458156248;-0.7146838565,0;0;0,True,"continuous lambda scan over mode-equivalent range i,j=0..64"
0.1584375,143.07663974782548,4.833333333333334,0.6416666666666666,0.21415079173699889,False,-0.7163693104240971,-6.206670418;-1.461532394;-0.7163693104,0;0;0,True,"continuous lambda scan over mode-equivalent range i,j=0..64"
0.1584375,143.41408465289112,4.833333333333334,0.6416666666666666,0.21415079173699889,False,-0.7180547720839966,-6.21004494;-1.464908533;-0.7180547721,0;0;0,True,"continuous lambda scan over mode-equivalent range i,j=0..64"
0.1584375,143.75152955795673,4.833333333333334,0.6416666666666666,0.21415079173699889,False,-0.7197402414140243,-6.213419462;-1.468284664;-0.7197402414,0;0;0,True,"continuous lambda scan over mode-equivalent range i,j=0..64"
0.1584375,144.08897446302237,4.833333333333334,0.6416666666666666,0.21415079173699889,False,-0.7214257183625888,-6.216793984;-1.471660787;-0.7214257184,0;0;0,True,"continuous lambda scan over mode-equivalent range i,j=0..64"
0.1584375,144.42641936808798,4.833333333333334,0.6416666666666666,0.21415079173699889,False,-0.7231112028785616,-6.220168506;-1.475036904;-0.7231112029,0;0;0,True,"continuous lambda scan over mode-equivalent range i,j=0..64"
0.1584375,144.76386427315362,4.833333333333334,0.6416666666666666,0.21415079173699889,False,-0.7247966949112741,-6.223543028;-1.478413012;-0.7247966949,0;0;0,True,"continuous lambda scan over mode-equivalent range i,j=0..64"
0.1584375,145.10130917821922,4.833333333333334,0.6416666666666666,0.21415079173699889,False,-0.7264821944105109,-6.22691755;-1.481789113;-0.7264821944,0;0;0,True,"continuous lambda scan over mode-equivalent range i,j=0..64"
0.1584375,145.43875408328486,4.833333333333334,0.6416666666666666,0.21415079173699889,False,-0.7281677013265055,-6.230292072;-1.485165207;-0.7281677013,0;0;0,True,"continuous lambda scan over mode-equivalent range i,j=0..64"
0.1584375,145.7761989883505,4.833333333333334,0.6416666666666666,0.21415079173699889,False,-0.7298532156099352,-6.233666594;-1.488541293;-0.7298532156,0;0;0,True,"continuous lambda scan over mode-equivalent range i,j=0..64"
0.1584375,146.1136438934161,4.833333333333334,0.6416666666666666,0.21415079173699889,False,-0.731538737211916,-6.237041116;-1.491917373;-0.7315387372,0;0;0,True,"continuous lambda scan over mode-equivalent range i,j=0..64"
0.1584375,146.45108879848175,4.833333333333334,0.6416666666666666,0.21415079173699889,False,-0.7332242660839974,-6.240415638;-1.495293445;-0.7332242661,0;0;0,True,"continuous lambda scan over mode-equivalent range i,j=0..64"
0.1584375,146.78853370354736,4.833333333333334,0.6416666666666666,0.21415079173699889,False,-0.7349098021781586,-6.24379016;-1.498669509;-0.7349098022,0;0;0,True,"continuous lambda scan over mode-equivalent range i,j=0..64"
0.1584375,147.125978608613,4.833333333333334,0.6416666666666666,0.21415079173699889,False,-0.736595345446803,-6.247164681;-1.502045567;-0.7365953454,0;0;0,True,"continuous lambda scan over mode-equivalent range i,j=0..64"
0.1584375,147.4634235136786,4.833333333333334,0.6416666666666666,0.21415079173699889,False,-0.7382808958427531,-6.250539203;-1.505421617;-0.7382808958,0;0;0,True,"continuous lambda scan over mode-equivalent range i,j=0..64"
0.1584375,147.80086841874424,4.833333333333334,0.6416666666666666,0.21415079173699889,False,-0.7399664533192472,-6.253913725;-1.508797661;-0.7399664533,0;0;0,True,"continuous lambda scan over mode-equivalent range i,j=0..64"
0.1584375,148.13831332380988,4.833333333333334,0.6416666666666666,0.21415079173699889,False,-0.7416520178299332,-6.257288246;-1.512173697;-0.7416520178,0;0;0,True,"continuous lambda scan over mode-equivalent range i,j=0..64"
0.1584375,148.4757582288755,4.833333333333334,0.6416666666666666,0.21415079173699889,False,-0.7433375893288655,-6.260662768;-1.515549727;-0.7433375893,0;0;0,True,"continuous lambda scan over mode-equivalent range i,j=0..64"
0.1584375,148.81320313394113,4.833333333333334,0.6416666666666666,0.21415079173699889,False,-0.7450231677705005,-6.264037289;-1.51892575;-0.7450231678,0;0;0,True,"continuous lambda scan over mode-equivalent range i,j=0..64"
0.1584375,149.15064803900674,4.833333333333334,0.6416666666666666,0.21415079173699889,False,-0.7467087531096901,-6.267411811;-1.522301766;-0.7467087531,0;0;0,True,"continuous lambda scan over mode-equivalent range i,j=0..64"
0.1584375,149.48809294407238,4.833333333333334,0.6416666666666666,0.21415079173699889,False,-0.7483943453016808,-6.270786332;-1.525677775;-0.7483943453,0;0;0,True,"continuous lambda scan over mode-equivalent range i,j=0..64"
0.1584375,149.82553784913802,4.833333333333334,0.6416666666666666,0.21415079173699889,False,-0.750079944302107,-6.274160854;-1.529053777;-0.7500799443,0;0;0,True,"continuous lambda scan over mode-equivalent range i,j=0..64"
0.1584375,150.16298275420363,4.833333333333334,0.6416666666666666,0.21415079173699889,False,-0.7517655500669866,-6.277535375;-1.532429772;-0.7517655501,0;0;0,True,"continuous lambda scan over mode-equivalent range i,j=0..64"
0.1584375,150.50042765926926,4.833333333333334,0.6416666666666666,0.21415079173699889,False,-0.753451162552719,-6.280909896;-1.535805761;-0.7534511626,0;0;0,True,"continuous lambda scan over mode-equivalent range i,j=0..64"
0.1584375,150.83787256433487,4.833333333333334,0.6416666666666666,0.21415079173699889,False,-0.7551367817160787,-6.284284418;-1.539181743;-0.7551367817,0;0;0,True,"continuous lambda scan over mode-equivalent range i,j=0..64"
0.1584375,151.1753174694005,4.833333333333334,0.6416666666666666,0.21415079173699889,False,-0.7568224075142128,-6.287658939;-1.542557719;-0.7568224075,0;0;0,True,"continuous lambda scan over mode-equivalent range i,j=0..64"
0.1584375,151.51276237446612,4.833333333333334,0.6416666666666666,0.21415079173699889,False,-0.7585080399046358,-6.29103346;-1.545933688;-0.7585080399,0;0;0,True,"continuous lambda scan over mode-equivalent range i,j=0..64"
0.1584375,151.85020727953176,4.833333333333334,0.6416666666666666,0.21415079173699889,False,-0.7601936788452269,-6.294407981;-1.549309651;-0.7601936788,0;0;0,True,"continuous lambda scan over mode-equivalent range i,j=0..64"
0.1584375,152.1876521845974,4.833333333333334,0.6416666666666666,0.21415079173699889,False,-0.7618793242942252,-6.297782502;-1.552685607;-0.7618793243,0;0;0,True,"continuous lambda scan over mode-equivalent range i,j=0..64"
0.1584375,152.525097089663,4.833333333333334,0.6416666666666666,0.21415079173699889,False,-0.7635649762102258,-6.301157023;-1.556061557;-0.7635649762,0;0;0,True,"continuous lambda scan over mode-equivalent range i,j=0..64"
0.1584375,152.86254199472864,4.833333333333334,0.6416666666666666,0.21415079173699889,False,-0.7652506345521767,-6.304531544;-1.5594375;-0.7652506346,0;0;0,True,"continuous lambda scan over mode-equivalent range i,j=0..64"
0.1584375,153.19998689979425,4.833333333333334,0.6416666666666666,0.21415079173699889,False,-0.7669362992793745,-6.307906065;-1.562813437;-0.7669362993,0;0;0,True,"continuous lambda scan over mode-equivalent range i,j=0..64"
0.1584375,153.5374318048599,4.833333333333334,0.6416666666666666,0.21415079173699889,False,-0.7686219703514611,-6.311280586;-1.566189368;-0.7686219704,0;0;0,True,"continuous lambda scan over mode-equivalent range i,j=0..64"
0.1584375,153.87487670992553,4.833333333333334,0.6416666666666666,0.21415079173699889,False,-0.7703076477284192,-6.314655107;-1.569565292;-0.7703076477,0;0;0,True,"continuous lambda scan over mode-equivalent range i,j=0..64"
0.1584375,154.21232161499114,4.833333333333334,0.6416666666666666,0.21415079173699889,False,-0.7719933313705702,-6.318029627;-1.57294121;-0.7719933314,0;0;0,True,"continuous lambda scan over mode-equivalent range i,j=0..64"
0.1584375,154.54976652005678,4.833333333333334,0.6416666666666666,0.21415079173699889,False,-0.7736790212385694,-6.321404148;-1.576317122;-0.7736790212,0;0;0,True,"continuous lambda scan over mode-equivalent range i,j=0..64"
0.1584375,154.8872114251224,4.833333333333334,0.6416666666666666,0.21415079173699889,False,-0.7753647172934015,-6.324778669;-1.579693028;-0.7753647173,0;0;0,True,"continuous lambda scan over mode-equivalent range i,j=0..64"
0.1584375,155.22465633018803,4.833333333333334,0.6416666666666666,0.21415079173699889,False,-0.7770504194963813,-6.32815319;-1.583068928;-0.7770504195,0;0;0,True,"continuous lambda scan over mode-equivalent range i,j=0..64"
0.1584375,155.56210123525364,4.833333333333334,0.6416666666666666,0.21415079173699889,False,-0.7787361278091446,-6.33152771;-1.586444821;-0.7787361278,0;0;0,True,"continuous lambda scan over mode-equivalent range i,j=0..64"
0.1584375,155.89954614031927,4.833333333333334,0.6416666666666666,0.21415079173699889,False,-0.7804218421936491,-6.334902231;-1.589820709;-0.7804218422,0;0;0,True,"continuous lambda scan over mode-equivalent range i,j=0..64"
0.1584375,156.2369910453849,4.833333333333334,0.6416666666666666,0.21415079173699889,False,-0.7821075626121695,-6.338276751;-1.593196591;-0.7821075626,0;0;0,True,"continuous lambda scan over mode-equivalent range i,j=0..64"
0.1584375,156.57443595045052,4.833333333333334,0.6416666666666666,0.21415079173699889,False,-0.7837932890272936,-6.341651272;-1.596572466;-0.783793289,0;0;0,True,"continuous lambda scan over mode-equivalent range i,j=0..64"
0.1584375,156.91188085551616,4.833333333333334,0.6416666666666666,0.21415079173699889,False,-0.7854790214019207,-6.345025792;-1.599948336;-0.7854790214,0;0;0,True,"continuous lambda scan over mode-equivalent range i,j=0..64"
0.1584375,157.24932576058177,4.833333333333334,0.6416666666666666,0.21415079173699889,False,-0.7871647596992561,-6.348400313;-1.6033242;-0.7871647597,0;0;0,True,"continuous lambda scan over mode-equivalent range i,j=0..64"
0.1584375,157.5867706656474,4.833333333333334,0.6416666666666666,0.21415079173699889,False,-0.7888505038828109,-6.351774833;-1.606700058;-0.7888505039,0;0;0,True,"continuous lambda scan over mode-equivalent range i,j=0..64"
0.1584375,157.92421557071302,4.833333333333334,0.6416666666666666,0.21415079173699889,False,-0.7905362539163957,-6.355149353;-1.610075911;-0.7905362539,0;0;0,True,"continuous lambda scan over mode-equivalent range i,j=0..64"
0.1584375,158.26166047577865,4.833333333333334,0.6416666666666666,0.21415079173699889,False,-0.7922220097641199,-6.358523874;-1.613451757;-0.7922220098,0;0;0,True,"continuous lambda scan over mode-equivalent range i,j=0..64"
0.1584375,158.5991053808443,4.833333333333334,0.6416666666666666,0.21415079173699889,False,-0.793907771390387,-6.361898394;-1.616827598;-0.7939077714,0;0;0,True,"continuous lambda scan over mode-equivalent range i,j=0..64"
0.1584375,158.9365502859099,4.833333333333334,0.6416666666666666,0.21415079173699889,False,-0.7955935387598932,-6.365272914;-1.620203433;-0.7955935388,0;0;0,True,"continuous lambda scan over mode-equivalent range i,j=0..64"
0.1584375,159.27399519097554,4.833333333333334,0.6416666666666666,0.21415079173699889,False,-0.7972793118376227,-6.368647434;-1.623579262;-0.7972793118,0;0;0,True,"continuous lambda scan over mode-equivalent range i,j=0..64"
0.1584375,159.61144009604115,4.833333333333334,0.6416666666666666,0.21415079173699889,False,-0.7989650905888456,-6.372021954;-1.626955086;-0.7989650906,0;0;0,True,"continuous lambda scan over mode-equivalent range i,j=0..64"
0.1584375,159.9488850011068,4.833333333333334,0.6416666666666666,0.21415079173699889,False,-0.8006508749791157,-6.375396474;-1.630330904;-0.800650875,0;0;0,True,"continuous lambda scan over mode-equivalent range i,j=0..64"
0.1584375,160.28632990617243,4.833333333333334,0.6416666666666666,0.21415079173699889,False,-0.8023366649742658,-6.378770994;-1.633706717;-0.802336665,0;0;0,True,"continuous lambda scan over mode-equivalent range i,j=0..64"
0.1584375,160.62377481123804,4.833333333333334,0.6416666666666666,0.21415079173699889,False,-0.8040224605404066,-6.382145514;-1.637082524;-0.8040224605,0;0;0,True,"continuous lambda scan over mode-equivalent range i,j=0..64"
0.1584375,160.96121971630367,4.833333333333334,0.6416666666666666,0.21415079173699889,False,-0.8057082616439235,-6.385520034;-1.640458325;-0.8057082616,0;0;0,True,"continuous lambda scan over mode-equivalent range i,j=0..64"
0.1584375,161.29866462136928,4.833333333333334,0.6416666666666666,0.21415079173699889,False,-0.8073940682514723,-6.388894554;-1.643834122;-0.8073940683,0;0;0,True,"continuous lambda scan over mode-equivalent range i,j=0..64"
0.1584375,161.63610952643492,4.833333333333334,0.6416666666666666,0.21415079173699889,False,-0.8090798803299794,-6.392269074;-1.647209912;-0.8090798803,0;0;0,True,"continuous lambda scan over mode-equivalent range i,j=0..64"
0.1584375,161.97355443150053,4.833333333333334,0.6416666666666666,0.21415079173699889,False,-0.810765697846635,-6.395643594;-1.650585698;-0.8107656978,0;0;0,True,"continuous lambda scan over mode-equivalent range i,j=0..64"
0.1584375,162.31099933656617,4.833333333333334,0.6416666666666666,0.21415079173699889,False,-0.8124515207688956,-6.399018114;-1.653961478;-0.8124515208,0;0;0,True,"continuous lambda scan over mode-equivalent range i,j=0..64"
0.1584375,162.6484442416318,4.833333333333334,0.6416666666666666,0.21415079173699889,False,-0.8141373490644764,-6.402392633;-1.657337252;-0.8141373491,0;0;0,True,"continuous lambda scan over mode-equivalent range i,j=0..64"
0.1584375,162.98588914669742,4.833333333333334,0.6416666666666666,0.21415079173699889,False,-0.8158231827013518,-6.405767153;-1.660713021;-0.8158231827,0;0;0,True,"continuous lambda scan over mode-equivalent range i,j=0..64"
0.1584375,163.32333405176306,4.833333333333334,0.6416666666666666,0.21415079173699889,False,-0.8175090216477521,-6.409141673;-1.664088785;-0.8175090216,0;0;0,True,"continuous lambda scan over mode-equivalent range i,j=0..64"
0.1584375,163.66077895682866,4.833333333333334,0.6416666666666666,0.21415079173699889,False,-0.8191948658721593,-6.412516192;-1.667464544;-0.8191948659,0;0;0,True,"continuous lambda scan over mode-equivalent range i,j=0..64"
0.1584375,163.9982238618943,4.833333333333334,0.6416666666666666,0.21415079173699889,False,-0.8208807153433079,-6.415890712;-1.670840298;-0.8208807153,0;0;0,True,"continuous lambda scan over mode-equivalent range i,j=0..64"
0.1584375,164.3356687669599,4.833333333333334,0.6416666666666666,0.21415079173699889,False,-0.8225665700301791,-6.419265231;-1.674216046;-0.82256657,0;0;0,True,"continuous lambda scan over mode-equivalent range i,j=0..64"
0.1584375,164.67311367202555,4.833333333333334,0.6416666666666666,0.21415079173699889,False,-0.8242524299020001,-6.422639751;-1.67759179;-0.8242524299,0;0;0,True,"continuous lambda scan over mode-equivalent range i,j=0..64"
0.1584375,165.0105585770912,4.833333333333334,0.6416666666666666,0.21415079173699889,False,-0.8259382949282417,-6.42601427;-1.680967528;-0.8259382949,0;0;0,True,"continuous lambda scan over mode-equivalent range i,j=0..64"
0.1584375,165.3480034821568,4.833333333333334,0.6416666666666666,0.21415079173699889,False,-0.8276241650786151,-6.42938879;-1.684343261;-0.8276241651,0;0;0,True,"continuous lambda scan over mode-equivalent range i,j=0..64"
0.1584375,165.68544838722244,4.833333333333334,0.6416666666666666,0.21415079173699889,False,-0.8293100403230701,-6.432763309;-1.687718989;-0.8293100403,0;0;0,True,"continuous lambda scan over mode-equivalent range i,j=0..64"
0.1584375,166.02289329228805,4.833333333333334,0.6416666666666666,0.21415079173699889,False,-0.8309959206317923,-6.436137828;-1.691094712;-0.8309959206,0;0;0,True,"continuous lambda scan over mode-equivalent range i,j=0..64"
0.1584375,166.36033819735368,4.833333333333334,0.6416666666666666,0.21415079173699889,False,-0.8326818059752016,-6.439512348;-1.69447043;-0.832681806,0;0;0,True,"continuous lambda scan over mode-equivalent range i,j=0..64"
0.1584375,166.69778310241932,4.833333333333334,0.6416666666666666,0.21415079173699889,False,-0.8343676963239488,-6.442886867;-1.697846143;-0.8343676963,0;0;0,True,"continuous lambda scan over mode-equivalent range i,j=0..64"
0.1584375,167.03522800748493,4.833333333333334,0.6416666666666666,0.21415079173699889,False,-0.8360535916489145,-6.446261386;-1.701221851;-0.8360535916,0;0;0,True,"continuous lambda scan over mode-equivalent range i,j=0..64"
0.1584375,167.37267291255057,4.833333333333334,0.6416666666666666,0.21415079173699889,False,-0.8377394919212057,-6.449635905;-1.704597554;-0.8377394919,0;0;0,True,"continuous lambda scan over mode-equivalent range i,j=0..64"
0.1584375,167.71011781761618,4.833333333333334,0.6416666666666666,0.21415079173699889,False,-0.8394253971121545,-6.453010424;-1.707973253;-0.8394253971,0;0;0,True,"continuous lambda scan over mode-equivalent range i,j=0..64"
0.1584375,168.04756272268182,4.833333333333334,0.6416666666666666,0.21415079173699889,False,-0.8411113071933155,-6.456384943;-1.711348946;-0.8411113072,0;0;0,True,"continuous lambda scan over mode-equivalent range i,j=0..64"
0.1584375,168.38500762774743,4.833333333333334,0.6416666666666666,0.21415079173699889,False,-0.8427972221364638,-6.459759462;-1.714724635;-0.8427972221,0;0;0,True,"continuous lambda scan over mode-equivalent range i,j=0..64"
0.1584375,168.72245253281307,4.833333333333334,0.6416666666666666,0.21415079173699889,False,-0.844483141913593,-6.463133981;-1.718100319;-0.8444831419,0;0;0,True,"continuous lambda scan over mode-equivalent range i,j=0..64"
0.1584375,169.0598974378787,4.833333333333334,0.6416666666666666,0.21415079173699889,False,-0.846169066496912,-6.4665085;-1.721475998;-0.8461690665,0;0;0,True,"continuous lambda scan over mode-equivalent range i,j=0..64"
0.1584375,169.3973423429443,4.833333333333334,0.6416666666666666,0.21415079173699889,False,-0.8478549958588449,-6.469883019;-1.724851672;-0.8478549959,0;0;0,True,"continuous lambda scan over mode-equivalent range i,j=0..64"
0.1584375,169.73478724800995,4.833333333333334,0.6416666666666666,0.21415079173699889,False,-0.8495409299720271,-6.473257538;-1.728227342;-0.84954093,0;0;0,True,"continuous lambda scan over mode-equivalent range i,j=0..64"
0.1584375,170.07223215307556,4.833333333333334,0.6416666666666666,0.21415079173699889,False,-0.8512268688093043,-6.476632057;-1.731603007;-0.8512268688,0;0;0,True,"continuous lambda scan over mode-equivalent range i,j=0..64"
0.1584375,170.4096770581412,4.833333333333334,0.6416666666666666,0.21415079173699889,False,-0.8529128123437302,-6.480006575;-1.734978667;-0.8529128123,0;0;0,True,"continuous lambda scan over mode-equivalent range i,j=0..64"
0.1584375,170.74712196320684,4.833333333333334,0.6416666666666666,0.21415079173699889,False,-0.8545987605485644,-6.483381094;-1.738354323;-0.8545987605,0;0;0,True,"continuous lambda scan over mode-equivalent range i,j=0..64"
0.1584375,171.08456686827245,4.833333333333334,0.6416666666666666,0.21415079173699889,False,-0.8562847133972701,-6.486755613;-1.741729974;-0.8562847134,0;0;0,True,"continuous lambda scan over mode-equivalent range i,j=0..64"
0.1584375,171.42201177333808,4.833333333333334,0.6416666666666666,0.21415079173699889,False,-0.8579706708635135,-6.490130131;-1.745105621;-0.8579706709,0;0;0,True,"continuous lambda scan over mode-equivalent range i,j=0..64"
0.1584375,171.7594566784037,4.833333333333334,0.6416666666666666,0.21415079173699889,False,-0.85965663292116,-6.49350465;-1.748481263;-0.8596566329,0;0;0,True,"continuous lambda scan over mode-equivalent range i,j=0..64"
0.1584375,172.09690158346933,4.833333333333334,0.6416666666666666,0.21415079173699889,False,-0.8613425995442744,-6.496879168;-1.7518569;-0.8613425995,0;0;0,True,"continuous lambda scan over mode-equivalent range i,j=0..64"
0.1584375,172.43434648853494,4.833333333333334,0.6416666666666666,0.21415079173699889,False,-0.8630285707071165,-6.500253687;-1.755232533;-0.8630285707,0;0;0,True,"continuous lambda scan over mode-equivalent range i,j=0..64"
0.1584375,172.77179139360058,4.833333333333334,0.6416666666666666,0.21415079173699889,False,-0.8647145463841416,-6.503628205;-1.758608162;-0.8647145464,0;0;0,True,"continuous lambda scan over mode-equivalent range i,j=0..64"
0.1584375,173.10923629866622,4.833333333333334,0.6416666666666666,0.21415079173699889,False,-0.8664005265499973,-6.507002724;-1.761983786;-0.8664005265,0;0;0,True,"continuous lambda scan over mode-equivalent range i,j=0..64"
0.1584375,173.44668120373183,4.833333333333334,0.6416666666666666,0.21415079173699889,False,-0.8680865111795218,-6.510377242;-1.765359405;-0.8680865112,0;0;0,True,"continuous lambda scan over mode-equivalent range i,j=0..64"
0.1584375,173.78412610879747,4.833333333333334,0.6416666666666666,0.21415079173699889,False,-0.8697725002477433,-6.513751761;-1.768735021;-0.8697725002,0;0;0,True,"continuous lambda scan over mode-equivalent range i,j=0..64"
0.1584375,174.12157101386308,4.833333333333334,0.6416666666666666,0.21415079173699889,False,-0.8714584937298764,-6.517126279;-1.772110631;-0.8714584937,0;0;0,True,"continuous lambda scan over mode-equivalent range i,j=0..64"
0.1584375,174.4590159189287,4.833333333333334,0.6416666666666666,0.21415079173699889,False,-0.8731444916013215,-6.520500797;-1.775486238;-0.8731444916,0;0;0,True,"continuous lambda scan over mode-equivalent range i,j=0..64"
0.1584375,174.79646082399432,4.833333333333334,0.6416666666666666,0.21415079173699889,False,-0.8748304938376626,-6.523875315;-1.77886184;-0.8748304938,0;0;0,True,"continuous lambda scan over mode-equivalent range i,j=0..64"
0.1584375,175.13390572905996,4.833333333333334,0.6416666666666666,0.21415079173699889,False,-0.8765165004146662,-6.527249833;-1.782237438;-0.8765165004,0;0;0,True,"continuous lambda scan over mode-equivalent range i,j=0..64"
0.1584375,175.4713506341256,4.833333333333334,0.6416666666666666,0.21415079173699889,False,-0.878202511308279,-6.530624352;-1.785613032;-0.8782025113,0;0;0,True,"continuous lambda scan over mode-equivalent range i,j=0..64"
0.1584375,175.8087955391912,4.833333333333334,0.6416666666666666,0.21415079173699889,False,-0.8798885264946265,-6.53399887;-1.788988621;-0.8798885265,0;0;0,True,"continuous lambda scan over mode-equivalent range i,j=0..64"
0.1584375,176.14624044425685,4.833333333333334,0.6416666666666666,0.21415079173699889,False,-0.8815745459500107,-6.537373388;-1.792364206;-0.881574546,0;0;0,True,"continuous lambda scan over mode-equivalent range i,j=0..64"
0.1584375,176.48368534932246,4.833333333333334,0.6416666666666666,0.21415079173699889,False,-0.88326056965091,-6.540747906;-1.795739787;-0.8832605697,0;0;0,True,"continuous lambda scan over mode-equivalent range i,j=0..64"
0.1584375,176.8211302543881,4.833333333333334,0.6416666666666666,0.21415079173699889,False,-0.8849465975739756,-6.544122424;-1.799115364;-0.8849465976,0;0;0,True,"continuous lambda scan over mode-equivalent range i,j=0..64"
0.1584375,177.15857515945373,4.833333333333334,0.6416666666666666,0.21415079173699889,False,-0.8866326296960314,-6.547496942;-1.802490936;-0.8866326297,0;0;0,True,"continuous lambda scan over mode-equivalent range i,j=0..64"
0.1584375,177.49602006451934,4.833333333333334,0.6416666666666666,0.21415079173699889,False,-0.8883186659940715,-6.55087146;-1.805866505;-0.888318666,0;0;0,True,"continuous lambda scan over mode-equivalent range i,j=0..64"
0.1584375,177.83346496958498,4.833333333333334,0.6416666666666666,0.21415079173699889,False,-0.8900047064452602,-6.554245977;-1.809242069;-0.8900047064,0;0;0,True,"continuous lambda scan over mode-equivalent range i,j=0..64"
0.1584375,178.1709098746506,4.833333333333334,0.6416666666666666,0.21415079173699889,False,-0.8916907510269274,-6.557620495;-1.812617629;-0.891690751,0;0;0,True,"continuous lambda scan over mode-equivalent range i,j=0..64"
0.1584375,178.50835477971623,4.833333333333334,0.6416666666666666,0.21415079173699889,False,-0.8933767997165707,-6.560995013;-1.815993185;-0.8933767997,0;0;0,True,"continuous lambda scan over mode-equivalent range i,j=0..64"
0.1584375,178.84579968478184,4.833333333333334,0.6416666666666666,0.21415079173699889,False,-0.8950628524918506,-6.564369531;-1.819368738;-0.8950628525,0;0;0,True,"continuous lambda scan over mode-equivalent range i,j=0..64"
0.1584375,179.18324458984748,4.833333333333334,0.6416666666666666,0.21415079173699889,False,-0.8967489093305916,-6.567744048;-1.822744286;-0.8967489093,0;0;0,True,"continuous lambda scan over mode-equivalent range i,j=0..64"
0.1584375,179.5206894949131,4.833333333333334,0.6416666666666666,0.21415079173699889,False,-0.8984349702107792,-6.571118566;-1.82611983;-0.8984349702,0;0;0,True,"continuous lambda scan over mode-equivalent range i,j=0..64"
0.1584375,179.85813439997872,4.833333333333334,0.6416666666666666,0.21415079173699889,False,-0.9001210351105593,-6.574493084;-1.82949537;-0.9001210351,0;0;0,True,"continuous lambda scan over mode-equivalent range i,j=0..64"
0.1584375,180.19557930504436,4.833333333333334,0.6416666666666666,0.21415079173699889,False,-0.9018071040082355,-6.577867601;-1.832870906;-0.901807104,0;0;0,True,"continuous lambda scan over mode-equivalent range i,j=0..64"
0.1584375,180.53302421010997,4.833333333333334,0.6416666666666666,0.21415079173699889,False,-0.9034931768822688,-6.581242119;-1.836246438;-0.9034931769,0;0;0,True,"continuous lambda scan over mode-equivalent range i,j=0..64"
0.1584375,180.8704691151756,4.833333333333334,0.6416666666666666,0.21415079173699889,False,-0.9051792537112766,-6.584616636;-1.839621967;-0.9051792537,0;0;0,True,"continuous lambda scan over mode-equivalent range i,j=0..64"
0.1584375,181.20791402024125,4.833333333333334,0.6416666666666666,0.21415079173699889,False,-0.9068653344740294,-6.587991154;-1.842997491;-0.9068653345,0;0;0,True,"continuous lambda scan over mode-equivalent range i,j=0..64"
0.1584375,181.54535892530686,4.833333333333334,0.6416666666666666,0.21415079173699889,False,-0.908551419149451,-6.591365671;-1.846373012;-0.9085514191,0;0;0,True,"continuous lambda scan over mode-equivalent range i,j=0..64"
0.1584375,181.8828038303725,4.833333333333334,0.6416666666666666,0.21415079173699889,False,-0.9102375077166173,-6.594740188;-1.849748528;-0.9102375077,0;0;0,True,"continuous lambda scan over mode-equivalent range i,j=0..64"
0.1584375,182.2202487354381,4.833333333333334,0.6416666666666666,0.21415079173699889,False,-0.9119236001547529,-6.598114706;-1.853124041;-0.9119236002,0;0;0,True,"continuous lambda scan over mode-equivalent range i,j=0..64"
0.1584375,182.55769364050374,4.833333333333334,0.6416666666666666,0.21415079173699889,False,-0.9136096964432329,-6.601489223;-1.85649955;-0.9136096964,0;0;0,True,"continuous lambda scan over mode-equivalent range i,j=0..64"
0.1584375,182.89513854556935,4.833333333333334,0.6416666666666666,0.21415079173699889,False,-0.9152957965615784,-6.60486374;-1.859875056;-0.9152957966,0;0;0,True,"continuous lambda scan over mode-equivalent range i,j=0..64"
0.1584375,183.232583450635,4.833333333333334,0.6416666666666666,0.21415079173699889,False,-0.9169819004894574,-6.608238257;-1.863250557;-0.9169819005,0;0;0,True,"continuous lambda scan over mode-equivalent range i,j=0..64"
0.1584375,183.57002835570063,4.833333333333334,0.6416666666666666,0.21415079173699889,False,-0.9186680082066824,-6.611612774;-1.866626055;-0.9186680082,0;0;0,True,"continuous lambda scan over mode-equivalent range i,j=0..64"
0.1584375,183.90747326076624,4.833333333333334,0.6416666666666666,0.21415079173699889,False,-0.9203541196932093,-6.614987291;-1.870001549;-0.9203541197,0;0;0,True,"continuous lambda scan over mode-equivalent range i,j=0..64"
0.1584375,184.24491816583188,4.833333333333334,0.6416666666666666,0.21415079173699889,False,-0.9220402349291373,-6.618361809;-1.873377039;-0.9220402349,0;0;0,True,"continuous lambda scan over mode-equivalent range i,j=0..64"
0.1584375,184.5823630708975,4.833333333333334,0.6416666666666666,0.21415079173699889,False,-0.9237263538947047,-6.621736326;-1.876752526;-0.9237263539,0;0;0,True,"continuous lambda scan over mode-equivalent range i,j=0..64"
0.1584375,184.91980797596312,4.833333333333334,0.6416666666666666,0.21415079173699889,False,-0.9254124765702914,-6.625110843;-1.880128009;-0.9254124766,0;0;0,True,"continuous lambda scan over mode-equivalent range i,j=0..64"
0.1584375,185.25725288102873,4.833333333333334,0.6416666666666666,0.21415079173699889,False,-0.9270986029364148,-6.62848536;-1.883503488;-0.9270986029,0;0;0,True,"continuous lambda scan over mode-equivalent range i,j=0..64"
0.1584375,185.59469778609437,4.833333333333334,0.6416666666666666,0.21415079173699889,False,-0.9287847329737295,-6.631859876;-1.886878964;-0.928784733,0;0;0,True,"continuous lambda scan over mode-equivalent range i,j=0..64"
0.1584375,185.93214269116,4.833333333333334,0.6416666666666666,0.21415079173699889,False,-0.9304708666630269,-6.635234393;-1.890254436;-0.9304708667,0;0;0,True,"continuous lambda scan over mode-equivalent range i,j=0..64"
0.1584375,186.26958759622562,4.833333333333334,0.6416666666666666,0.21415079173699889,False,-0.9321570039852326,-6.63860891;-1.893629904;-0.932157004,0;0;0,True,"continuous lambda scan over mode-equivalent range i,j=0..64"
0.1584375,186.60703250129126,4.833333333333334,0.6416666666666666,0.21415079173699889,False,-0.9338431449214062,-6.641983427;-1.897005369;-0.9338431449,0;0;0,True,"continuous lambda scan over mode-equivalent range i,j=0..64"
0.1584375,186.94447740635687,4.833333333333334,0.6416666666666666,0.21415079173699889,False,-0.9355292894527398,-6.645357944;-1.900380831;-0.9355292895,0;0;0,True,"continuous lambda scan over mode-equivalent range i,j=0..64"
0.1584375,187.2819223114225,4.833333333333334,0.6416666666666666,0.21415079173699889,False,-0.937215437560557,-6.64873246;-1.903756288;-0.9372154376,0;0;0,True,"continuous lambda scan over mode-equivalent range i,j=0..64"
0.1584375,187.61936721648814,4.833333333333334,0.6416666666666666,0.21415079173699889,False,-0.9389015892263112,-6.652106977;-1.907131743;-0.9389015892,0;0;0,True,"continuous lambda scan over mode-equivalent range i,j=0..64"
0.1584375,187.95681212155375,4.833333333333334,0.6416666666666666,0.21415079173699889,False,-0.9405877444315851,-6.655481494;-1.910507194;-0.9405877444,0;0;0,True,"continuous lambda scan over mode-equivalent range i,j=0..64"
0.1584375,188.2942570266194,4.833333333333334,0.6416666666666666,0.21415079173699889,False,-0.9422739031580897,-6.65885601;-1.913882641;-0.9422739032,0;0;0,True,"continuous lambda scan over mode-equivalent range i,j=0..64"
0.1584375,188.631701931685,4.833333333333334,0.6416666666666666,0.21415079173699889,False,-0.9439600653876621,-6.662230527;-1.917258085;-0.9439600654,0;0;0,True,"continuous lambda scan over mode-equivalent range i,j=0..64"
0.1584375,188.96914683675064,4.833333333333334,0.6416666666666666,0.21415079173699889,False,-0.9456462311022659,-6.665605043;-1.920633525;-0.9456462311,0;0;0,True,"continuous lambda scan over mode-equivalent range i,j=0..64"
0.1584375,189.30659174181625,4.833333333333334,0.6416666666666666,0.21415079173699889,False,-0.9473324002839887,-6.66897956;-1.924008962;-0.9473324003,0;0;0,True,"continuous lambda scan over mode-equivalent range i,j=0..64"
0.1584375,189.6440366468819,4.833333333333334,0.6416666666666666,0.21415079173699889,False,-0.9490185729150427,-6.672354076;-1.927384396;-0.9490185729,0;0;0,True,"continuous lambda scan over mode-equivalent range i,j=0..64"
0.1584375,189.98148155194752,4.833333333333334,0.6416666666666666,0.21415079173699889,False,-0.9507047489777614,-6.675728593;-1.930759826;-0.950704749,0;0;0,True,"continuous lambda scan over mode-equivalent range i,j=0..64"
0.1584375,190.31892645701313,4.833333333333334,0.6416666666666666,0.21415079173699889,False,-0.9523909284546002,-6.679103109;-1.934135253;-0.9523909285,0;0;0,True,"continuous lambda scan over mode-equivalent range i,j=0..64"
0.1584375,190.65637136207877,4.833333333333334,0.6416666666666666,0.21415079173699889,False,-0.9540771113281354,-6.682477625;-1.937510676;-0.9540771113,0;0;0,True,"continuous lambda scan over mode-equivalent range i,j=0..64"
0.1584375,190.99381626714438,4.833333333333334,0.6416666666666666,0.21415079173699889,False,-0.9557632975810619,-6.685852142;-1.940886096;-0.9557632976,0;0;0,True,"continuous lambda scan over mode-equivalent range i,j=0..64"
0.1584375,191.33126117221002,4.833333333333334,0.6416666666666666,0.21415079173699889,False,-0.9574494871961937,-6.689226658;-1.944261513;-0.9574494872,0;0;0,True,"continuous lambda scan over mode-equivalent range i,j=0..64"
0.1584375,191.66870607727563,4.833333333333334,0.6416666666666666,0.21415079173699889,False,-0.9591356801564618,-6.692601174;-1.947636926;-0.9591356802,0;0;0,True,"continuous lambda scan over mode-equivalent range i,j=0..64"
0.1584375,192.00615098234127,4.833333333333334,0.6416666666666666,0.21415079173699889,False,-0.9608218764449131,-6.69597569;-1.951012337;-0.9608218764,0;0;0,True,"continuous lambda scan over mode-equivalent range i,j=0..64"
0.1584375,192.3435958874069,4.833333333333334,0.6416666666666666,0.21415079173699889,False,-0.9625080760447111,-6.699350206;-1.954387744;-0.962508076,0;0;0,True,"continuous lambda scan over mode-equivalent range i,j=0..64"
0.1584375,192.68104079247252,4.833333333333334,0.6416666666666666,0.21415079173699889,False,-0.9641942789391319,-6.702724722;-1.957763147;-0.9641942789,0;0;0,True,"continuous lambda scan over mode-equivalent range i,j=0..64"
0.1584375,193.01848569753815,4.833333333333334,0.6416666666666666,0.21415079173699889,False,-0.9658804851115668,-6.706099238;-1.961138548;-0.9658804851,0;0;0,True,"continuous lambda scan over mode-equivalent range i,j=0..64"
0.1584375,193.35593060260376,4.833333333333334,0.6416666666666666,0.21415079173699889,False,-0.967566694545518,-6.709473754;-1.964513945;-0.9675666945,0;0;0,True,"continuous lambda scan over mode-equivalent range i,j=0..64"
0.1584375,193.6933755076694,4.833333333333334,0.6416666666666666,0.21415079173699889,False,-0.9692529072246008,-6.71284827;-1.967889339;-0.9692529072,0;0;0,True,"continuous lambda scan over mode-equivalent range i,j=0..64"
0.1584375,194.03082041273504,4.833333333333334,0.6416666666666666,0.21415079173699889,False,-0.9709391231325393,-6.716222786;-1.97126473;-0.9709391231,0;0;0,True,"continuous lambda scan over mode-equivalent range i,j=0..64"
0.1584375,194.36826531780065,4.833333333333334,0.6416666666666666,0.21415079173699889,False,-0.9726253422531684,-6.719597302;-1.974640117;-0.9726253423,0;0;0,True,"continuous lambda scan over mode-equivalent range i,j=0..64"
0.1584375,194.7057102228663,4.833333333333334,0.6416666666666666,0.21415079173699889,False,-0.9743115645704316,-6.722971818;-1.978015502;-0.9743115646,0;0;0,True,"continuous lambda scan over mode-equivalent range i,j=0..64"
0.1584375,195.0431551279319,4.833333333333334,0.6416666666666666,0.21415079173699889,False,-0.9759977900683793,-6.726346334;-1.981390883;-0.9759977901,0;0;0,True,"continuous lambda scan over mode-equivalent range i,j=0..64"
0.1584375,195.38060003299753,4.833333333333334,0.6416666666666666,0.21415079173699889,False,-0.9776840187311701,-6.729720849;-1.984766261;-0.9776840187,0;0;0,True,"continuous lambda scan over mode-equivalent range i,j=0..64"
0.1584375,195.71804493806314,4.833333333333334,0.6416666666666666,0.21415079173699889,False,-0.9793702505430675,-6.733095365;-1.988141636;-0.9793702505,0;0;0,True,"continuous lambda scan over mode-equivalent range i,j=0..64"
0.1584375,196.05548984312878,4.833333333333334,0.6416666666666666,0.21415079173699889,False,-0.9810564854884405,-6.736469881;-1.991517008;-0.9810564855,0;0;0,True,"continuous lambda scan over mode-equivalent range i,j=0..64"
0.1584375,196.39293474819442,4.833333333333334,0.6416666666666666,0.21415079173699889,False,-0.9827427235517623,-6.739844396;-1.994892377;-0.9827427236,0;0;0,True,"continuous lambda scan over mode-equivalent range i,j=0..64"
0.1584375,196.73037965326003,4.833333333333334,0.6416666666666666,0.21415079173699889,False,-0.9844289647176094,-6.743218912;-1.998267743;-0.9844289647,0;0;0,True,"continuous lambda scan over mode-equivalent range i,j=0..64"
0.1584375,197.06782455832567,4.833333333333334,0.6416666666666666,0.21415079173699889,False,-0.9861152089706611,-6.746593428;-2.001643106;-0.986115209,0;0;0,True,"continuous lambda scan over mode-equivalent range i,j=0..64"
0.1584375,197.40526946339128,4.833333333333334,0.6416666666666666,0.21415079173699889,False,-0.9878014562956976,-6.749967943;-2.005018466;-0.9878014563,0;0;0,True,"continuous lambda scan over mode-equivalent range i,j=0..64"
0.1584375,197.74271436845692,4.833333333333334,0.6416666666666666,0.21415079173699889,False,-0.9894877066776008,-6.753342459;-2.008393823;-0.9894877067,0;0;0,True,"continuous lambda scan over mode-equivalent range i,j=0..64"
0.1584375,198.08015927352255,4.833333333333334,0.6416666666666666,0.21415079173699889,False,-0.9911739601013515,-6.756716974;-2.011769176;-0.9911739601,0;0;0,True,"continuous lambda scan over mode-equivalent range i,j=0..64"
0.1584375,198.41760417858816,4.833333333333334,0.6416666666666666,0.21415079173699889,False,-0.9928602165520307,-6.760091489;-2.015144527;-0.9928602166,0;0;0,True,"continuous lambda scan over mode-equivalent range i,j=0..64"
0.1584375,198.7550490836538,4.833333333333334,0.6416666666666666,0.21415079173699889,False,-0.9945464760148172,-6.763466005;-2.018519875;-0.994546476,0;0;0,True,"continuous lambda scan over mode-equivalent range i,j=0..64"
0.1584375,199.0924939887194,4.833333333333334,0.6416666666666666,0.21415079173699889,False,-0.996232738474987,-6.76684052;-2.02189522;-0.9962327385,0;0;0,True,"continuous lambda scan over mode-equivalent range i,j=0..64"
0.1584375,199.42993889378505,4.833333333333334,0.6416666666666666,0.21415079173699889,False,-0.9979190039179134,-6.770215035;-2.025270562;-0.9979190039,0;0;0,True,"continuous lambda scan over mode-equivalent range i,j=0..64"
0.1584375,199.76738379885066,4.833333333333334,0.6416666666666666,0.21415079173699889,False,-0.9996052723290646,-6.773589551;-2.028645901;-0.9996052723,0;0;0,True,"continuous lambda scan over mode-equivalent range i,j=0..64"
0.1584375,200.1048287039163,4.833333333333334,0.6416666666666666,0.21415079173699889,False,-1.0012915436940064,-6.776964066;-2.032021237;-1.001291544,0;0;0,True,"continuous lambda scan over mode-equivalent range i,j=0..64"
0.1584375,200.44227360898194,4.833333333333334,0.6416666666666666,0.21415079173699889,False,-1.002977817998395,-6.780338581;-2.03539657;-1.002977818,0;0;0,True,"continuous lambda scan over mode-equivalent range i,j=0..64"
0.1584375,200.77971851404754,4.833333333333334,0.6416666666666666,0.21415079173699889,False,-1.0046640952279844,-6.783713096;-2.0387719;-1.004664095,0;0;0,True,"continuous lambda scan over mode-equivalent range i,j=0..64"
0.1584375,201.11716341911318,4.833333333333334,0.6416666666666666,0.21415079173699889,False,-1.0063503753686176,-6.787087611;-2.042147227;-1.006350375,0;0;0,True,"continuous lambda scan over mode-equivalent range i,j=0..64"
0.1584375,201.4546083241788,4.833333333333334,0.6416666666666666,0.21415079173699889,False,-1.0080366584062326,-6.790462126;-2.045522552;-1.008036658,0;0;0,True,"continuous lambda scan over mode-equivalent range i,j=0..64"
0.1584375,201.79205322924443,4.833333333333334,0.6416666666666666,0.21415079173699889,False,-1.0097229443268572,-6.793836641;-2.048897874;-1.009722944,0;0;0,True,"continuous lambda scan over mode-equivalent range i,j=0..64"
0.1584375,202.12949813431004,4.833333333333334,0.6416666666666666,0.21415079173699889,False,-1.011409233116609,-6.797211156;-2.052273192;-1.011409233,0;0;0,True,"continuous lambda scan over mode-equivalent range i,j=0..64"
0.16486816,0.0,4.833333333333334,0.6416666666666666,0.19554266055783315,True,-0.01465247062034078,-4.813292606;-0.01465247062;-0.01465247062,0;0.01762725742;-0.01762725742,True,"continuous lambda scan over mode-equivalent range i,j=0..64"
0.16486816,0.33744490506562613,4.833333333333334,0.6416666666666666,0.19554266055783315,False,-0.017183262776200504,-4.816667144;-0.01718326278;-0.01718326278,0;0.01690310437;-0.01690310437,True,"continuous lambda scan over mode-equivalent range i,j=0..64"
0.16486816,0.6748898101312523,4.833333333333334,0.6416666666666666,0.19554266055783315,False,-0.019714054963331035,-4.820041682;-0.01971405496;-0.01971405496,0;0.01610236496;-0.01610236496,True,"continuous lambda scan over mode-equivalent range i,j=0..64"
0.16486816,1.0123347151968785,4.833333333333334,0.6416666666666666,0.19554266055783315,False,-0.022244847181699563,-4.82341622;-0.02224484718;-0.02224484718,0;0.01521295055;-0.01521295055,True,"continuous lambda scan over mode-equivalent range i,j=0..64"
0.16486816,1.3497796202625045,4.833333333333334,0.6416666666666666,0.19554266055783315,False,-0.024775639431273297,-4.826790759;-0.02477563943;-0.02477563943,0;0.01421822982;-0.01421822982,True,"continuous lambda scan over mode-equivalent range i,j=0..64"
0.16486816,1.6872245253281306,4.833333333333334,0.6416666666666666,0.19554266055783315,False,-0.0273064317120195,-4.830165297;-0.02730643171;-0.02730643171,0;0.01309422551;-0.01309422551,True,"continuous lambda scan over mode-equivalent range i,j=0..64"
0.16486816,2.024669430393757,4.833333333333334,0.6416666666666666,0.19554266055783315,False,-0.0298372240239054,-4.833539835;-0.02983722402;-0.02983722402,0;0.01180406335;-0.01180406335,True,"continuous lambda scan over mode-equivalent range i,j=0..64"
0.16486816,2.362114335459383,4.833333333333334,0.6416666666666666,0.19554266055783315,False,-0.0323680163668984,-4.836914373;-0.03236801637;-0.03236801637,0;0.01028540566;-0.01028540566,True,"continuous lambda scan over mode-equivalent range i,j=0..64"
0.16486816,2.699559240525009,4.833333333333334,0.6416666666666666,0.19554266055783315,False,-0.03489880874096593,-4.84028891;-0.03489880874;-0.03489880874,0;0.008415445056;-0.008415445056,True,"continuous lambda scan over mode-equivalent range i,j=0..64"
0.16486816,3.037004145590635,4.833333333333334,0.6416666666666666,0.19554266055783315,False,-0.03742960114607517,-4.843663448;-0.03742960115;-0.03742960115,0;0.005867397177;-0.005867397177,True,"continuous lambda scan over mode-equivalent range i,j=0..64"
0.16486816,3.374449050656261,4.833333333333334,0.6416666666666666,0.19554266055783315,False,-0.03811905497678047,-4.847037986;-0.04180173219;-0.03811905498,0;0;0,True,"continuous lambda scan over mode-equivalent range i,j=0..64"
0.16486816,3.7118939557218873,4.833333333333334,0.6416666666666666,0.19554266055783315,False,-0.03596195050062015,-4.850412524;-0.0490204216;-0.0359619505,0;0;0,True,"continuous lambda scan over mode-equivalent range i,j=0..64"
0.16486816,4.049338860787514,4.833333333333334,0.6416666666666666,0.19554266055783315,False,-0.035895379116112916,-4.853787061;-0.05414857798;-0.03589537912,0;0;0,True,"continuous lambda scan over mode-equivalent range i,j=0..64"
0.16486816,4.3867837658531394,4.833333333333334,0.6416666666666666,0.19554266055783315,False,-0.03635535044970727,-4.857161599;-0.0587501917;-0.03635535045,0;0;0,True,"continuous lambda scan over mode-equivalent range i,j=0..64"
0.16486816,4.724228670918766,4.833333333333334,0.6416666666666666,0.19554266055783315,False,-0.0370876738540754,-4.860536136;-0.06307945342;-0.03708767385,0;0;0,True,"continuous lambda scan over mode-equivalent range i,j=0..64"
0.16486816,5.061673575984392,4.833333333333334,0.6416666666666666,0.19554266055783315,False,-0.03799151161164764,-4.863910674;-0.06723720084;-0.03799151161,0;0;0,True,"continuous lambda scan over mode-equivalent range i,j=0..64"
0.16486816,5.399118481050018,4.833333333333334,0.6416666666666666,0.19554266055783315,False,-0.0390148813746995,-4.867285211;-0.07127541632;-0.03901488137,0;0;0,True,"continuous lambda scan over mode-equivalent range i,j=0..64"
0.16486816,5.736563386115645,4.833333333333334,0.6416666666666666,0.19554266055783315,False,-0.040126953396825836,-4.870659749;-0.0752249296;-0.0401269534,0;0;0,True,"continuous lambda scan over mode-equivalent range i,j=0..64"
0.16486816,6.07400829118127,4.833333333333334,0.6416666666666666,0.19554266055783315,False,-0.041307740861941465,-4.874034286;-0.07910572751;-0.04130774086,0;0;0,True,"continuous lambda scan over mode-equivalent range i,j=0..64"
0.16486816,6.411453196246897,4.833333333333334,0.6416666666666666,0.19554266055783315,False,-0.04254345786864324,-4.877408823;-0.08293159593;-0.04254345787,0;0;0,True,"continuous lambda scan over mode-equivalent range i,j=0..64"
0.16486816,6.748898101312522,4.833333333333334,0.6416666666666666,0.19554266055783315,False,-0.043824150051800924,-4.88078336;-0.08671248923;-0.04382415005,0;0;0,True,"continuous lambda scan over mode-equivalent range i,j=0..64"
0.16486816,7.086343006378149,4.833333333333334,0.6416666666666666,0.19554266055783315,False,-0.04514237159162882,-4.884157897;-0.09045585324;-0.04514237159,0;0;0,True,"continuous lambda scan over mode-equivalent range i,j=0..64"
0.16486816,7.423787911443775,4.833333333333334,0.6416666666666666,0.19554266055783315,False,-0.04649239465545324,-4.887532434;-0.09416741579;-0.04649239466,0;0;0,True,"continuous lambda scan over mode-equivalent range i,j=0..64"
0.16486816,7.761232816509401,4.833333333333334,0.6416666666666666,0.19554266055783315,False,-0.04786971118564491,-4.890906971;-0.09785168493;-0.04786971119,0;0;0,True,"continuous lambda scan over mode-equivalent range i,j=0..64"
0.16486816,8.098677721575028,4.833333333333334,0.6416666666666666,0.19554266055783315,False,-0.04927070515557978,-4.894281508;-0.1015122767;-0.04927070516,0;0;0,True,"continuous lambda scan over mode-equivalent range i,j=0..64"
0.16486816,8.436122626640653,4.833333333333334,0.6416666666666666,0.19554266055783315,False,-0.050692429197319755,-4.897656045;-0.1051521384;-0.0506924292,0;0;0,True,"continuous lambda scan over mode-equivalent range i,j=0..64"
0.16486816,8.773567531706279,4.833333333333334,0.6416666666666666,0.19554266055783315,False,-0.052132447771023896,-4.901030582;-0.1087737057;-0.05213244777,0;0;0,True,"continuous lambda scan over mode-equivalent range i,j=0..64"
0.16486816,9.111012436771906,4.833333333333334,0.6416666666666666,0.19554266055783315,False,-0.053588724230266435,-4.904405118;-0.1123790152;-0.05358872423,0;0;0,True,"continuous lambda scan over mode-equivalent range i,j=0..64"
0.16486816,9.448457341837532,4.833333333333334,0.6416666666666666,0.19554266055783315,False,-0.05505953770191552,-4.907779655;-0.1159697877;-0.0550595377,0;0;0,True,"continuous lambda scan over mode-equivalent range i,j=0..64"
0.16486816,9.785902246903158,4.833333333333334,0.6416666666666666,0.19554266055783315,False,-0.056543420734381206,-4.911154192;-0.1195474907;-0.05654342073,0;0;0,True,"continuous lambda scan over mode-equivalent range i,j=0..64"
0.16486816,10.123347151968783,4.833333333333334,0.6416666666666666,0.19554266055783315,False,-0.05803911173581349,-4.914528728;-0.1231133858;-0.05803911174,0;0;0,True,"continuous lambda scan over mode-equivalent range i,j=0..64"
0.16486816,10.46079205703441,4.833333333333334,0.6416666666666666,0.19554266055783315,False,-0.059545518151925034,-4.917903265;-0.1266685655;-0.05954551815,0;0;0,True,"continuous lambda scan over mode-equivalent range i,j=0..64"
0.16486816,10.798236962100036,4.833333333333334,0.6416666666666666,0.19554266055783315,False,-0.061061687578468714,-4.921277801;-0.1302139823;-0.06106168758,0;0;0,True,"continuous lambda scan over mode-equivalent range i,j=0..64"
0.16486816,11.135681867165662,4.833333333333334,0.6416666666666666,0.19554266055783315,False,-0.06258678482748427,-4.924652337;-0.1337504714;-0.06258678483,0;0;0,True,"continuous lambda scan over mode-equivalent range i,j=0..64"
0.16486816,11.47312677223129,4.833333333333334,0.6416666666666666,0.19554266055783315,False,-0.06412007352365406,-4.928026874;-0.137278769;-0.06412007352,0;0;0,True,"continuous lambda scan over mode-equivalent range i,j=0..64"
0.16486816,11.810571677296915,4.833333333333334,0.6416666666666666,0.19554266055783315,False,-0.06566090119127882,-4.93140141;-0.1407995277;-0.06566090119,0;0;0,True,"continuous lambda scan over mode-equivalent range i,j=0..64"
0.16486816,12.14801658236254,4.833333333333334,0.6416666666666666,0.19554266055783315,False,-0.06720868706192745,-4.934775946;-0.1443133283;-0.06720868706,0;0;0,True,"continuous lambda scan over mode-equivalent range i,j=0..64"
0.16486816,12.485461487428166,4.833333333333334,0.6416666666666666,0.19554266055783315,False,-0.0687629120249712,-4.938150482;-0.1478206899;-0.06876291202,0;0;0,True,"continuous lambda scan over mode-equivalent range i,j=0..64"
0.16486816,12.822906392493794,4.833333333333334,0.6416666666666666,0.19554266055783315,False,-0.07032311028220128,-4.941525018;-0.1513220782;-0.07032311028,0;0;0,True,"continuous lambda scan over mode-equivalent range i,j=0..64"
0.16486816,13.16035129755942,4.833333333333334,0.6416666666666666,0.19554266055783315,False,-0.07188886236961158,-4.944899554;-0.1548179128;-0.07188886237,0;0;0,True,"continuous lambda scan over mode-equivalent range i,j=0..64"
0.16486816,13.497796202625045,4.833333333333334,0.6416666666666666,0.19554266055783315,False,-0.07345978928502474,-4.94827409;-0.1583085726;-0.07345978929,0;0;0,True,"continuous lambda scan over mode-equivalent range i,j=0..64"
0.16486816,13.835241107690672,4.833333333333334,0.6416666666666666,0.19554266055783315,False,-0.07503554751697682,-4.951648626;-0.1617944011;-0.07503554752,0;0;0,True,"continuous lambda scan over mode-equivalent range i,j=0..64"
0.16486816,14.172686012756298,4.833333333333334,0.6416666666666666,0.19554266055783315,False,-0.07661582481329426,-4.955023162;-0.1652757106;-0.07661582481,0;0;0,True,"continuous lambda scan over mode-equivalent range i,j=0..64"
0.16486816,14.510130917821924,4.833333333333334,0.6416666666666666,0.19554266055783315,False,-0.07820033656074617,-4.958397698;-0.1687527858;-0.07820033656,0;0;0,True,"continuous lambda scan over mode-equivalent range i,j=0..64"
0.16486816,14.84757582288755,4.833333333333334,0.6416666666666666,0.19554266055783315,False,-0.07978882267260447,-4.961772233;-0.1722258866;-0.07978882267,0;0;0,True,"continuous lambda scan over mode-equivalent range i,j=0..64"
0.16486816,15.185020727953177,4.833333333333334,0.6416666666666666,0.19554266055783315,False,-0.0813810449007829,-4.965146769;-0.1756952514;-0.0813810449,0;0;0,True,"continuous lambda scan over mode-equivalent range i,j=0..64"
0.16486816,15.522465633018802,4.833333333333334,0.6416666666666666,0.19554266055783315,False,-0.08297678450480113,-4.968521304;-0.1791610988;-0.0829767845,0;0;0,True,"continuous lambda scan over mode-equivalent range i,j=0..64"
0.16486816,15.859910538084428,4.833333333333334,0.6416666666666666,0.19554266055783315,False,-0.0845758402221455,-4.97189584;-0.1826236302;-0.08457584022,0;0;0,True,"continuous lambda scan over mode-equivalent range i,j=0..64"
0.16486816,16.197355443150055,4.833333333333334,0.6416666666666666,0.19554266055783315,False,-0.0861780264944165,-4.975270375;-0.1860830311;-0.08617802649,0;0;0,True,"continuous lambda scan over mode-equivalent range i,j=0..64"
0.16486816,16.53480034821568,4.833333333333334,0.6416666666666666,0.19554266055783315,False,-0.08778317191152822,-4.978644911;-0.189539473;-0.08778317191,0;0;0,True,"continuous lambda scan over mode-equivalent range i,j=0..64"
0.16486816,16.872245253281307,4.833333333333334,0.6416666666666666,0.19554266055783315,False,-0.08939111784257636,-4.982019446;-0.1929931143;-0.08939111784,0;0;0,True,"continuous lambda scan over mode-equivalent range i,j=0..64"
0.16486816,17.209690158346934,4.833333333333334,0.6416666666666666,0.19554266055783315,False,-0.09100171722714952,-4.985393981;-0.1964441023;-0.09100171723,0;0;0,True,"continuous lambda scan over mode-equivalent range i,j=0..64"
0.16486816,17.547135063412558,4.833333333333334,0.6416666666666666,0.19554266055783315,False,-0.09261483350506415,-4.988768517;-0.1998925734;-0.09261483351,0;0;0,True,"continuous lambda scan over mode-equivalent range i,j=0..64"
0.16486816,17.884579968478185,4.833333333333334,0.6416666666666666,0.19554266055783315,False,-0.09423033966595719,-4.992143052;-0.2033386548;-0.09423033967,0;0;0,True,"continuous lambda scan over mode-equivalent range i,j=0..64"
0.16486816,18.222024873543813,4.833333333333334,0.6416666666666666,0.19554266055783315,False,-0.09584811740301304,-4.995517587;-0.2067824646;-0.0958481174,0;0;0,True,"continuous lambda scan over mode-equivalent range i,j=0..64"
0.16486816,18.559469778609436,4.833333333333334,0.6416666666666666,0.19554266055783315,False,-0.09746805635746063,-4.998892122;-0.2102241132;-0.09746805636,0;0;0,True,"continuous lambda scan over mode-equivalent range i,j=0..64"
0.16486816,18.896914683675064,4.833333333333334,0.6416666666666666,0.19554266055783315,False,-0.09909005344243546,-5.002266657;-0.2136637038;-0.09909005344,0;0;0,True,"continuous lambda scan over mode-equivalent range i,j=0..64"
0.16486816,19.23435958874069,4.833333333333334,0.6416666666666666,0.19554266055783315,False,-0.10071401223643979,-5.005641192;-0.2171013327;-0.1007140122,0;0;0,True,"continuous lambda scan over mode-equivalent range i,j=0..64"
0.16486816,19.571804493806315,4.833333333333334,0.6416666666666666,0.19554266055783315,False,-0.1023398424380084,-5.009015727;-0.2205370903;-0.1023398424,0;0;0,True,"continuous lambda scan over mode-equivalent range i,j=0..64"
0.16486816,19.909249398871943,4.833333333333334,0.6416666666666666,0.19554266055783315,False,-0.103967459374345,-5.012390261;-0.2239710612;-0.1039674594,0;0;0,True,"continuous lambda scan over mode-equivalent range i,j=0..64"
0.16486816,20.246694303937566,4.833333333333334,0.6416666666666666,0.19554266055783315,False,-0.10559678355767096,-5.015764796;-0.2274033249;-0.1055967836,0;0;0,True,"continuous lambda scan over mode-equivalent range i,j=0..64"
0.16486816,20.584139209003194,4.833333333333334,0.6416666666666666,0.19554266055783315,False,-0.1072277402838605,-5.019139331;-0.2308339561;-0.1072277403,0;0;0,True,"continuous lambda scan over mode-equivalent range i,j=0..64"
0.16486816,20.92158411406882,4.833333333333334,0.6416666666666666,0.19554266055783315,False,-0.108860259268639,-5.022513865;-0.2342630251;-0.1088602593,0;0;0,True,"continuous lambda scan over mode-equivalent range i,j=0..64"
0.16486816,21.259029019134445,4.833333333333334,0.6416666666666666,0.19554266055783315,False,-0.11049427431722825,-5.0258884;-0.2376905982;-0.1104942743,0;0;0,True,"continuous lambda scan over mode-equivalent range i,j=0..64"
0.16486816,21.596473924200073,4.833333333333334,0.6416666666666666,0.19554266055783315,False,-0.11212972302383485,-5.029262934;-0.2411167376;-0.112129723,0;0;0,True,"continuous lambda scan over mode-equivalent range i,j=0..64"
0.16486816,21.9339188292657,4.833333333333334,0.6416666666666666,0.19554266055783315,False,-0.11376654649782539,-5.032637469;-0.2445415023;-0.1137665465,0;0;0,True,"continuous lambda scan over mode-equivalent range i,j=0..64"
0.16486816,22.271363734331324,4.833333333333334,0.6416666666666666,0.19554266055783315,False,-0.11540468911381159,-5.036012003;-0.2479649479;-0.1154046891,0;0;0,True,"continuous lambda scan over mode-equivalent range i,j=0..64"
0.16486816,22.60880863939695,4.833333333333334,0.6416666666666666,0.19554266055783315,False,-0.11704409828320095,-5.039386538;-0.251387127;-0.1170440983,0;0;0,True,"continuous lambda scan over mode-equivalent range i,j=0..64"
0.16486816,22.94625354446258,4.833333333333334,0.6416666666666666,0.19554266055783315,False,-0.11868472424505268,-5.042761072;-0.2548080894;-0.1186847242,0;0;0,True,"continuous lambda scan over mode-equivalent range i,j=0..64"
0.16486816,23.283698449528202,4.833333333333334,0.6416666666666666,0.19554266055783315,False,-0.12032651987432944,-5.046135606;-0.2582278822;-0.1203265199,0;0;0,True,"continuous lambda scan over mode-equivalent range i,j=0..64"
0.16486816,23.62114335459383,4.833333333333334,0.6416666666666666,0.19554266055783315,False,-0.12196944050584983,-5.04951014;-0.2616465501;-0.1219694405,0;0;0,True,"continuous lambda scan over mode-equivalent range i,j=0..64"
0.16486816,23.958588259659454,4.833333333333334,0.6416666666666666,0.19554266055783315,False,-0.12361344377243638,-5.052884674;-0.2650641353;-0.1236134438,0;0;0,True,"continuous lambda scan over mode-equivalent range i,j=0..64"
0.16486816,24.29603316472508,4.833333333333334,0.6416666666666666,0.19554266055783315,False,-0.12525848945591875,-5.056259208;-0.2684806783;-0.1252584895,0;0;0,True,"continuous lambda scan over mode-equivalent range i,j=0..64"
0.16486816,24.63347806979071,4.833333333333334,0.6416666666666666,0.19554266055783315,False,-0.12690453934979706,-5.059633742;-0.271896217;-0.1269045393,0;0;0,True,"continuous lambda scan over mode-equivalent range i,j=0..64"
0.16486816,24.970922974856332,4.833333333333334,0.6416666666666666,0.19554266055783315,False,-0.12855155713249658,-5.063008276;-0.2753107879;-0.1285515571,0;0;0,True,"continuous lambda scan over mode-equivalent range i,j=0..64"
0.16486816,25.30836787992196,4.833333333333334,0.6416666666666666,0.19554266055783315,False,-0.13019950825025783,-5.06638281;-0.2787244256;-0.1301995083,0;0;0,True,"continuous lambda scan over mode-equivalent range i,j=0..64"
0.16486816,25.645812784987587,4.833333333333334,0.6416666666666666,0.19554266055783315,False,-0.13184835980880483,-5.069757344;-0.2821371629;-0.1318483598,0;0;0,True,"continuous lambda scan over mode-equivalent range i,j=0..64"
0.16486816,25.98325769005321,4.833333333333334,0.6416666666666666,0.19554266055783315,False,-0.133498080473021,-5.073131878;-0.2855490311;-0.1334980805,0;0;0,True,"continuous lambda scan over mode-equivalent range i,j=0..64"
0.16486816,26.32070259511884,4.833333333333334,0.6416666666666666,0.19554266055783315,False,-0.1351486403739398,-5.076506411;-0.2889600601;-0.1351486404,0;0;0,True,"continuous lambda scan over mode-equivalent range i,j=0..64"
0.16486816,26.658147500184466,4.833333333333334,0.6416666666666666,0.19554266055783315,False,-0.13680001102242703,-5.079880945;-0.2923702785;-0.136800011,0;0;0,True,"continuous lambda scan over mode-equivalent range i,j=0..64"
0.16486816,26.99559240525009,4.833333333333334,0.6416666666666666,0.19554266055783315,False,-0.13845216522898976,-5.083255478;-0.2957797133;-0.1384521652,0;0;0,True,"continuous lambda scan over mode-equivalent range i,j=0..64"
0.16486816,27.333037310315717,4.833333333333334,0.6416666666666666,0.19554266055783315,False,-0.14010507702920444,-5.086630012;-0.2991883906;-0.140105077,0;0;0,True,"continuous lambda scan over mode-equivalent range i,j=0..64"
0.16486816,27.670482215381345,4.833333333333334,0.6416666666666666,0.19554266055783315,False,-0.14175872161430256,-5.090004545;-0.3025963352;-0.1417587216,0;0;0,True,"continuous lambda scan over mode-equivalent range i,j=0..64"
0.16486816,28.00792712044697,4.833333333333334,0.6416666666666666,0.19554266055783315,False,-0.1434130752664973,-5.093379079;-0.3060035708;-0.1434130753,0;0;0,True,"continuous lambda scan over mode-equivalent range i,j=0..64"
0.16486816,28.345372025512596,4.833333333333334,0.6416666666666666,0.19554266055783315,False,-0.14506811529867156,-5.096753612;-0.3094101201;-0.1450681153,0;0;0,True,"continuous lambda scan over mode-equivalent range i,j=0..64"
0.16486816,28.68281693057822,4.833333333333334,0.6416666666666666,0.19554266055783315,False,-0.14672381999808368,-5.100128145;-0.3128160047;-0.14672382,0;0;0,True,"continuous lambda scan over mode-equivalent range i,j=0..64"
0.16486816,29.020261835643847,4.833333333333334,0.6416666666666666,0.19554266055783315,False,-0.14838016857377825,-5.103502679;-0.3162212455;-0.1483801686,0;0;0,True,"continuous lambda scan over mode-equivalent range i,j=0..64"
0.16486816,29.357706740709475,4.833333333333334,0.6416666666666666,0.19554266055783315,False,-0.15003714110741578,-5.106877212;-0.3196258625;-0.1500371411,0;0;0,True,"continuous lambda scan over mode-equivalent range i,j=0..64"
0.16486816,29.6951516457751,4.833333333333334,0.6416666666666666,0.19554266055783315,False,-0.15169471850726185,-5.110251745;-0.3230298746;-0.1516947185,0;0;0,True,"continuous lambda scan over mode-equivalent range i,j=0..64"
0.16486816,30.032596550840726,4.833333333333334,0.6416666666666666,0.19554266055783315,False,-0.1533528824650988,-5.113626278;-0.3264333002;-0.1533528825,0;0;0,True,"continuous lambda scan over mode-equivalent range i,j=0..64"
0.16486816,30.370041455906353,4.833333333333334,0.6416666666666666,0.19554266055783315,False,-0.15501161541584157,-5.117000811;-0.3298361569;-0.1550116154,0;0;0,True,"continuous lambda scan over mode-equivalent range i,j=0..64"
0.16486816,30.707486360971977,4.833333333333334,0.6416666666666666,0.19554266055783315,False,-0.15667090049966095,-5.120375344;-0.3332384615;-0.1566709005,0;0;0,True,"continuous lambda scan over mode-equivalent range i,j=0..64"
0.16486816,31.044931266037604,4.833333333333334,0.6416666666666666,0.19554266055783315,False,-0.1583307215264304,-5.123749877;-0.3366402302;-0.1583307215,0;0;0,True,"continuous lambda scan over mode-equivalent range i,j=0..64"
0.16486816,31.382376171103232,4.833333333333334,0.6416666666666666,0.19554266055783315,False,-0.15999106294233126,-5.12712441;-0.3400414786;-0.1599910629,0;0;0,True,"continuous lambda scan over mode-equivalent range i,j=0..64"
0.16486816,31.719821076168856,4.833333333333334,0.6416666666666666,0.19554266055783315,False,-0.16165190979846214,-5.130498942;-0.3434422216;-0.1616519098,0;0;0,True,"continuous lambda scan over mode-equivalent range i,j=0..64"
0.16486816,32.05726598123448,4.833333333333334,0.6416666666666666,0.19554266055783315,False,-0.16331324772131284,-5.133873475;-0.3468424736;-0.1633132477,0;0;0,True,"continuous lambda scan over mode-equivalent range i,j=0..64"
0.16486816,32.39471088630011,4.833333333333334,0.6416666666666666,0.19554266055783315,False,-0.16497506288497246,-5.137248008;-0.3502422484;-0.1649750629,0;0;0,True,"continuous lambda scan over mode-equivalent range i,j=0..64"
0.16486816,32.732155791365734,4.833333333333334,0.6416666666666666,0.19554266055783315,False,-0.16663734198495292,-5.14062254;-0.3536415593;-0.166637342,0;0;0,True,"continuous lambda scan over mode-equivalent range i,j=0..64"
0.16486816,33.06960069643136,4.833333333333334,0.6416666666666666,0.19554266055783315,False,-0.16830007221351845,-5.143997073;-0.3570404192;-0.1683000722,0;0;0,True,"continuous lambda scan over mode-equivalent range i,j=0..64"
0.16486816,33.40704560149699,4.833333333333334,0.6416666666666666,0.19554266055783315,False,-0.1699632412364195,-5.147371605;-0.3604388403;-0.1699632412,0;0;0,True,"continuous lambda scan over mode-equivalent range i,j=0..64"
0.16486816,33.74449050656261,4.833333333333334,0.6416666666666666,0.19554266055783315,False,-0.17162683717093766,-5.150746138;-0.3638368345;-0.1716268372,0;0;0,True,"continuous lambda scan over mode-equivalent range i,j=0..64"
0.16486816,34.08193541162824,4.833333333333334,0.6416666666666666,0.19554266055783315,False,-0.17329084856515517,-5.15412067;-0.3672344134;-0.1732908486,0;0;0,True,"continuous lambda scan over mode-equivalent range i,j=0..64"
0.16486816,34.41938031669387,4.833333333333334,0.6416666666666666,0.19554266055783315,False,-0.17495526437836978,-5.157495203;-0.3706315879;-0.1749552644,0;0;0,True,"continuous lambda scan over mode-equivalent range i,j=0..64"
0.16486816,34.75682522175949,4.833333333333334,0.6416666666666666,0.19554266055783315,False,-0.17662007396257998,-5.160869735;-0.3740283687;-0.176620074,0;0;0,True,"continuous lambda scan over mode-equivalent range i,j=0..64"
0.16486816,35.094270126825116,4.833333333333334,0.6416666666666666,0.19554266055783315,False,-0.17828526704497336,-5.164244267;-0.377424766;-0.178285267,0;0;0,True,"continuous lambda scan over mode-equivalent range i,j=0..64"
0.16486816,35.43171503189075,4.833333333333334,0.6416666666666666,0.19554266055783315,False,-0.1799508337113536,-5.167618799;-0.3808207898;-0.1799508337,0;0;0,True,"continuous lambda scan over mode-equivalent range i,j=0..64"
0.16486816,35.76915993695637,4.833333333333334,0.6416666666666666,0.19554266055783315,False,-0.18161676439044852,-5.170993331;-0.3842164497;-0.1816167644,0;0;0,True,"continuous lambda scan over mode-equivalent range i,j=0..64"
0.16486816,36.106604842021994,4.833333333333334,0.6416666666666666,0.19554266055783315,False,-0.18328304983904278,-5.174367863;-0.3876117548;-0.1832830498,0;0;0,True,"continuous lambda scan over mode-equivalent range i,j=0..64"
0.16486816,36.444049747087625,4.833333333333334,0.6416666666666666,0.19554266055783315,False,-0.1849496811278866,-5.177742395;-0.3910067142;-0.1849496811,0;0;0,True,"continuous lambda scan over mode-equivalent range i,j=0..64"
0.16486816,36.78149465215325,4.833333333333334,0.6416666666666666,0.19554266055783315,False,-0.18661664962833133,-5.181116927;-0.3944013364;-0.1866166496,0;0;0,True,"continuous lambda scan over mode-equivalent range i,j=0..64"
0.16486816,37.11893955721887,4.833333333333334,0.6416666666666666,0.19554266055783315,False,-0.18828394699964968,-5.184491459;-0.3977956298;-0.188283947,0;0;0,True,"continuous lambda scan over mode-equivalent range i,j=0..64"
0.16486816,37.456384462284504,4.833333333333334,0.6416666666666666,0.19554266055783315,False,-0.18995156517699802,-5.187865991;-0.4011896024;-0.1899515652,0;0;0,True,"continuous lambda scan over mode-equivalent range i,j=0..64"
0.16486816,37.79382936735013,4.833333333333334,0.6416666666666666,0.19554266055783315,False,-0.19161949635998451,-5.191240523;-0.4045832621;-0.1916194964,0;0;0,True,"continuous lambda scan over mode-equivalent range i,j=0..64"
0.16486816,38.13127427241575,4.833333333333334,0.6416666666666666,0.19554266055783315,False,-0.19328773300180593,-5.194615054;-0.4079766164;-0.193287733,0;0;0,True,"continuous lambda scan over mode-equivalent range i,j=0..64"
0.16486816,38.46871917748138,4.833333333333334,0.6416666666666666,0.19554266055783315,False,-0.19495626779892128,-5.197989586;-0.4113696726;-0.1949562678,0;0;0,True,"continuous lambda scan over mode-equivalent range i,j=0..64"
0.16486816,38.806164082547006,4.833333333333334,0.6416666666666666,0.19554266055783315,False,-0.19662509368123046,-5.201364118;-0.4147624378;-0.1966250937,0;0;0,True,"continuous lambda scan over mode-equivalent range i,j=0..64"
0.16486816,39.14360898761263,4.833333333333334,0.6416666666666666,0.19554266055783315,False,-0.1982942038027295,-5.204738649;-0.4181549187;-0.1982942038,0;0;0,True,"continuous lambda scan over mode-equivalent range i,j=0..64"
0.16486816,39.481053892678254,4.833333333333334,0.6416666666666666,0.19554266055783315,False,-0.19996359153261542,-5.208113181;-0.4215471222;-0.1999635915,0;0;0,True,"continuous lambda scan over mode-equivalent range i,j=0..64"
0.16486816,39.818498797743885,4.833333333333334,0.6416666666666666,0.19554266055783315,False,-0.20163325044681507,-5.211487712;-0.4249390544;-0.2016332504,0;0;0,True,"continuous lambda scan over mode-equivalent range i,j=0..64"
0.16486816,40.15594370280951,4.833333333333334,0.6416666666666666,0.19554266055783315,False,-0.20330317431991493,-5.214862243;-0.4283307218;-0.2033031743,0;0;0,True,"continuous lambda scan over mode-equivalent range i,j=0..64"
0.16486816,40.49338860787513,4.833333333333334,0.6416666666666666,0.19554266055783315,False,-0.2049733571174693,-5.218236775;-0.4317221304;-0.2049733571,0;0;0,True,"continuous lambda scan over mode-equivalent range i,j=0..64"
0.16486816,40.830833512940764,4.833333333333334,0.6416666666666666,0.19554266055783315,False,-0.20664379298866617,-5.221611306;-0.4351132859;-0.206643793,0;0;0,True,"continuous lambda scan over mode-equivalent range i,j=0..64"
0.16486816,41.16827841800639,4.833333333333334,0.6416666666666666,0.19554266055783315,False,-0.2083144762593314,-5.224985837;-0.438504194;-0.2083144763,0;0;0,True,"continuous lambda scan over mode-equivalent range i,j=0..64"
0.16486816,41.50572332307201,4.833333333333334,0.6416666666666666,0.19554266055783315,False,-0.2099854014252533,-5.228360368;-0.4418948603;-0.2099854014,0;0;0,True,"continuous lambda scan over mode-equivalent range i,j=0..64"
0.16486816,41.84316822813764,4.833333333333334,0.6416666666666666,0.19554266055783315,False,-0.21165656314581024,-5.231734899;-0.4452852901;-0.2116565631,0;0;0,True,"continuous lambda scan over mode-equivalent range i,j=0..64"
0.16486816,42.180613133203266,4.833333333333334,0.6416666666666666,0.19554266055783315,False,-0.2133279562378847,-5.23510943;-0.4486754886;-0.2133279562,0;0;0,True,"continuous lambda scan over mode-equivalent range i,j=0..64"
0.16486816,42.51805803826889,4.833333333333334,0.6416666666666666,0.19554266055783315,False,-0.2149995756700501,-5.238483961;-0.4520654609;-0.2149995757,0;0;0,True,"continuous lambda scan over mode-equivalent range i,j=0..64"
0.16486816,42.85550294333452,4.833333333333334,0.6416666666666666,0.19554266055783315,False,-0.2166714165570146,-5.241858492;-0.4554552117;-0.2166714166,0;0;0,True,"continuous lambda scan over mode-equivalent range i,j=0..64"
0.16486816,43.192947848400145,4.833333333333334,0.6416666666666666,0.19554266055783315,False,-0.21834347415430935,-5.245233023;-0.4588447458;-0.2183434742,0;0;0,True,"continuous lambda scan over mode-equivalent range i,j=0..64"
0.16486816,43.53039275346577,4.833333333333334,0.6416666666666666,0.19554266055783315,False,-0.22001574385320913,-5.248607554;-0.4622340679;-0.2200157439,0;0;0,True,"continuous lambda scan over mode-equivalent range i,j=0..64"
0.16486816,43.8678376585314,4.833333333333334,0.6416666666666666,0.19554266055783315,False,-0.2216882211758726,-5.251982085;-0.4656231825;-0.2216882212,0;0;0,True,"continuous lambda scan over mode-equivalent range i,j=0..64"
0.16486816,44.205282563597024,4.833333333333334,0.6416666666666666,0.19554266055783315,False,-0.2233609017706914,-5.255356615;-0.4690120938;-0.2233609018,0;0;0,True,"continuous lambda scan over mode-equivalent range i,j=0..64"
0.16486816,44.54272746866265,4.833333333333334,0.6416666666666666,0.19554266055783315,False,-0.22503378140783778,-5.258731146;-0.4724008062;-0.2250337814,0;0;0,True,"continuous lambda scan over mode-equivalent range i,j=0..64"
0.16486816,44.88017237372828,4.833333333333334,0.6416666666666666,0.19554266055783315,False,-0.2267068559750011,-5.262105677;-0.4757893236;-0.226706856,0;0;0,True,"continuous lambda scan over mode-equivalent range i,j=0..64"
0.16486816,45.2176172787939,4.833333333333334,0.6416666666666666,0.19554266055783315,False,-0.22838012147330275,-5.265480207;-0.4791776502;-0.2283801215,0;0;0,True,"continuous lambda scan over mode-equivalent range i,j=0..64"
0.16486816,45.555062183859526,4.833333333333334,0.6416666666666666,0.19554266055783315,False,-0.23005357401338236,-5.268854738;-0.4825657898;-0.230053574,0;0;0,True,"continuous lambda scan over mode-equivalent range i,j=0..64"
0.16486816,45.89250708892516,4.833333333333334,0.6416666666666666,0.19554266055783315,False,-0.23172720981164605,-5.272229268;-0.4859537462;-0.2317272098,0;0;0,True,"continuous lambda scan over mode-equivalent range i,j=0..64"
0.16486816,46.22995199399078,4.833333333333334,0.6416666666666666,0.19554266055783315,False,-0.233401025186668,-5.275603798;-0.4893415231;-0.2334010252,0;0;0,True,"continuous lambda scan over mode-equivalent range i,j=0..64"
0.16486816,46.567396899056405,4.833333333333334,0.6416666666666666,0.19554266055783315,False,-0.23507501655574053,-5.278978329;-0.492729124;-0.2350750166,0;0;0,True,"continuous lambda scan over mode-equivalent range i,j=0..64"
0.16486816,46.904841804122036,4.833333333333334,0.6416666666666666,0.19554266055783315,False,-0.23674918043156268,-5.282352859;-0.4961165525;-0.2367491804,0;0;0,True,"continuous lambda scan over mode-equivalent range i,j=0..64"
0.16486816,47.24228670918766,4.833333333333334,0.6416666666666666,0.19554266055783315,False,-0.23842351341906276,-5.285727389;-0.4995038119;-0.2384235134,0;0;0,True,"continuous lambda scan over mode-equivalent range i,j=0..64"
0.16486816,47.579731614253284,4.833333333333334,0.6416666666666666,0.19554266055783315,False,-0.24009801221234783,-5.289101919;-0.5028909056;-0.2400980122,0;0;0,True,"continuous lambda scan over mode-equivalent range i,j=0..64"
0.16486816,47.91717651931891,4.833333333333334,0.6416666666666666,0.19554266055783315,False,-0.24177267359177426,-5.29247645;-0.5062778367;-0.2417726736,0;0;0,True,"continuous lambda scan over mode-equivalent range i,j=0..64"
0.16486816,48.25462142438454,4.833333333333334,0.6416666666666666,0.19554266055783315,False,-0.24344749442113375,-5.29585098;-0.5096646085;-0.2434474944,0;0;0,True,"continuous lambda scan over mode-equivalent range i,j=0..64"
0.16486816,48.59206632945016,4.833333333333334,0.6416666666666666,0.19554266055783315,False,-0.24512247164494944,-5.29922551;-0.5130512239;-0.2451224716,0;0;0,True,"continuous lambda scan over mode-equivalent range i,j=0..64"
0.16486816,48.929511234515786,4.833333333333334,0.6416666666666666,0.19554266055783315,False,-0.24679760228587766,-5.30260004;-0.5164376859;-0.2467976023,0;0;0,True,"continuous lambda scan over mode-equivalent range i,j=0..64"
0.16486816,49.26695613958142,4.833333333333334,0.6416666666666666,0.19554266055783315,False,-0.24847288344220914,-5.305974569;-0.5198239975;-0.2484728834,0;0;0,True,"continuous lambda scan over mode-equivalent range i,j=0..64"
0.16486816,49.60440104464704,4.833333333333334,0.6416666666666666,0.19554266055783315,False,-0.2501483122854669,-5.309349099;-0.5232101615;-0.2501483123,0;0;0,True,"continuous lambda scan over mode-equivalent range i,j=0..64"
0.16486816,49.941845949712665,4.833333333333334,0.6416666666666666,0.19554266055783315,False,-0.2518238860580957,-5.312723629;-0.5265961805;-0.2518238861,0;0;0,True,"continuous lambda scan over mode-equivalent range i,j=0..64"
0.16486816,50.279290854778296,4.833333333333334,0.6416666666666666,0.19554266055783315,False,-0.25349960207123834,-5.316098159;-0.5299820574;-0.2534996021,0;0;0,True,"continuous lambda scan over mode-equivalent range i,j=0..64"
0.16486816,50.61673575984392,4.833333333333334,0.6416666666666666,0.19554266055783315,False,-0.2551754577025961,-5.319472688;-0.5333677947;-0.2551754577,0;0;0,True,"continuous lambda scan over mode-equivalent range i,j=0..64"
0.16486816,50.95418066490954,4.833333333333334,0.6416666666666666,0.19554266055783315,False,-0.2568514503943687,-5.322847218;-0.5367533951;-0.2568514504,0;0;0,True,"continuous lambda scan over mode-equivalent range i,j=0..64"
0.16486816,51.291625569975174,4.833333333333334,0.6416666666666666,0.19554266055783315,False,-0.25852757765127227,-5.326221748;-0.5401388609;-0.2585275777,0;0;0,True,"continuous lambda scan over mode-equivalent range i,j=0..64"
0.16486816,51.6290704750408,4.833333333333334,0.6416666666666666,0.19554266055783315,False,-0.2602038370386274,-5.329596277;-0.5435241946;-0.260203837,0;0;0,True,"continuous lambda scan over mode-equivalent range i,j=0..64"
0.16486816,51.96651538010642,4.833333333333334,0.6416666666666666,0.19554266055783315,False,-0.26188022618052054,-5.332970807;-0.5469093986;-0.2618802262,0;0;0,True,"continuous lambda scan over mode-equivalent range i,j=0..64"
0.16486816,52.30396028517205,4.833333333333334,0.6416666666666666,0.19554266055783315,False,-0.2635567427580307,-5.336345336;-0.5502944753;-0.2635567428,0;0;0,True,"continuous lambda scan over mode-equivalent range i,j=0..64"
0.16486816,52.64140519023768,4.833333333333334,0.6416666666666666,0.19554266055783315,False,-0.26523338450752004,-5.339719865;-0.5536794268;-0.2652333845,0;0;0,True,"continuous lambda scan over mode-equivalent range i,j=0..64"
0.16486816,52.9788500953033,4.833333333333334,0.6416666666666666,0.19554266055783315,False,-0.26691014921898687,-5.343094395;-0.5570642554;-0.2669101492,0;0;0,True,"continuous lambda scan over mode-equivalent range i,j=0..64"
0.16486816,53.31629500036893,4.833333333333334,0.6416666666666666,0.19554266055783315,False,-0.26858703473447765,-5.346468924;-0.5604489633;-0.2685870347,0;0;0,True,"continuous lambda scan over mode-equivalent range i,j=0..64"
0.16486816,53.653739905434556,4.833333333333334,0.6416666666666666,0.19554266055783315,False,-0.27026403894655376,-5.349843453;-0.5638335525;-0.2702640389,0;0;0,True,"continuous lambda scan over mode-equivalent range i,j=0..64"
0.16486816,53.99118481050018,4.833333333333334,0.6416666666666666,0.19554266055783315,False,-0.27194115979681466,-5.353217982;-0.5672180251;-0.2719411598,0;0;0,True,"continuous lambda scan over mode-equivalent range i,j=0..64"
0.16486816,54.32862971556581,4.833333333333334,0.6416666666666666,0.19554266055783315,False,-0.27361839527447135,-5.356592511;-0.5706023832;-0.2736183953,0;0;0,True,"continuous lambda scan over mode-equivalent range i,j=0..64"
0.16486816,54.666074620631434,4.833333333333334,0.6416666666666666,0.19554266055783315,False,-0.2752957434149701,-5.35996704;-0.5739866286;-0.2752957434,0;0;0,True,"continuous lambda scan over mode-equivalent range i,j=0..64"
0.16486816,55.00351952569706,4.833333333333334,0.6416666666666666,0.19554266055783315,False,-0.2769732022986635,-5.363341569;-0.5773707634;-0.2769732023,0;0;0,True,"continuous lambda scan over mode-equivalent range i,j=0..64"
0.16486816,55.34096443076269,4.833333333333334,0.6416666666666666,0.19554266055783315,False,-0.2786507700495284,-5.366716098;-0.5807547894;-0.27865077,0;0;0,True,"continuous lambda scan over mode-equivalent range i,j=0..64"
0.16486816,55.67840933582831,4.833333333333334,0.6416666666666666,0.19554266055783315,False,-0.2803284448339264,-5.370090627;-0.5841387083;-0.2803284448,0;0;0,True,"continuous lambda scan over mode-equivalent range i,j=0..64"
0.16486816,56.01585424089394,4.833333333333334,0.6416666666666666,0.19554266055783315,False,-0.28200622485940713,-5.373465156;-0.5875225221;-0.2820062249,0;0;0,True,"continuous lambda scan over mode-equivalent range i,j=0..64"
0.16486816,56.35329914595956,4.833333333333334,0.6416666666666666,0.19554266055783315,False,-0.2836841083735529,-5.376839685;-0.5909062324;-0.2836841084,0;0;0,True,"continuous lambda scan over mode-equivalent range i,j=0..64"
0.16486816,56.69074405102519,4.833333333333334,0.6416666666666666,0.19554266055783315,False,-0.2853620936628608,-5.380214213;-0.5942898411;-0.2853620937,0;0;0,True,"continuous lambda scan over mode-equivalent range i,j=0..64"
0.16486816,57.028188956090816,4.833333333333334,0.6416666666666666,0.19554266055783315,False,-0.28704017905166274,-5.383588742;-0.5976733496;-0.2870401791,0;0;0,True,"continuous lambda scan over mode-equivalent range i,j=0..64"
0.16486816,57.36563386115644,4.833333333333334,0.6416666666666666,0.19554266055783315,False,-0.2887183629010823,-5.386963271;-0.6010567598;-0.2887183629,0;0;0,True,"continuous lambda scan over mode-equivalent range i,j=0..64"
0.16486816,57.70307876622207,4.833333333333334,0.6416666666666666,0.19554266055783315,False,-0.29039664360802486,-5.390337799;-0.6044400732;-0.2903966436,0;0;0,True,"continuous lambda scan over mode-equivalent range i,j=0..64"
0.16486816,58.040523671287694,4.833333333333334,0.6416666666666666,0.19554266055783315,False,-0.29207501960420135,-5.393712328;-0.6078232913;-0.2920750196,0;0;0,True,"continuous lambda scan over mode-equivalent range i,j=0..64"
0.16486816,58.37796857635332,4.833333333333334,0.6416666666666666,0.19554266055783315,False,-0.2937534893551847,-5.397086856;-0.6112064157;-0.2937534894,0;0;0,True,"continuous lambda scan over mode-equivalent range i,j=0..64"
0.16486816,58.71541348141895,4.833333333333334,0.6416666666666666,0.19554266055783315,False,-0.2954320513594956,-5.400461385;-0.6145894479;-0.2954320514,0;0;0,True,"continuous lambda scan over mode-equivalent range i,j=0..64"
0.16486816,59.05285838648457,4.833333333333334,0.6416666666666666,0.19554266055783315,False,-0.29711070414771895,-5.403835913;-0.6179723894;-0.2971107041,0;0;0,True,"continuous lambda scan over mode-equivalent range i,j=0..64"
0.16486816,59.3903032915502,4.833333333333334,0.6416666666666666,0.19554266055783315,False,-0.29878944628164855,-5.407210441;-0.6213552416;-0.2987894463,0;0;0,True,"continuous lambda scan over mode-equivalent range i,j=0..64"
0.16486816,59.72774819661583,4.833333333333334,0.6416666666666666,0.19554266055783315,False,-0.3004682763534588,-5.41058497;-0.6247380059;-0.3004682764,0;0;0,True,"continuous lambda scan over mode-equivalent range i,j=0..64"
0.16486816,60.06519310168145,4.833333333333334,0.6416666666666666,0.19554266055783315,False,-0.30214719298490267,-5.413959498;-0.6281206837;-0.302147193,0;0;0,True,"continuous lambda scan over mode-equivalent range i,j=0..64"
0.16486816,60.402638006747075,4.833333333333334,0.6416666666666666,0.19554266055783315,False,-0.3038261948265356,-5.417334026;-0.6315032764;-0.3038261948,0;0;0,True,"continuous lambda scan over mode-equivalent range i,j=0..64"
0.16486816,60.740082911812706,4.833333333333334,0.6416666666666666,0.19554266055783315,False,-0.3055052805569639,-5.420708554;-0.6348857852;-0.3055052806,0;0;0,True,"continuous lambda scan over mode-equivalent range i,j=0..64"
0.16486816,61.07752781687833,4.833333333333334,0.6416666666666666,0.19554266055783315,False,-0.30718444888211516,-5.424083082;-0.6382682115;-0.3071844489,0;0;0,True,"continuous lambda scan over mode-equivalent range i,j=0..64"
0.16486816,61.414972721943954,4.833333333333334,0.6416666666666666,0.19554266055783315,False,-0.308863698534534,-5.42745761;-0.6416505565;-0.3088636985,0;0;0,True,"continuous lambda scan over mode-equivalent range i,j=0..64"
0.16486816,61.752417627009585,4.833333333333334,0.6416666666666666,0.19554266055783315,False,-0.31054302827269736,-5.430832138;-0.6450328214;-0.3105430283,0;0;0,True,"continuous lambda scan over mode-equivalent range i,j=0..64"
0.16486816,62.08986253207521,4.833333333333334,0.6416666666666666,0.19554266055783315,False,-0.31222243688035156,-5.434206666;-0.6484150076;-0.3122224369,0;0;0,True,"continuous lambda scan over mode-equivalent range i,j=0..64"
0.16486816,62.42730743714083,4.833333333333334,0.6416666666666666,0.19554266055783315,False,-0.3139019231658702,-5.437581194;-0.6517971161;-0.3139019232,0;0;0,True,"continuous lambda scan over mode-equivalent range i,j=0..64"
0.16486816,62.764752342206464,4.833333333333334,0.6416666666666666,0.19554266055783315,False,-0.3155814859616311,-5.440955721;-0.6551791481;-0.315581486,0;0;0,True,"continuous lambda scan over mode-equivalent range i,j=0..64"
0.16486816,63.10219724727209,4.833333333333334,0.6416666666666666,0.19554266055783315,False,-0.31726112412341245,-5.444330249;-0.6585611049;-0.3172611241,0;0;0,True,"continuous lambda scan over mode-equivalent range i,j=0..64"
0.16486816,63.43964215233771,4.833333333333334,0.6416666666666666,0.19554266055783315,False,-0.3189408365298069,-5.447704777;-0.6619429874;-0.3189408365,0;0;0,True,"continuous lambda scan over mode-equivalent range i,j=0..64"
0.16486816,63.77708705740334,4.833333333333334,0.6416666666666666,0.19554266055783315,False,-0.32062062208165293,-5.451079304;-0.6653247969;-0.3206206221,0;0;0,True,"continuous lambda scan over mode-equivalent range i,j=0..64"
0.16486816,64.11453196246896,4.833333333333334,0.6416666666666666,0.19554266055783315,False,-0.32230047970148434,-5.454453832;-0.6687065343;-0.3223004797,0;0;0,True,"continuous lambda scan over mode-equivalent range i,j=0..64"
0.16486816,64.4519768675346,4.833333333333334,0.6416666666666666,0.19554266055783315,False,-0.3239804083329952,-5.457828359;-0.6720882008;-0.3239804083,0;0;0,True,"continuous lambda scan over mode-equivalent range i,j=0..64"
0.16486816,64.78942177260022,4.833333333333334,0.6416666666666666,0.19554266055783315,False,-0.32566040694052023,-5.461202887;-0.6754697973;-0.3256604069,0;0;0,True,"continuous lambda scan over mode-equivalent range i,j=0..64"
0.16486816,65.12686667766584,4.833333333333334,0.6416666666666666,0.19554266055783315,False,-0.32734047450853176,-5.464577414;-0.678851325;-0.3273404745,0;0;0,True,"continuous lambda scan over mode-equivalent range i,j=0..64"
0.16486816,65.46431158273147,4.833333333333334,0.6416666666666666,0.19554266055783315,False,-0.32902061004115013,-5.467951942;-0.6822327847;-0.32902061,0;0;0,True,"continuous lambda scan over mode-equivalent range i,j=0..64"
0.16486816,65.80175648779709,4.833333333333334,0.6416666666666666,0.19554266055783315,False,-0.3307008125616692,-5.471326469;-0.6856141775;-0.3307008126,0;0;0,True,"continuous lambda scan over mode-equivalent range i,j=0..64"
0.16486816,66.13920139286272,4.833333333333334,0.6416666666666666,0.19554266055783315,False,-0.3323810811120954,-5.474700996;-0.6889955043;-0.3323810811,0;0;0,True,"continuous lambda scan over mode-equivalent range i,j=0..64"
0.16486816,66.47664629792835,4.833333333333334,0.6416666666666666,0.19554266055783315,False,-0.33406141475269924,-5.478075523;-0.6923767661;-0.3340614148,0;0;0,True,"continuous lambda scan over mode-equivalent range i,j=0..64"
0.16486816,66.81409120299398,4.833333333333334,0.6416666666666666,0.19554266055783315,False,-0.3357418125615814,-5.481450051;-0.6957579638;-0.3357418126,0;0;0,True,"continuous lambda scan over mode-equivalent range i,j=0..64"
0.16486816,67.1515361080596,4.833333333333334,0.6416666666666666,0.19554266055783315,False,-0.33742227363424976,-5.484824578;-0.6991390982;-0.3374222736,0;0;0,True,"continuous lambda scan over mode-equivalent range i,j=0..64"
0.16486816,67.48898101312523,4.833333333333334,0.6416666666666666,0.19554266055783315,False,-0.3391027970832083,-5.488199105;-0.7025201704;-0.3391027971,0;0;0,True,"continuous lambda scan over mode-equivalent range i,j=0..64"
0.16486816,67.82642591819085,4.833333333333334,0.6416666666666666,0.19554266055783315,False,-0.3407833820375594,-5.491573632;-0.705901181;-0.340783382,0;0;0,True,"continuous lambda scan over mode-equivalent range i,j=0..64"
0.16486816,68.16387082325647,4.833333333333334,0.6416666666666666,0.19554266055783315,False,-0.34246402764261563,-5.494948159;-0.7092821311;-0.3424640276,0;0;0,True,"continuous lambda scan over mode-equivalent range i,j=0..64"
0.16486816,68.50131572832211,4.833333333333334,0.6416666666666666,0.19554266055783315,False,-0.3441447330595222,-5.498322686;-0.7126630214;-0.3441447331,0;0;0,True,"continuous lambda scan over mode-equivalent range i,j=0..64"
0.16486816,68.83876063338774,4.833333333333334,0.6416666666666666,0.19554266055783315,False,-0.34582549746489194,-5.501697213;-0.7160438528;-0.3458254975,0;0;0,True,"continuous lambda scan over mode-equivalent range i,j=0..64"
0.16486816,69.17620553845336,4.833333333333334,0.6416666666666666,0.19554266055783315,False,-0.34750632005044824,-5.505071739;-0.719424626;-0.3475063201,0;0;0,True,"continuous lambda scan over mode-equivalent range i,j=0..64"
0.16486816,69.51365044351898,4.833333333333334,0.6416666666666666,0.19554266055783315,False,-0.3491872000226789,-5.508446266;-0.7228053419;-0.3491872,0;0;0,True,"continuous lambda scan over mode-equivalent range i,j=0..64"
0.16486816,69.85109534858461,4.833333333333334,0.6416666666666666,0.19554266055783315,False,-0.35086813660249977,-5.511820793;-0.7261860013;-0.3508681366,0;0;0,True,"continuous lambda scan over mode-equivalent range i,j=0..64"
0.16486816,70.18854025365023,4.833333333333334,0.6416666666666666,0.19554266055783315,False,-0.35254912902492647,-5.515195319;-0.7295666048;-0.352549129,0;0;0,True,"continuous lambda scan over mode-equivalent range i,j=0..64"
0.16486816,70.52598515871586,4.833333333333334,0.6416666666666666,0.19554266055783315,False,-0.3542301765387562,-5.518569846;-0.7329471533;-0.3542301765,0;0;0,True,"continuous lambda scan over mode-equivalent range i,j=0..64"
0.16486816,70.8634300637815,4.833333333333334,0.6416666666666666,0.19554266055783315,False,-0.3559112784062575,-5.521944373;-0.7363276476;-0.3559112784,0;0;0,True,"continuous lambda scan over mode-equivalent range i,j=0..64"
0.16486816,71.20087496884712,4.833333333333334,0.6416666666666666,0.19554266055783315,False,-0.35759243390286843,-5.525318899;-0.7397080882;-0.3575924339,0;0;0,True,"continuous lambda scan over mode-equivalent range i,j=0..64"
0.16486816,71.53831987391274,4.833333333333334,0.6416666666666666,0.19554266055783315,False,-0.3592736423169034,-5.528693425;-0.743088476;-0.3592736423,0;0;0,True,"continuous lambda scan over mode-equivalent range i,j=0..64"
0.16486816,71.87576477897836,4.833333333333334,0.6416666666666666,0.19554266055783315,False,-0.36095490294926713,-5.532067952;-0.7464688116;-0.3609549029,0;0;0,True,"continuous lambda scan over mode-equivalent range i,j=0..64"
0.16486816,72.21320968404399,4.833333333333334,0.6416666666666666,0.19554266055783315,False,-0.3626362151131762,-5.535442478;-0.7498490957;-0.3626362151,0;0;0,True,"continuous lambda scan over mode-equivalent range i,j=0..64"
0.16486816,72.55065458910961,4.833333333333334,0.6416666666666666,0.19554266055783315,False,-0.3643175781338891,-5.538817005;-0.753229329;-0.3643175781,0;0;0,True,"continuous lambda scan over mode-equivalent range i,j=0..64"
0.16486816,72.88809949417525,4.833333333333334,0.6416666666666666,0.19554266055783315,False,-0.365998991348442,-5.542191531;-0.7566095122;-0.3659989913,0;0;0,True,"continuous lambda scan over mode-equivalent range i,j=0..64"
0.16486816,73.22554439924087,4.833333333333334,0.6416666666666666,0.19554266055783315,False,-0.36768045410539146,-5.545566057;-0.7599896458;-0.3676804541,0;0;0,True,"continuous lambda scan over mode-equivalent range i,j=0..64"
0.16486816,73.5629893043065,4.833333333333334,0.6416666666666666,0.19554266055783315,False,-0.3693619657645662,-5.548940583;-0.7633697307;-0.3693619658,0;0;0,True,"continuous lambda scan over mode-equivalent range i,j=0..64"
0.16486816,73.90043420937212,4.833333333333334,0.6416666666666666,0.19554266055783315,False,-0.3710435256968217,-5.552315109;-0.7667497673;-0.3710435257,0;0;0,True,"continuous lambda scan over mode-equivalent range i,j=0..64"
0.16486816,74.23787911443775,4.833333333333334,0.6416666666666666,0.19554266055783315,False,-0.3727251332838039,-5.555689635;-0.7701297563;-0.3727251333,0;0;0,True,"continuous lambda scan over mode-equivalent range i,j=0..64"
0.16486816,74.57532401950337,4.833333333333334,0.6416666666666666,0.19554266055783315,False,-0.37440678791771836,-5.559064161;-0.7735096983;-0.3744067879,0;0;0,True,"continuous lambda scan over mode-equivalent range i,j=0..64"
0.16486816,74.91276892456901,4.833333333333334,0.6416666666666666,0.19554266055783315,False,-0.3760884890011044,-5.562438687;-0.7768895939;-0.376088489,0;0;0,True,"continuous lambda scan over mode-equivalent range i,j=0..64"
0.16486816,75.25021382963463,4.833333333333334,0.6416666666666666,0.19554266055783315,False,-0.37777023594661596,-5.565813213;-0.7802694437;-0.3777702359,0;0;0,True,"continuous lambda scan over mode-equivalent range i,j=0..64"
0.16486816,75.58765873470026,4.833333333333334,0.6416666666666666,0.19554266055783315,False,-0.37945202817680795,-5.569187739;-0.7836492482;-0.3794520282,0;0;0,True,"continuous lambda scan over mode-equivalent range i,j=0..64"
0.16486816,75.92510363976588,4.833333333333334,0.6416666666666666,0.19554266055783315,False,-0.3811338651239279,-5.572562265;-0.7870290081;-0.3811338651,0;0;0,True,"continuous lambda scan over mode-equivalent range i,j=0..64"
0.16486816,76.2625485448315,4.833333333333334,0.6416666666666666,0.19554266055783315,False,-0.38281574622971254,-5.57593679;-0.7904087239;-0.3828157462,0;0;0,True,"continuous lambda scan over mode-equivalent range i,j=0..64"
0.16486816,76.59999344989713,4.833333333333334,0.6416666666666666,0.19554266055783315,False,-0.38449767094519005,-5.579311316;-0.7937883961;-0.3844976709,0;0;0,True,"continuous lambda scan over mode-equivalent range i,j=0..64"
0.16486816,76.93743835496277,4.833333333333334,0.6416666666666666,0.19554266055783315,False,-0.38617963873048655,-5.582685842;-0.7971680253;-0.3861796387,0;0;0,True,"continuous lambda scan over mode-equivalent range i,j=0..64"
0.16486816,77.27488326002839,4.833333333333334,0.6416666666666666,0.19554266055783315,False,-0.38786164905463805,-5.586060367;-0.800547612;-0.3878616491,0;0;0,True,"continuous lambda scan over mode-equivalent range i,j=0..64"
0.16486816,77.61232816509401,4.833333333333334,0.6416666666666666,0.19554266055783315,False,-0.38954370139540706,-5.589434893;-0.8039271567;-0.3895437014,0;0;0,True,"continuous lambda scan over mode-equivalent range i,j=0..64"
0.16486816,77.94977307015964,4.833333333333334,0.6416666666666666,0.19554266055783315,False,-0.3912257952391036,-5.592809418;-0.80730666;-0.3912257952,0;0;0,True,"continuous lambda scan over mode-equivalent range i,j=0..64"
0.16486816,78.28721797522526,4.833333333333334,0.6416666666666666,0.19554266055783315,False,-0.39290793008040964,-5.596183944;-0.8106861224;-0.3929079301,0;0;0,True,"continuous lambda scan over mode-equivalent range i,j=0..64"
0.16486816,78.62466288029088,4.833333333333334,0.6416666666666666,0.19554266055783315,False,-0.3945901054222098,-5.599558469;-0.8140655443;-0.3945901054,0;0;0,True,"continuous lambda scan over mode-equivalent range i,j=0..64"
0.16486816,78.96210778535651,4.833333333333334,0.6416666666666666,0.19554266055783315,False,-0.39627232077542446,-5.602932995;-0.8174449262;-0.3962723208,0;0;0,True,"continuous lambda scan over mode-equivalent range i,j=0..64"
0.16486816,79.29955269042215,4.833333333333334,0.6416666666666666,0.19554266055783315,False,-0.39795457565884773,-5.60630752;-0.8208242686;-0.3979545757,0;0;0,True,"continuous lambda scan over mode-equivalent range i,j=0..64"
0.16486816,79.63699759548777,4.833333333333334,0.6416666666666666,0.19554266055783315,False,-0.39963686959898925,-5.609682045;-0.8242035721;-0.3996368696,0;0;0,True,"continuous lambda scan over mode-equivalent range i,j=0..64"
0.16486816,79.9744425005534,4.833333333333334,0.6416666666666666,0.19554266055783315,False,-0.40131920212991995,-5.61305657;-0.827582837;-0.4013192021,0;0;0,True,"continuous lambda scan over mode-equivalent range i,j=0..64"
0.16486816,80.31188740561902,4.833333333333334,0.6416666666666666,0.19554266055783315,False,-0.4030015727931203,-5.616431095;-0.8309620638;-0.4030015728,0;0;0,True,"continuous lambda scan over mode-equivalent range i,j=0..64"
0.16486816,80.64933231068464,4.833333333333334,0.6416666666666666,0.19554266055783315,False,-0.4046839811373348,-5.619805621;-0.834341253;-0.4046839811,0;0;0,True,"continuous lambda scan over mode-equivalent range i,j=0..64"
0.16486816,80.98677721575027,4.833333333333334,0.6416666666666666,0.19554266055783315,False,-0.40636642671842665,-5.623180146;-0.837720405;-0.4063664267,0;0;0,True,"continuous lambda scan over mode-equivalent range i,j=0..64"
0.16486816,81.3242221208159,4.833333333333334,0.6416666666666666,0.19554266055783315,False,-0.40804890909923874,-5.626554671;-0.8410995202;-0.4080489091,0;0;0,True,"continuous lambda scan over mode-equivalent range i,j=0..64"
0.16486816,81.66166702588153,4.833333333333334,0.6416666666666666,0.19554266055783315,False,-0.4097314278494561,-5.629929196;-0.8444785992;-0.4097314278,0;0;0,True,"continuous lambda scan over mode-equivalent range i,j=0..64"
0.16486816,81.99911193094715,4.833333333333334,0.6416666666666666,0.19554266055783315,False,-0.4114139825454723,-5.63330372;-0.8478576422;-0.4114139825,0;0;0,True,"continuous lambda scan over mode-equivalent range i,j=0..64"
0.16486816,82.33655683601278,4.833333333333334,0.6416666666666666,0.19554266055783315,False,-0.4130965727702587,-5.636678245;-0.8512366497;-0.4130965728,0;0;0,True,"continuous lambda scan over mode-equivalent range i,j=0..64"
0.16486816,82.6740017410784,4.833333333333334,0.6416666666666666,0.19554266055783315,False,-0.41477919811323755,-5.64005277;-0.8546156222;-0.4147791981,0;0;0,True,"continuous lambda scan over mode-equivalent range i,j=0..64"
0.16486816,83.01144664614402,4.833333333333334,0.6416666666666666,0.19554266055783315,False,-0.41646185817015685,-5.643427295;-0.85799456;-0.4164618582,0;0;0,True,"continuous lambda scan over mode-equivalent range i,j=0..64"
0.16486816,83.34889155120966,4.833333333333334,0.6416666666666666,0.19554266055783315,False,-0.4181445525429685,-5.64680182;-0.8613734636;-0.4181445525,0;0;0,True,"continuous lambda scan over mode-equivalent range i,j=0..64"
0.16486816,83.68633645627528,4.833333333333334,0.6416666666666666,0.19554266055783315,False,-0.41982728083971005,-5.650176344;-0.8647523332;-0.4198272808,0;0;0,True,"continuous lambda scan over mode-equivalent range i,j=0..64"
0.16486816,84.02378136134091,4.833333333333334,0.6416666666666666,0.19554266055783315,False,-0.42151004267438824,-5.653550869;-0.8681311694;-0.4215100427,0;0;0,True,"continuous lambda scan over mode-equivalent range i,j=0..64"
0.16486816,84.36122626640653,4.833333333333334,0.6416666666666666,0.19554266055783315,False,-0.42319283766686505,-5.656925393;-0.8715099725;-0.4231928377,0;0;0,True,"continuous lambda scan over mode-equivalent range i,j=0..64"
0.16486816,84.69867117147216,4.833333333333334,0.6416666666666666,0.19554266055783315,False,-0.4248756654427474,-5.660299918;-0.8748887428;-0.4248756654,0;0;0,True,"continuous lambda scan over mode-equivalent range i,j=0..64"
0.16486816,85.03611607653778,4.833333333333334,0.6416666666666666,0.19554266055783315,False,-0.426558525633279,-5.663674442;-0.8782674808;-0.4265585256,0;0;0,True,"continuous lambda scan over mode-equivalent range i,j=0..64"
0.16486816,85.37356098160342,4.833333333333334,0.6416666666666666,0.19554266055783315,False,-0.4282414178752335,-5.667048967;-0.8816461868;-0.4282414179,0;0;0,True,"continuous lambda scan over mode-equivalent range i,j=0..64"
0.16486816,85.71100588666904,4.833333333333334,0.6416666666666666,0.19554266055783315,False,-0.4299243418108113,-5.670423491;-0.8850248611;-0.4299243418,0;0;0,True,"continuous lambda scan over mode-equivalent range i,j=0..64"
0.16486816,86.04845079173467,4.833333333333334,0.6416666666666666,0.19554266055783315,False,-0.43160729708753887,-5.673798015;-0.8884035042;-0.4316072971,0;0;0,True,"continuous lambda scan over mode-equivalent range i,j=0..64"
0.16486816,86.38589569680029,4.833333333333334,0.6416666666666666,0.19554266055783315,False,-0.4332902833581692,-5.67717254;-0.8917821162;-0.4332902834,0;0;0,True,"continuous lambda scan over mode-equivalent range i,j=0..64"
0.16486816,86.72334060186591,4.833333333333334,0.6416666666666666,0.19554266055783315,False,-0.43497330028058484,-5.680547064;-0.8951606977;-0.4349733003,0;0;0,True,"continuous lambda scan over mode-equivalent range i,j=0..64"
0.16486816,87.06078550693154,4.833333333333334,0.6416666666666666,0.19554266055783315,False,-0.4366563475177041,-5.683921588;-0.8985392489;-0.4366563475,0;0;0,True,"continuous lambda scan over mode-equivalent range i,j=0..64"
0.16486816,87.39823041199716,4.833333333333334,0.6416666666666666,0.19554266055783315,False,-0.4383394247373878,-5.687296112;-0.9019177702;-0.4383394247,0;0;0,True,"continuous lambda scan over mode-equivalent range i,j=0..64"
0.16486816,87.7356753170628,4.833333333333334,0.6416666666666666,0.19554266055783315,False,-0.440022531612349,-5.690670636;-0.9052962619;-0.4400225316,0;0;0,True,"continuous lambda scan over mode-equivalent range i,j=0..64"
0.16486816,88.07312022212842,4.833333333333334,0.6416666666666666,0.19554266055783315,False,-0.4417056678200646,-5.69404516;-0.9086747243;-0.4417056678,0;0;0,True,"continuous lambda scan over mode-equivalent range i,j=0..64"
0.16486816,88.41056512719405,4.833333333333334,0.6416666666666666,0.19554266055783315,False,-0.44338883304268856,-5.697419684;-0.9120531577;-0.443388833,0;0;0,True,"continuous lambda scan over mode-equivalent range i,j=0..64"
0.16486816,88.74801003225967,4.833333333333334,0.6416666666666666,0.19554266055783315,False,-0.4450720269669677,-5.700794208;-0.9154315625;-0.445072027,0;0;0,True,"continuous lambda scan over mode-equivalent range i,j=0..64"
0.16486816,89.0854549373253,4.833333333333334,0.6416666666666666,0.19554266055783315,False,-0.44675524928415805,-5.704168732;-0.9188099389;-0.4467552493,0;0;0,True,"continuous lambda scan over mode-equivalent range i,j=0..64"
0.16486816,89.42289984239092,4.833333333333334,0.6416666666666666,0.19554266055783315,False,-0.4484384996899444,-5.707543256;-0.9221882873;-0.4484384997,0;0;0,True,"continuous lambda scan over mode-equivalent range i,j=0..64"
0.16486816,89.76034474745656,4.833333333333334,0.6416666666666666,0.19554266055783315,False,-0.45012177788436125,-5.71091778;-0.9255666079;-0.4501217779,0;0;0,True,"continuous lambda scan over mode-equivalent range i,j=0..64"
0.16486816,90.09778965252218,4.833333333333334,0.6416666666666666,0.19554266055783315,False,-0.4518050835717141,-5.714292304;-0.9289449011;-0.4518050836,0;0;0,True,"continuous lambda scan over mode-equivalent range i,j=0..64"
0.16486816,90.4352345575878,4.833333333333334,0.6416666666666666,0.19554266055783315,False,-0.45348841646050464,-5.717666827;-0.9323231672;-0.4534884165,0;0;0,True,"continuous lambda scan over mode-equivalent range i,j=0..64"
0.16486816,90.77267946265343,4.833333333333334,0.6416666666666666,0.19554266055783315,False,-0.4551717762633557,-5.721041351;-0.9357014064;-0.4551717763,0;0;0,True,"continuous lambda scan over mode-equivalent range i,j=0..64"
0.16486816,91.11012436771905,4.833333333333334,0.6416666666666666,0.19554266055783315,False,-0.4568551626969393,-5.724415874;-0.939079619;-0.4568551627,0;0;0,True,"continuous lambda scan over mode-equivalent range i,j=0..64"
0.16486816,91.44756927278468,4.833333333333334,0.6416666666666666,0.19554266055783315,False,-0.4585385754819043,-5.727790398;-0.9424578053;-0.4585385755,0;0;0,True,"continuous lambda scan over mode-equivalent range i,j=0..64"
0.16486816,91.78501417785031,4.833333333333334,0.6416666666666666,0.19554266055783315,False,-0.4602220143428076,-5.731164921;-0.9458359655;-0.4602220143,0;0;0,True,"continuous lambda scan over mode-equivalent range i,j=0..64"
0.16486816,92.12245908291594,4.833333333333334,0.6416666666666666,0.19554266055783315,False,-0.46190547900804535,-5.734539445;-0.9492141;-0.461905479,0;0;0,True,"continuous lambda scan over mode-equivalent range i,j=0..64"
0.16486816,92.45990398798156,4.833333333333334,0.6416666666666666,0.19554266055783315,False,-0.4635889692097869,-5.737913968;-0.9525922091;-0.4635889692,0;0;0,True,"continuous lambda scan over mode-equivalent range i,j=0..64"
0.16486816,92.79734889304719,4.833333333333334,0.6416666666666666,0.19554266055783315,False,-0.46527248468390825,-5.741288492;-0.9559702929;-0.4652724847,0;0;0,True,"continuous lambda scan over mode-equivalent range i,j=0..64"
0.16486816,93.13479379811281,4.833333333333334,0.6416666666666666,0.19554266055783315,False,-0.466956025169929,-5.744663015;-0.9593483517;-0.4669560252,0;0;0,True,"continuous lambda scan over mode-equivalent range i,j=0..64"
0.16486816,93.47223870317843,4.833333333333334,0.6416666666666666,0.19554266055783315,False,-0.4686395904109489,-5.748037538;-0.9627263858;-0.4686395904,0;0;0,True,"continuous lambda scan over mode-equivalent range i,j=0..64"
0.16486816,93.80968360824407,4.833333333333334,0.6416666666666666,0.19554266055783315,False,-0.47032318015358704,-5.751412061;-0.9661043955;-0.4703231802,0;0;0,True,"continuous lambda scan over mode-equivalent range i,j=0..64"
0.16486816,94.1471285133097,4.833333333333334,0.6416666666666666,0.19554266055783315,False,-0.4720067941479208,-5.754786585;-0.9694823809;-0.4720067941,0;0;0,True,"continuous lambda scan over mode-equivalent range i,j=0..64"
0.16486816,94.48457341837532,4.833333333333334,0.6416666666666666,0.19554266055783315,False,-0.4736904321474279,-5.758161108;-0.9728603425;-0.4736904321,0;0;0,True,"continuous lambda scan over mode-equivalent range i,j=0..64"
0.16486816,94.82201832344094,4.833333333333334,0.6416666666666666,0.19554266055783315,False,-0.47537409390892826,-5.761535631;-0.9762382802;-0.4753740939,0;0;0,True,"continuous lambda scan over mode-equivalent range i,j=0..64"
0.16486816,95.15946322850657,4.833333333333334,0.6416666666666666,0.19554266055783315,False,-0.4770577791925268,-5.764910154;-0.9796161946;-0.4770577792,0;0;0,True,"continuous lambda scan over mode-equivalent range i,j=0..64"
0.16486816,95.49690813357219,4.833333333333334,0.6416666666666666,0.19554266055783315,False,-0.47874148776155906,-5.768284677;-0.9829940856;-0.4787414878,0;0;0,True,"continuous lambda scan over mode-equivalent range i,j=0..64"
0.16486816,95.83435303863781,4.833333333333334,0.6416666666666666,0.19554266055783315,False,-0.4804252193825363,-5.7716592;-0.9863719537;-0.4804252194,0;0;0,True,"continuous lambda scan over mode-equivalent range i,j=0..64"
0.16486816,96.17179794370345,4.833333333333334,0.6416666666666666,0.19554266055783315,False,-0.4821089738250924,-5.775033723;-0.989749799;-0.4821089738,0;0;0,True,"continuous lambda scan over mode-equivalent range i,j=0..64"
0.16486816,96.50924284876908,4.833333333333334,0.6416666666666666,0.19554266055783315,False,-0.48379275086193146,-5.778408246;-0.9931276218;-0.4837927509,0;0;0,True,"continuous lambda scan over mode-equivalent range i,j=0..64"
0.16486816,96.8466877538347,4.833333333333334,0.6416666666666666,0.19554266055783315,False,-0.4854765502687775,-5.781782768;-0.9965054222;-0.4854765503,0;0;0,True,"continuous lambda scan over mode-equivalent range i,j=0..64"
0.16486816,97.18413265890032,4.833333333333334,0.6416666666666666,0.19554266055783315,False,-0.48716037182432353,-5.785157291;-0.9998832005;-0.4871603718,0;0;0,True,"continuous lambda scan over mode-equivalent range i,j=0..64"
0.16486816,97.52157756396595,4.833333333333334,0.6416666666666666,0.19554266055783315,False,-0.48884421531018296,-5.788531814;-1.003260957;-0.4888442153,0;0;0,True,"continuous lambda scan over mode-equivalent range i,j=0..64"
0.16486816,97.85902246903157,4.833333333333334,0.6416666666666666,0.19554266055783315,False,-0.490528080510841,-5.791906336;-1.006638692;-0.4905280805,0;0;0,True,"continuous lambda scan over mode-equivalent range i,j=0..64"
0.16486816,98.19646737409721,4.833333333333334,0.6416666666666666,0.19554266055783315,False,-0.4922119672136082,-5.795280859;-1.010016405;-0.4922119672,0;0;0,True,"continuous lambda scan over mode-equivalent range i,j=0..64"
0.16486816,98.53391227916283,4.833333333333334,0.6416666666666666,0.19554266055783315,False,-0.49389587520857375,-5.798655382;-1.013394097;-0.4938958752,0;0;0,True,"continuous lambda scan over mode-equivalent range i,j=0..64"
0.16486816,98.87135718422846,4.833333333333334,0.6416666666666666,0.19554266055783315,False,-0.4955798042885601,-5.802029904;-1.016771768;-0.4955798043,0;0;0,True,"continuous lambda scan over mode-equivalent range i,j=0..64"
0.16486816,99.20880208929408,4.833333333333334,0.6416666666666666,0.19554266055783315,False,-0.49726375424907887,-5.805404427;-1.020149418;-0.4972637542,0;0;0,True,"continuous lambda scan over mode-equivalent range i,j=0..64"
0.16486816,99.5462469943597,4.833333333333334,0.6416666666666666,0.19554266055783315,False,-0.498947724888287,-5.808778949;-1.023527048;-0.4989477249,0;0;0,True,"continuous lambda scan over mode-equivalent range i,j=0..64"
0.16486816,99.88369189942533,4.833333333333334,0.6416666666666666,0.19554266055783315,False,-0.5006317160069441,-5.812153471;-1.026904657;-0.500631716,0;0;0,True,"continuous lambda scan over mode-equivalent range i,j=0..64"
0.16486816,100.22113680449097,4.833333333333334,0.6416666666666666,0.19554266055783315,False,-0.5023157274083707,-5.815527994;-1.030282246;-0.5023157274,0;0;0,True,"continuous lambda scan over mode-equivalent range i,j=0..64"
0.16486816,100.55858170955659,4.833333333333334,0.6416666666666666,0.19554266055783315,False,-0.5039997588984066,-5.818902516;-1.033659815;-0.5039997589,0;0;0,True,"continuous lambda scan over mode-equivalent range i,j=0..64"
0.16486816,100.89602661462222,4.833333333333334,0.6416666666666666,0.19554266055783315,False,-0.5056838102853718,-5.822277038;-1.037037364;-0.5056838103,0;0;0,True,"continuous lambda scan over mode-equivalent range i,j=0..64"
0.16486816,101.23347151968784,4.833333333333334,0.6416666666666666,0.19554266055783315,False,-0.5073678813800249,-5.82565156;-1.040414893;-0.5073678814,0;0;0,True,"continuous lambda scan over mode-equivalent range i,j=0..64"
0.16486816,101.57091642475346,4.833333333333334,0.6416666666666666,0.19554266055783315,False,-0.5090519719955269,-5.829026082;-1.043792403;-0.509051972,0;0;0,True,"continuous lambda scan over mode-equivalent range i,j=0..64"
0.16486816,101.90836132981909,4.833333333333334,0.6416666666666666,0.19554266055783315,False,-0.510736081947401,-5.832400605;-1.047169894;-0.5107360819,0;0;0,True,"continuous lambda scan over mode-equivalent range i,j=0..64"
0.16486816,102.24580623488472,4.833333333333334,0.6416666666666666,0.19554266055783315,False,-0.5124202110534964,-5.835775127;-1.050547365;-0.5124202111,0;0;0,True,"continuous lambda scan over mode-equivalent range i,j=0..64"
0.16486816,102.58325113995035,4.833333333333334,0.6416666666666666,0.19554266055783315,False,-0.5141043591339517,-5.839149649;-1.053924818;-0.5141043591,0;0;0,True,"continuous lambda scan over mode-equivalent range i,j=0..64"
0.16486816,102.92069604501597,4.833333333333334,0.6416666666666666,0.19554266055783315,False,-0.5157885260111579,-5.842524171;-1.057302251;-0.515788526,0;0;0,True,"continuous lambda scan over mode-equivalent range i,j=0..64"
0.16486816,103.2581409500816,4.833333333333334,0.6416666666666666,0.19554266055783315,False,-0.517472711509725,-5.845898692;-1.060679667;-0.5174727115,0;0;0,True,"continuous lambda scan over mode-equivalent range i,j=0..64"
0.16486816,103.59558585514722,4.833333333333334,0.6416666666666666,0.19554266055783315,False,-0.5191569154564458,-5.849273214;-1.064057064;-0.5191569155,0;0;0,True,"continuous lambda scan over mode-equivalent range i,j=0..64"
0.16486816,103.93303076021284,4.833333333333334,0.6416666666666666,0.19554266055783315,False,-0.5208411376802623,-5.852647736;-1.067434442;-0.5208411377,0;0;0,True,"continuous lambda scan over mode-equivalent range i,j=0..64"
0.16486816,104.27047566527847,4.833333333333334,0.6416666666666666,0.19554266055783315,False,-0.5225253780122333,-5.856022258;-1.070811803;-0.522525378,0;0;0,True,"continuous lambda scan over mode-equivalent range i,j=0..64"
0.16486816,104.6079205703441,4.833333333333334,0.6416666666666666,0.19554266055783315,False,-0.5242096362855007,-5.85939678;-1.074189145;-0.5242096363,0;0;0,True,"continuous lambda scan over mode-equivalent range i,j=0..64"
0.16486816,104.94536547540973,4.833333333333334,0.6416666666666666,0.19554266055783315,False,-0.5258939123352575,-5.862771301;-1.07756647;-0.5258939123,0;0;0,True,"continuous lambda scan over mode-equivalent range i,j=0..64"
0.16486816,105.28281038047535,4.833333333333334,0.6416666666666666,0.19554266055783315,False,-0.5275782059987175,-5.866145823;-1.080943778;-0.527578206,0;0;0,True,"continuous lambda scan over mode-equivalent range i,j=0..64"
0.16486816,105.62025528554098,4.833333333333334,0.6416666666666666,0.19554266055783315,False,-0.5292625171150825,-5.869520344;-1.084321067;-0.5292625171,0;0;0,True,"continuous lambda scan over mode-equivalent range i,j=0..64"
0.16486816,105.9577001906066,4.833333333333334,0.6416666666666666,0.19554266055783315,False,-0.5309468455255136,-5.872894866;-1.08769834;-0.5309468455,0;0;0,True,"continuous lambda scan over mode-equivalent range i,j=0..64"
0.16486816,106.29514509567223,4.833333333333334,0.6416666666666666,0.19554266055783315,False,-0.5326311910731001,-5.876269388;-1.091075596;-0.5326311911,0;0;0,True,"continuous lambda scan over mode-equivalent range i,j=0..64"
0.16486816,106.63259000073786,4.833333333333334,0.6416666666666666,0.19554266055783315,False,-0.5343155536028321,-5.879643909;-1.094452834;-0.5343155536,0;0;0,True,"continuous lambda scan over mode-equivalent range i,j=0..64"
0.16486816,106.97003490580349,4.833333333333334,0.6416666666666666,0.19554266055783315,False,-0.535999932961569,-5.88301843;-1.097830056;-0.535999933,0;0;0,True,"continuous lambda scan over mode-equivalent range i,j=0..64"
0.16486816,107.30747981086911,4.833333333333334,0.6416666666666666,0.19554266055783315,False,-0.5376843289980147,-5.886392952;-1.101207261;-0.537684329,0;0;0,True,"continuous lambda scan over mode-equivalent range i,j=0..64"
0.16486816,107.64492471593474,4.833333333333334,0.6416666666666666,0.19554266055783315,False,-0.5393687415626862,-5.889767473;-1.10458445;-0.5393687416,0;0;0,True,"continuous lambda scan over mode-equivalent range i,j=0..64"
0.16486816,107.98236962100036,4.833333333333334,0.6416666666666666,0.19554266055783315,False,-0.5410531705078898,-5.893141994;-1.107961623;-0.5410531705,0;0;0,True,"continuous lambda scan over mode-equivalent range i,j=0..64"
0.16486816,108.31981452606598,4.833333333333334,0.6416666666666666,0.19554266055783315,False,-0.5427376156876925,-5.896516516;-1.111338779;-0.5427376157,0;0;0,True,"continuous lambda scan over mode-equivalent range i,j=0..64"
0.16486816,108.65725943113162,4.833333333333334,0.6416666666666666,0.19554266055783315,False,-0.5444220769578961,-5.899891037;-1.114715919;-0.544422077,0;0;0,True,"continuous lambda scan over mode-equivalent range i,j=0..64"
0.16486816,108.99470433619724,4.833333333333334,0.6416666666666666,0.19554266055783315,False,-0.5461065541760118,-5.903265558;-1.118093043;-0.5461065542,0;0;0,True,"continuous lambda scan over mode-equivalent range i,j=0..64"
0.16486816,109.33214924126287,4.833333333333334,0.6416666666666666,0.19554266055783315,False,-0.5477910472012344,-5.906640079;-1.121470152;-0.5477910472,0;0;0,True,"continuous lambda scan over mode-equivalent range i,j=0..64"
0.16486816,109.66959414632849,4.833333333333334,0.6416666666666666,0.19554266055783315,False,-0.5494755558944174,-5.9100146;-1.124847245;-0.5494755559,0;0;0,True,"continuous lambda scan over mode-equivalent range i,j=0..64"
0.16486816,110.00703905139412,4.833333333333334,0.6416666666666666,0.19554266055783315,False,-0.5511600801180505,-5.913389121;-1.128224322;-0.5511600801,0;0;0,True,"continuous lambda scan over mode-equivalent range i,j=0..64"
0.16486816,110.34448395645974,4.833333333333334,0.6416666666666666,0.19554266055783315,False,-0.5528446197362319,-5.916763642;-1.131601384;-0.5528446197,0;0;0,True,"continuous lambda scan over mode-equivalent range i,j=0..64"
0.16486816,110.68192886152538,4.833333333333334,0.6416666666666666,0.19554266055783315,False,-0.5545291746146487,-5.920138163;-1.134978431;-0.5545291746,0;0;0,True,"continuous lambda scan over mode-equivalent range i,j=0..64"
0.16486816,111.019373766591,4.833333333333334,0.6416666666666666,0.19554266055783315,False,-0.5562137446205506,-5.923512684;-1.138355463;-0.5562137446,0;0;0,True,"continuous lambda scan over mode-equivalent range i,j=0..64"
0.16486816,111.35681867165663,4.833333333333334,0.6416666666666666,0.19554266055783315,False,-0.5578983296227294,-5.926887204;-1.14173248;-0.5578983296,0;0;0,True,"continuous lambda scan over mode-equivalent range i,j=0..64"
0.16486816,111.69426357672225,4.833333333333334,0.6416666666666666,0.19554266055783315,False,-0.5595829294914955,-5.930261725;-1.145109482;-0.5595829295,0;0;0,True,"continuous lambda scan over mode-equivalent range i,j=0..64"
0.16486816,112.03170848178787,4.833333333333334,0.6416666666666666,0.19554266055783315,False,-0.561267544098656,-5.933636246;-1.148486469;-0.5612675441,0;0;0,True,"continuous lambda scan over mode-equivalent range i,j=0..64"
0.16486816,112.3691533868535,4.833333333333334,0.6416666666666666,0.19554266055783315,False,-0.5629521733174938,-5.937010767;-1.151863442;-0.5629521733,0;0;0,True,"continuous lambda scan over mode-equivalent range i,j=0..64"
0.16486816,112.70659829191912,4.833333333333334,0.6416666666666666,0.19554266055783315,False,-0.5646368170227457,-5.940385287;-1.1552404;-0.564636817,0;0;0,True,"continuous lambda scan over mode-equivalent range i,j=0..64"
0.16486816,113.04404319698476,4.833333333333334,0.6416666666666666,0.19554266055783315,False,-0.5663214750905817,-5.943759808;-1.158617344;-0.5663214751,0;0;0,True,"continuous lambda scan over mode-equivalent range i,j=0..64"
0.16486816,113.38148810205038,4.833333333333334,0.6416666666666666,0.19554266055783315,False,-0.5680061473985851,-5.947134328;-1.161994274;-0.5680061474,0;0;0,True,"continuous lambda scan over mode-equivalent range i,j=0..64"
0.16486816,113.71893300711601,4.833333333333334,0.6416666666666666,0.19554266055783315,False,-0.5696908338257312,-5.950508849;-1.165371189;-0.5696908338,0;0;0,True,"continuous lambda scan over mode-equivalent range i,j=0..64"
0.16486816,114.05637791218163,4.833333333333334,0.6416666666666666,0.19554266055783315,False,-0.5713755342523686,-5.953883369;-1.168748091;-0.5713755343,0;0;0,True,"continuous lambda scan over mode-equivalent range i,j=0..64"
0.16486816,114.39382281724725,4.833333333333334,0.6416666666666666,0.19554266055783315,False,-0.5730602485601995,-5.95725789;-1.172124979;-0.5730602486,0;0;0,True,"continuous lambda scan over mode-equivalent range i,j=0..64"
0.16486816,114.73126772231288,4.833333333333334,0.6416666666666666,0.19554266055783315,False,-0.5747449766322605,-5.96063241;-1.175501853;-0.5747449766,0;0;0,True,"continuous lambda scan over mode-equivalent range i,j=0..64"
0.16486816,115.06871262737852,4.833333333333334,0.6416666666666666,0.19554266055783315,False,-0.5764297183529036,-5.96400693;-1.178878714;-0.5764297184,0;0;0,True,"continuous lambda scan over mode-equivalent range i,j=0..64"
0.16486816,115.40615753244414,4.833333333333334,0.6416666666666666,0.19554266055783315,False,-0.5781144736077775,-5.967381451;-1.182255561;-0.5781144736,0;0;0,True,"continuous lambda scan over mode-equivalent range i,j=0..64"
0.16486816,115.74360243750976,4.833333333333334,0.6416666666666666,0.19554266055783315,False,-0.5797992422838107,-5.970755971;-1.185632395;-0.5797992423,0;0;0,True,"continuous lambda scan over mode-equivalent range i,j=0..64"
0.16486816,116.08104734257539,4.833333333333334,0.6416666666666666,0.19554266055783315,False,-0.5814840242691921,-5.974130491;-1.189009215;-0.5814840243,0;0;0,True,"continuous lambda scan over mode-equivalent range i,j=0..64"
0.16486816,116.41849224764101,4.833333333333334,0.6416666666666666,0.19554266055783315,False,-0.5831688194533547,-5.977505011;-1.192386022;-0.5831688195,0;0;0,True,"continuous lambda scan over mode-equivalent range i,j=0..64"
0.16486816,116.75593715270664,4.833333333333334,0.6416666666666666,0.19554266055783315,False,-0.5848536277269569,-5.980879531;-1.195762817;-0.5848536277,0;0;0,True,"continuous lambda scan over mode-equivalent range i,j=0..64"
0.16486816,117.09338205777227,4.833333333333334,0.6416666666666666,0.19554266055783315,False,-0.5865384489818669,-5.984254051;-1.199139598;-0.586538449,0;0;0,True,"continuous lambda scan over mode-equivalent range i,j=0..64"
0.16486816,117.4308269628379,4.833333333333334,0.6416666666666666,0.19554266055783315,False,-0.5882232831111454,-5.987628571;-1.202516367;-0.5882232831,0;0;0,True,"continuous lambda scan over mode-equivalent range i,j=0..64"
0.16486816,117.76827186790352,4.833333333333334,0.6416666666666666,0.19554266055783315,False,-0.5899081300090295,-5.991003091;-1.205893122;-0.58990813,0;0;0,True,"continuous lambda scan over mode-equivalent range i,j=0..64"
0.16486816,118.10571677296915,4.833333333333334,0.6416666666666666,0.19554266055783315,False,-0.5915929895709159,-5.994377611;-1.209269865;-0.5915929896,0;0;0,True,"continuous lambda scan over mode-equivalent range i,j=0..64"
0.16486816,118.44316167803477,4.833333333333334,0.6416666666666666,0.19554266055783315,False,-0.5932778616933454,-5.997752131;-1.212646596;-0.5932778617,0;0;0,True,"continuous lambda scan over mode-equivalent range i,j=0..64"
0.16486816,118.7806065831004,4.833333333333334,0.6416666666666666,0.19554266055783315,False,-0.5949627462739875,-6.001126651;-1.216023314;-0.5949627463,0;0;0,True,"continuous lambda scan over mode-equivalent range i,j=0..64"
0.16486816,119.11805148816603,4.833333333333334,0.6416666666666666,0.19554266055783315,False,-0.5966476432116246,-6.004501171;-1.21940002;-0.5966476432,0;0;0,True,"continuous lambda scan over mode-equivalent range i,j=0..64"
0.16486816,119.45549639323166,4.833333333333334,0.6416666666666666,0.19554266055783315,False,-0.5983325524061375,-6.00787569;-1.222776714;-0.5983325524,0;0;0,True,"continuous lambda scan over mode-equivalent range i,j=0..64"
0.16486816,119.79294129829728,4.833333333333334,0.6416666666666666,0.19554266055783315,False,-0.6000174737584895,-6.01125021;-1.226153395;-0.6000174738,0;0;0,True,"continuous lambda scan over mode-equivalent range i,j=0..64"
0.16486816,120.1303862033629,4.833333333333334,0.6416666666666666,0.19554266055783315,False,-0.6017024071707128,-6.01462473;-1.229530065;-0.6017024072,0;0;0,True,"continuous lambda scan over mode-equivalent range i,j=0..64"
0.16486816,120.46783110842853,4.833333333333334,0.6416666666666666,0.19554266055783315,False,-0.6033873525458937,-6.017999249;-1.232906723;-0.6033873525,0;0;0,True,"continuous lambda scan over mode-equivalent range i,j=0..64"
0.16486816,120.80527601349415,4.833333333333334,0.6416666666666666,0.19554266055783315,False,-0.6050723097881582,-6.021373769;-1.236283368;-0.6050723098,0;0;0,True,"continuous lambda scan over mode-equivalent range i,j=0..64"
0.16486816,121.14272091855977,4.833333333333334,0.6416666666666666,0.19554266055783315,False,-0.6067572788026583,-6.024748289;-1.239660003;-0.6067572788,0;0;0,True,"continuous lambda scan over mode-equivalent range i,j=0..64"
0.16486816,121.48016582362541,4.833333333333334,0.6416666666666666,0.19554266055783315,False,-0.6084422594955589,-6.028122808;-1.243036625;-0.6084422595,0;0;0,True,"continuous lambda scan over mode-equivalent range i,j=0..64"
0.16486816,121.81761072869104,4.833333333333334,0.6416666666666666,0.19554266055783315,False,-0.6101272517740227,-6.031497327;-1.246413236;-0.6101272518,0;0;0,True,"continuous lambda scan over mode-equivalent range i,j=0..64"
0.16486816,122.15505563375666,4.833333333333334,0.6416666666666666,0.19554266055783315,False,-0.6118122555461988,-6.034871847;-1.249789835;-0.6118122555,0;0;0,True,"continuous lambda scan over mode-equivalent range i,j=0..64"
0.16486816,122.49250053882228,4.833333333333334,0.6416666666666666,0.19554266055783315,False,-0.613497270721208,-6.038246366;-1.253166424;-0.6134972707,0;0;0,True,"continuous lambda scan over mode-equivalent range i,j=0..64"
0.16486816,122.82994544388791,4.833333333333334,0.6416666666666666,0.19554266055783315,False,-0.6151822972091311,-6.041620885;-1.256543;-0.6151822972,0;0;0,True,"continuous lambda scan over mode-equivalent range i,j=0..64"
0.16486816,123.16739034895353,4.833333333333334,0.6416666666666666,0.19554266055783315,False,-0.6168673349209964,-6.044995405;-1.259919566;-0.6168673349,0;0;0,True,"continuous lambda scan over mode-equivalent range i,j=0..64"
0.16486816,123.50483525401917,4.833333333333334,0.6416666666666666,0.19554266055783315,False,-0.6185523837687658,-6.048369924;-1.263296121;-0.6185523838,0;0;0,True,"continuous lambda scan over mode-equivalent range i,j=0..64"
0.16486816,123.8422801590848,4.833333333333334,0.6416666666666666,0.19554266055783315,False,-0.6202374436653235,-6.051744443;-1.266672664;-0.6202374437,0;0;0,True,"continuous lambda scan over mode-equivalent range i,j=0..64"
0.16486816,124.17972506415042,4.833333333333334,0.6416666666666666,0.19554266055783315,False,-0.6219225145244643,-6.055118962;-1.270049197;-0.6219225145,0;0;0,True,"continuous lambda scan over mode-equivalent range i,j=0..64"
0.16486816,124.51716996921604,4.833333333333334,0.6416666666666666,0.19554266055783315,False,-0.6236075962608814,-6.058493481;-1.273425719;-0.6236075963,0;0;0,True,"continuous lambda scan over mode-equivalent range i,j=0..64"
0.16486816,124.85461487428167,4.833333333333334,0.6416666666666666,0.19554266055783315,False,-0.625292688790154,-6.061868;-1.27680223;-0.6252926888,0;0;0,True,"continuous lambda scan over mode-equivalent range i,j=0..64"
0.16486816,125.19205977934729,4.833333333333334,0.6416666666666666,0.19554266055783315,False,-0.6269777920287369,-6.065242519;-1.28017873;-0.626977792,0;0;0,True,"continuous lambda scan over mode-equivalent range i,j=0..64"
0.16486816,125.52950468441293,4.833333333333334,0.6416666666666666,0.19554266055783315,False,-0.6286629058939487,-6.068617038;-1.28355522;-0.6286629059,0;0;0,True,"continuous lambda scan over mode-equivalent range i,j=0..64"
0.16486816,125.86694958947855,4.833333333333334,0.6416666666666666,0.19554266055783315,False,-0.6303480303039605,-6.071991557;-1.286931699;-0.6303480303,0;0;0,True,"continuous lambda scan over mode-equivalent range i,j=0..64"
0.16486816,126.20439449454418,4.833333333333334,0.6416666666666666,0.19554266055783315,False,-0.6320331651777844,-6.075366076;-1.290308168;-0.6320331652,0;0;0,True,"continuous lambda scan over mode-equivalent range i,j=0..64"
0.16486816,126.5418393996098,4.833333333333334,0.6416666666666666,0.19554266055783315,False,-0.633718310435265,-6.078740595;-1.293684627;-0.6337183104,0;0;0,True,"continuous lambda scan over mode-equivalent range i,j=0..64"
0.16486816,126.87928430467542,4.833333333333334,0.6416666666666666,0.19554266055783315,False,-0.6354034659970652,-6.082115114;-1.297061075;-0.635403466,0;0;0,True,"continuous lambda scan over mode-equivalent range i,j=0..64"
0.16486816,127.21672920974105,4.833333333333334,0.6416666666666666,0.19554266055783315,False,-0.6370886317846587,-6.085489632;-1.300437513;-0.6370886318,0;0;0,True,"continuous lambda scan over mode-equivalent range i,j=0..64"
0.16486816,127.55417411480668,4.833333333333334,0.6416666666666666,0.19554266055783315,False,-0.6387738077203187,-6.088864151;-1.303813941;-0.6387738077,0;0;0,True,"continuous lambda scan over mode-equivalent range i,j=0..64"
0.16486816,127.89161901987231,4.833333333333334,0.6416666666666666,0.19554266055783315,False,-0.6404589937271066,-6.09223867;-1.307190359;-0.6404589937,0;0;0,True,"continuous lambda scan over mode-equivalent range i,j=0..64"
0.16486816,128.22906392493792,4.833333333333334,0.6416666666666666,0.19554266055783315,False,-0.6421441897288638,-6.095613188;-1.310566767;-0.6421441897,0;0;0,True,"continuous lambda scan over mode-equivalent range i,j=0..64"
0.16486816,128.56650883000356,4.833333333333334,0.6416666666666666,0.19554266055783315,False,-0.6438293956502019,-6.098987707;-1.313943165;-0.6438293957,0;0;0,True,"continuous lambda scan over mode-equivalent range i,j=0..64"
0.16486816,128.9039537350692,4.833333333333334,0.6416666666666666,0.19554266055783315,False,-0.6455146114164905,-6.102362225;-1.317319553;-0.6455146114,0;0;0,True,"continuous lambda scan over mode-equivalent range i,j=0..64"
0.16486816,129.2413986401348,4.833333333333334,0.6416666666666666,0.19554266055783315,False,-0.64719983695385,-6.105736744;-1.320695932;-0.647199837,0;0;0,True,"continuous lambda scan over mode-equivalent range i,j=0..64"
0.16486816,129.57884354520044,4.833333333333334,0.6416666666666666,0.19554266055783315,False,-0.6488850721891418,-6.109111262;-1.324072301;-0.6488850722,0;0;0,True,"continuous lambda scan over mode-equivalent range i,j=0..64"
0.16486816,129.91628845026605,4.833333333333334,0.6416666666666666,0.19554266055783315,False,-0.6505703170499583,-6.112485781;-1.32744866;-0.650570317,0;0;0,True,"continuous lambda scan over mode-equivalent range i,j=0..64"
0.16486816,130.2537333553317,4.833333333333334,0.6416666666666666,0.19554266055783315,False,-0.6522555714646143,-6.115860299;-1.33082501;-0.6522555715,0;0;0,True,"continuous lambda scan over mode-equivalent range i,j=0..64"
0.16486816,130.5911782603973,4.833333333333334,0.6416666666666666,0.19554266055783315,False,-0.6539408353621381,-6.119234817;-1.334201351;-0.6539408354,0;0;0,True,"continuous lambda scan over mode-equivalent range i,j=0..64"
0.16486816,130.92862316546294,4.833333333333334,0.6416666666666666,0.19554266055783315,False,-0.6556261086722623,-6.122609336;-1.337577682;-0.6556261087,0;0;0,True,"continuous lambda scan over mode-equivalent range i,j=0..64"
0.16486816,131.26606807052858,4.833333333333334,0.6416666666666666,0.19554266055783315,False,-0.6573113913254148,-6.125983854;-1.340954003;-0.6573113913,0;0;0,True,"continuous lambda scan over mode-equivalent range i,j=0..64"
0.16486816,131.60351297559419,4.833333333333334,0.6416666666666666,0.19554266055783315,False,-0.658996683252711,-6.129358372;-1.344330316;-0.6589966833,0;0;0,True,"continuous lambda scan over mode-equivalent range i,j=0..64"
0.16486816,131.94095788065982,4.833333333333334,0.6416666666666666,0.19554266055783315,False,-0.6606819843859449,-6.13273289;-1.347706619;-0.6606819844,0;0;0,True,"continuous lambda scan over mode-equivalent range i,j=0..64"
0.16486816,132.27840278572543,4.833333333333334,0.6416666666666666,0.19554266055783315,False,-0.6623672946575809,-6.136107408;-1.351082914;-0.6623672947,0;0;0,True,"continuous lambda scan over mode-equivalent range i,j=0..64"
0.16486816,132.61584769079107,4.833333333333334,0.6416666666666666,0.19554266055783315,False,-0.6640526140007449,-6.139481926;-1.354459199;-0.664052614,0;0;0,True,"continuous lambda scan over mode-equivalent range i,j=0..64"
0.16486816,132.9532925958567,4.833333333333334,0.6416666666666666,0.19554266055783315,False,-0.6657379423492175,-6.142856444;-1.357835475;-0.6657379423,0;0;0,True,"continuous lambda scan over mode-equivalent range i,j=0..64"
0.16486816,133.29073750092232,4.833333333333334,0.6416666666666666,0.19554266055783315,False,-0.6674232796374243,-6.146230962;-1.361211742;-0.6674232796,0;0;0,True,"continuous lambda scan over mode-equivalent range i,j=0..64"
0.16486816,133.62818240598796,4.833333333333334,0.6416666666666666,0.19554266055783315,False,-0.6691086258004297,-6.14960548;-1.364588001;-0.6691086258,0;0;0,True,"continuous lambda scan over mode-equivalent range i,j=0..64"
0.16486816,133.96562731105357,4.833333333333334,0.6416666666666666,0.19554266055783315,False,-0.6707939807739282,-6.152979998;-1.367964251;-0.6707939808,0;0;0,True,"continuous lambda scan over mode-equivalent range i,j=0..64"
0.16486816,134.3030722161192,4.833333333333334,0.6416666666666666,0.19554266055783315,False,-0.6724793444942372,-6.156354516;-1.371340492;-0.6724793445,0;0;0,True,"continuous lambda scan over mode-equivalent range i,j=0..64"
0.16486816,134.6405171211848,4.833333333333334,0.6416666666666666,0.19554266055783315,False,-0.6741647168982888,-6.159729034;-1.374716724;-0.6741647169,0;0;0,True,"continuous lambda scan over mode-equivalent range i,j=0..64"
0.16486816,134.97796202625045,4.833333333333334,0.6416666666666666,0.19554266055783315,False,-0.6758500979236233,-6.163103552;-1.378092948;-0.6758500979,0;0;0,True,"continuous lambda scan over mode-equivalent range i,j=0..64"
0.16486816,135.3154069313161,4.833333333333334,0.6416666666666666,0.19554266055783315,False,-0.6775354875083812,-6.166478069;-1.381469163;-0.6775354875,0;0;0,True,"continuous lambda scan over mode-equivalent range i,j=0..64"
0.16486816,135.6528518363817,4.833333333333334,0.6416666666666666,0.19554266055783315,False,-0.679220885591296,-6.169852587;-1.38484537;-0.6792208856,0;0;0,True,"continuous lambda scan over mode-equivalent range i,j=0..64"
0.16486816,135.99029674144734,4.833333333333334,0.6416666666666666,0.19554266055783315,False,-0.6809062921116877,-6.173227105;-1.388221569;-0.6809062921,0;0;0,True,"continuous lambda scan over mode-equivalent range i,j=0..64"
0.16486816,136.32774164651295,4.833333333333334,0.6416666666666666,0.19554266055783315,False,-0.6825917070094554,-6.176601622;-1.391597759;-0.682591707,0;0;0,True,"continuous lambda scan over mode-equivalent range i,j=0..64"
0.16486816,136.66518655157859,4.833333333333334,0.6416666666666666,0.19554266055783315,False,-0.6842771302250701,-6.17997614;-1.394973941;-0.6842771302,0;0;0,True,"continuous lambda scan over mode-equivalent range i,j=0..64"
0.16486816,137.00263145664422,4.833333333333334,0.6416666666666666,0.19554266055783315,False,-0.685962561699568,-6.183350657;-1.398350114;-0.6859625617,0;0;0,True,"continuous lambda scan over mode-equivalent range i,j=0..64"
0.16486816,137.34007636170983,4.833333333333334,0.6416666666666666,0.19554266055783315,False,-0.6876480013745448,-6.186725175;-1.40172628;-0.6876480014,0;0;0,True,"continuous lambda scan over mode-equivalent range i,j=0..64"
0.16486816,137.67752126677547,4.833333333333334,0.6416666666666666,0.19554266055783315,False,-0.6893334491921476,-6.190099692;-1.405102437;-0.6893334492,0;0;0,True,"continuous lambda scan over mode-equivalent range i,j=0..64"
0.16486816,138.01496617184108,4.833333333333334,0.6416666666666666,0.19554266055783315,False,-0.6910189050950696,-6.193474209;-1.408478587;-0.6910189051,0;0;0,True,"continuous lambda scan over mode-equivalent range i,j=0..64"
0.16486816,138.35241107690672,4.833333333333334,0.6416666666666666,0.19554266055783315,False,-0.6927043690265422,-6.196848727;-1.411854728;-0.692704369,0;0;0,True,"continuous lambda scan over mode-equivalent range i,j=0..64"
0.16486816,138.68985598197233,4.833333333333334,0.6416666666666666,0.19554266055783315,False,-0.6943898409303303,-6.200223244;-1.415230861;-0.6943898409,0;0;0,True,"continuous lambda scan over mode-equivalent range i,j=0..64"
0.16486816,139.02730088703797,4.833333333333334,0.6416666666666666,0.19554266055783315,False,-0.6960753207507259,-6.203597761;-1.418606987;-0.6960753208,0;0;0,True,"continuous lambda scan over mode-equivalent range i,j=0..64"
0.16486816,139.3647457921036,4.833333333333334,0.6416666666666666,0.19554266055783315,False,-0.6977608084325406,-6.206972279;-1.421983105;-0.6977608084,0;0;0,True,"continuous lambda scan over mode-equivalent range i,j=0..64"
0.16486816,139.70219069716921,4.833333333333334,0.6416666666666666,0.19554266055783315,False,-0.6994463039210997,-6.210346796;-1.425359215;-0.6994463039,0;0;0,True,"continuous lambda scan over mode-equivalent range i,j=0..64"
0.16486816,140.03963560223485,4.833333333333334,0.6416666666666666,0.19554266055783315,False,-0.7011318071622387,-6.213721313;-1.428735317;-0.7011318072,0;0;0,True,"continuous lambda scan over mode-equivalent range i,j=0..64"
0.16486816,140.37708050730046,4.833333333333334,0.6416666666666666,0.19554266055783315,False,-0.7028173181022934,-6.21709583;-1.432111412;-0.7028173181,0;0;0,True,"continuous lambda scan over mode-equivalent range i,j=0..64"
0.16486816,140.7145254123661,4.833333333333334,0.6416666666666666,0.19554266055783315,False,-0.7045028366880983,-6.220470347;-1.435487499;-0.7045028367,0;0;0,True,"continuous lambda scan over mode-equivalent range i,j=0..64"
0.16486816,141.0519703174317,4.833333333333334,0.6416666666666666,0.19554266055783315,False,-0.7061883628669771,-6.223844864;-1.438863578;-0.7061883629,0;0;0,True,"continuous lambda scan over mode-equivalent range i,j=0..64"
0.16486816,141.38941522249735,4.833333333333334,0.6416666666666666,0.19554266055783315,False,-0.7078738965867397,-6.227219381;-1.44223965;-0.7078738966,0;0;0,True,"continuous lambda scan over mode-equivalent range i,j=0..64"
0.16486816,141.726860127563,4.833333333333334,0.6416666666666666,0.19554266055783315,False,-0.7095594377956753,-6.230593898;-1.445615714;-0.7095594378,0;0;0,True,"continuous lambda scan over mode-equivalent range i,j=0..64"
0.16486816,142.0643050326286,4.833333333333334,0.6416666666666666,0.19554266055783315,False,-0.7112449864425469,-6.233968415;-1.448991772;-0.7112449864,0;0;0,True,"continuous lambda scan over mode-equivalent range i,j=0..64"
0.16486816,142.40174993769423,4.833333333333334,0.6416666666666666,0.19554266055783315,False,-0.7129305424765868,-6.237342932;-1.452367821;-0.7129305425,0;0;0,True,"continuous lambda scan over mode-equivalent range i,j=0..64"
0.16486816,142.73919484275984,4.833333333333334,0.6416666666666666,0.19554266055783315,False,-0.7146161058474909,-6.240717448;-1.455743864;-0.7146161058,0;0;0,True,"continuous lambda scan over mode-equivalent range i,j=0..64"
0.16486816,143.07663974782548,4.833333333333334,0.6416666666666666,0.19554266055783315,False,-0.7163016765054115,-6.244091965;-1.459119899;-0.7163016765,0;0;0,True,"continuous lambda scan over mode-equivalent range i,j=0..64"
0.16486816,143.41408465289112,4.833333333333334,0.6416666666666666,0.19554266055783315,False,-0.7179872544009562,-6.247466482;-1.462495927;-0.7179872544,0;0;0,True,"continuous lambda scan over mode-equivalent range i,j=0..64"
0.16486816,143.75152955795673,4.833333333333334,0.6416666666666666,0.19554266055783315,False,-0.7196728394851777,-6.250840998;-1.465871948;-0.7196728395,0;0;0,True,"continuous lambda scan over mode-equivalent range i,j=0..64"
0.16486816,144.08897446302237,4.833333333333334,0.6416666666666666,0.19554266055783315,False,-0.7213584317095735,-6.254215515;-1.469247962;-0.7213584317,0;0;0,True,"continuous lambda scan over mode-equivalent range i,j=0..64"
0.16486816,144.42641936808798,4.833333333333334,0.6416666666666666,0.19554266055783315,False,-0.7230440310260776,-6.257590032;-1.472623968;-0.723044031,0;0;0,True,"continuous lambda scan over mode-equivalent range i,j=0..64"
0.16486816,144.76386427315362,4.833333333333334,0.6416666666666666,0.19554266055783315,False,-0.7247296373870572,-6.260964548;-1.475999968;-0.7247296374,0;0;0,True,"continuous lambda scan over mode-equivalent range i,j=0..64"
0.16486816,145.10130917821922,4.833333333333334,0.6416666666666666,0.19554266055783315,False,-0.726415250745307,-6.264339065;-1.479375961;-0.7264152507,0;0;0,True,"continuous lambda scan over mode-equivalent range i,j=0..64"
0.16486816,145.43875408328486,4.833333333333334,0.6416666666666666,0.19554266055783315,False,-0.728100871054045,-6.267713581;-1.482751947;-0.7281008711,0;0;0,True,"continuous lambda scan over mode-equivalent range i,j=0..64"
0.16486816,145.7761989883505,4.833333333333334,0.6416666666666666,0.19554266055783315,False,-0.7297864982669074,-6.271088098;-1.486127926;-0.7297864983,0;0;0,True,"continuous lambda scan over mode-equivalent range i,j=0..64"
0.16486816,146.1136438934161,4.833333333333334,0.6416666666666666,0.19554266055783315,False,-0.7314721323379442,-6.274462614;-1.489503898;-0.7314721323,0;0;0,True,"continuous lambda scan over mode-equivalent range i,j=0..64"
0.16486816,146.45108879848175,4.833333333333334,0.6416666666666666,0.19554266055783315,False,-0.7331577732216138,-6.27783713;-1.492879863;-0.7331577732,0;0;0,True,"continuous lambda scan over mode-equivalent range i,j=0..64"
0.16486816,146.78853370354736,4.833333333333334,0.6416666666666666,0.19554266055783315,False,-0.73484342087278,-6.281211647;-1.496255822;-0.7348434209,0;0;0,True,"continuous lambda scan over mode-equivalent range i,j=0..64"
0.16486816,147.125978608613,4.833333333333334,0.6416666666666666,0.19554266055783315,False,-0.7365290752467061,-6.284586163;-1.499631774;-0.7365290752,0;0;0,True,"continuous lambda scan over mode-equivalent range i,j=0..64"
0.16486816,147.4634235136786,4.833333333333334,0.6416666666666666,0.19554266055783315,False,-0.7382147362990505,-6.287960679;-1.503007719;-0.7382147363,0;0;0,True,"continuous lambda scan over mode-equivalent range i,j=0..64"
0.16486816,147.80086841874424,4.833333333333334,0.6416666666666666,0.19554266055783315,False,-0.7399004039858644,-6.291335195;-1.506383658;-0.739900404,0;0;0,True,"continuous lambda scan over mode-equivalent range i,j=0..64"
0.16486816,148.13831332380988,4.833333333333334,0.6416666666666666,0.19554266055783315,False,-0.7415860782635839,-6.294709711;-1.50975959;-0.7415860783,0;0;0,True,"continuous lambda scan over mode-equivalent range i,j=0..64"
0.16486816,148.4757582288755,4.833333333333334,0.6416666666666666,0.19554266055783315,False,-0.7432717590890288,-6.298084228;-1.513135516;-0.7432717591,0;0;0,True,"continuous lambda scan over mode-equivalent range i,j=0..64"
0.16486816,148.81320313394113,4.833333333333334,0.6416666666666666,0.19554266055783315,False,-0.7449574464193973,-6.301458744;-1.516511435;-0.7449574464,0;0;0,True,"continuous lambda scan over mode-equivalent range i,j=0..64"
0.16486816,149.15064803900674,4.833333333333334,0.6416666666666666,0.19554266055783315,False,-0.7466431402122621,-6.30483326;-1.519887348;-0.7466431402,0;0;0,True,"continuous lambda scan over mode-equivalent range i,j=0..64"
0.16486816,149.48809294407238,4.833333333333334,0.6416666666666666,0.19554266055783315,False,-0.7483288404255649,-6.308207776;-1.523263255;-0.7483288404,0;0;0,True,"continuous lambda scan over mode-equivalent range i,j=0..64"
0.16486816,149.82553784913802,4.833333333333334,0.6416666666666666,0.19554266055783315,False,-0.7500145470176154,-6.311582291;-1.526639155;-0.750014547,0;0;0,True,"continuous lambda scan over mode-equivalent range i,j=0..64"
0.16486816,150.16298275420363,4.833333333333334,0.6416666666666666,0.19554266055783315,False,-0.7517002599470839,-6.314956807;-1.530015048;-0.7517002599,0;0;0,True,"continuous lambda scan over mode-equivalent range i,j=0..64"
0.16486816,150.50042765926926,4.833333333333334,0.6416666666666666,0.19554266055783315,False,-0.7533859791729998,-6.318331323;-1.533390936;-0.7533859792,0;0;0,True,"continuous lambda scan over mode-equivalent range i,j=0..64"
0.16486816,150.83787256433487,4.833333333333334,0.6416666666666666,0.19554266055783315,False,-0.7550717046547462,-6.321705839;-1.536766817;-0.7550717047,0;0;0,True,"continuous lambda scan over mode-equivalent range i,j=0..64"
0.16486816,151.1753174694005,4.833333333333334,0.6416666666666666,0.19554266055783315,False,-0.7567574363520577,-6.325080355;-1.540142692;-0.7567574364,0;0;0,True,"continuous lambda scan over mode-equivalent range i,j=0..64"
0.16486816,151.51276237446612,4.833333333333334,0.6416666666666666,0.19554266055783315,False,-0.7584431742250151,-6.328454871;-1.543518562;-0.7584431742,0;0;0,True,"continuous lambda scan over mode-equivalent range i,j=0..64"
0.16486816,151.85020727953176,4.833333333333334,0.6416666666666666,0.19554266055783315,False,-0.7601289182340426,-6.331829386;-1.546894424;-0.7601289182,0;0;0,True,"continuous lambda scan over mode-equivalent range i,j=0..64"
0.16486816,152.1876521845974,4.833333333333334,0.6416666666666666,0.19554266055783315,False,-0.7618146683399027,-6.335203902;-1.550270281;-0.7618146683,0;0;0,True,"continuous lambda scan over mode-equivalent range i,j=0..64"
0.16486816,152.525097089663,4.833333333333334,0.6416666666666666,0.19554266055783315,False,-0.763500424503695,-6.338578417;-1.553646132;-0.7635004245,0;0;0,True,"continuous lambda scan over mode-equivalent range i,j=0..64"
0.16486816,152.86254199472864,4.833333333333334,0.6416666666666666,0.19554266055783315,False,-0.76518618668685,-6.341952933;-1.557021977;-0.7651861867,0;0;0,True,"continuous lambda scan over mode-equivalent range i,j=0..64"
0.16486816,153.19998689979425,4.833333333333334,0.6416666666666666,0.19554266055783315,False,-0.766871954851128,-6.345327449;-1.560397816;-0.7668719549,0;0;0,True,"continuous lambda scan over mode-equivalent range i,j=0..64"
0.16486816,153.5374318048599,4.833333333333334,0.6416666666666666,0.19554266055783315,False,-0.7685577289586136,-6.348701964;-1.563773649;-0.768557729,0;0;0,True,"continuous lambda scan over mode-equivalent range i,j=0..64"
0.16486816,153.87487670992553,4.833333333333334,0.6416666666666666,0.19554266055783315,False,-0.7702435089717131,-6.35207648;-1.567149476;-0.770243509,0;0;0,True,"continuous lambda scan over mode-equivalent range i,j=0..64"
0.16486816,154.21232161499114,4.833333333333334,0.6416666666666666,0.19554266055783315,False,-0.7719292948531513,-6.355450995;-1.570525297;-0.7719292949,0;0;0,True,"continuous lambda scan over mode-equivalent range i,j=0..64"
0.16486816,154.54976652005678,4.833333333333334,0.6416666666666666,0.19554266055783315,False,-0.7736150865659674,-6.35882551;-1.573901113;-0.7736150866,0;0;0,True,"continuous lambda scan over mode-equivalent range i,j=0..64"
0.16486816,154.8872114251224,4.833333333333334,0.6416666666666666,0.19554266055783315,False,-0.7753008840735127,-6.362200026;-1.577276923;-0.7753008841,0;0;0,True,"continuous lambda scan over mode-equivalent range i,j=0..64"
0.16486816,155.22465633018803,4.833333333333334,0.6416666666666666,0.19554266055783315,False,-0.7769866873394465,-6.365574541;-1.580652727;-0.7769866873,0;0;0,True,"continuous lambda scan over mode-equivalent range i,j=0..64"
0.16486816,155.56210123525364,4.833333333333334,0.6416666666666666,0.19554266055783315,False,-0.7786724963277333,-6.368949056;-1.584028525;-0.7786724963,0;0;0,True,"continuous lambda scan over mode-equivalent range i,j=0..64"
0.16486816,155.89954614031927,4.833333333333334,0.6416666666666666,0.19554266055783315,False,-0.7803583110026391,-6.372323571;-1.587404318;-0.780358311,0;0;0,True,"continuous lambda scan over mode-equivalent range i,j=0..64"
0.16486816,156.2369910453849,4.833333333333334,0.6416666666666666,0.19554266055783315,False,-0.7820441313287286,-6.375698087;-1.590780105;-0.7820441313,0;0;0,True,"continuous lambda scan over mode-equivalent range i,j=0..64"
0.16486816,156.57443595045052,4.833333333333334,0.6416666666666666,0.19554266055783315,False,-0.7837299572708624,-6.379072602;-1.594155887;-0.7837299573,0;0;0,True,"continuous lambda scan over mode-equivalent range i,j=0..64"
0.16486816,156.91188085551616,4.833333333333334,0.6416666666666666,0.19554266055783315,False,-0.7854157887941932,-6.382447117;-1.597531663;-0.7854157888,0;0;0,True,"continuous lambda scan over mode-equivalent range i,j=0..64"
0.16486816,157.24932576058177,4.833333333333334,0.6416666666666666,0.19554266055783315,False,-0.7871016258641633,-6.385821632;-1.600907433;-0.7871016259,0;0;0,True,"continuous lambda scan over mode-equivalent range i,j=0..64"
0.16486816,157.5867706656474,4.833333333333334,0.6416666666666666,0.19554266055783315,False,-0.7887874684465017,-6.389196147;-1.604283198;-0.7887874684,0;0;0,True,"continuous lambda scan over mode-equivalent range i,j=0..64"
0.16486816,157.92421557071302,4.833333333333334,0.6416666666666666,0.19554266055783315,False,-0.79047331650722,-6.392570662;-1.607658958;-0.7904733165,0;0;0,True,"continuous lambda scan over mode-equivalent range i,j=0..64"
0.16486816,158.26166047577865,4.833333333333334,0.6416666666666666,0.19554266055783315,False,-0.7921591700126114,-6.395945177;-1.611034712;-0.79215917,0;0;0,True,"continuous lambda scan over mode-equivalent range i,j=0..64"
0.16486816,158.5991053808443,4.833333333333334,0.6416666666666666,0.19554266055783315,False,-0.793845028929246,-6.399319692;-1.614410461;-0.7938450289,0;0;0,True,"continuous lambda scan over mode-equivalent range i,j=0..64"
0.16486816,158.9365502859099,4.833333333333334,0.6416666666666666,0.19554266055783315,False,-0.7955308932239687,-6.402694206;-1.617786204;-0.7955308932,0;0;0,True,"continuous lambda scan over mode-equivalent range i,j=0..64"
0.16486816,159.27399519097554,4.833333333333334,0.6416666666666666,0.19554266055783315,False,-0.7972167628638972,-6.406068721;-1.621161943;-0.7972167629,0;0;0,True,"continuous lambda scan over mode-equivalent range i,j=0..64"
0.16486816,159.61144009604115,4.833333333333334,0.6416666666666666,0.19554266055783315,False,-0.7989026378164168,-6.409443236;-1.624537675;-0.7989026378,0;0;0,True,"continuous lambda scan over mode-equivalent range i,j=0..64"
0.16486816,159.9488850011068,4.833333333333334,0.6416666666666666,0.19554266055783315,False,-0.800588518049181,-6.412817751;-1.627913403;-0.800588518,0;0;0,True,"continuous lambda scan over mode-equivalent range i,j=0..64"
0.16486816,160.28632990617243,4.833333333333334,0.6416666666666666,0.19554266055783315,False,-0.8022744035301055,-6.416192265;-1.631289126;-0.8022744035,0;0;0,True,"continuous lambda scan over mode-equivalent range i,j=0..64"
0.16486816,160.62377481123804,4.833333333333334,0.6416666666666666,0.19554266055783315,False,-0.8039602942273683,-6.41956678;-1.634664843;-0.8039602942,0;0;0,True,"continuous lambda scan over mode-equivalent range i,j=0..64"
0.16486816,160.96121971630367,4.833333333333334,0.6416666666666666,0.19554266055783315,False,-0.8056461901094045,-6.422941295;-1.638040555;-0.8056461901,0;0;0,True,"continuous lambda scan over mode-equivalent range i,j=0..64"
0.16486816,161.29866462136928,4.833333333333334,0.6416666666666666,0.19554266055783315,False,-0.8073320911449059,-6.426315809;-1.641416262;-0.8073320911,0;0;0,True,"continuous lambda scan over mode-equivalent range i,j=0..64"
0.16486816,161.63610952643492,4.833333333333334,0.6416666666666666,0.19554266055783315,False,-0.8090179973028169,-6.429690324;-1.644791964;-0.8090179973,0;0;0,True,"continuous lambda scan over mode-equivalent range i,j=0..64"
0.16486816,161.97355443150053,4.833333333333334,0.6416666666666666,0.19554266055783315,False,-0.8107039085523329,-6.433064838;-1.648167661;-0.8107039086,0;0;0,True,"continuous lambda scan over mode-equivalent range i,j=0..64"
0.16486816,162.31099933656617,4.833333333333334,0.6416666666666666,0.19554266055783315,False,-0.8123898248628969,-6.436439353;-1.651543353;-0.8123898249,0;0;0,True,"continuous lambda scan over mode-equivalent range i,j=0..64"
0.16486816,162.6484442416318,4.833333333333334,0.6416666666666666,0.19554266055783315,False,-0.8140757462041982,-6.439813867;-1.65491904;-0.8140757462,0;0;0,True,"continuous lambda scan over mode-equivalent range i,j=0..64"
0.16486816,162.98588914669742,4.833333333333334,0.6416666666666666,0.19554266055783315,False,-0.8157616725461685,-6.443188382;-1.658294721;-0.8157616725,0;0;0,True,"continuous lambda scan over mode-equivalent range i,j=0..64"
0.16486816,163.32333405176306,4.833333333333334,0.6416666666666666,0.19554266055783315,False,-0.8174476038589802,-6.446562896;-1.661670398;-0.8174476039,0;0;0,True,"continuous lambda scan over mode-equivalent range i,j=0..64"
0.16486816,163.66077895682866,4.833333333333334,0.6416666666666666,0.19554266055783315,False,-0.8191335401130437,-6.44993741;-1.66504607;-0.8191335401,0;0;0,True,"continuous lambda scan over mode-equivalent range i,j=0..64"
0.16486816,163.9982238618943,4.833333333333334,0.6416666666666666,0.19554266055783315,False,-0.8208194812790074,-6.453311924;-1.668421738;-0.8208194813,0;0;0,True,"continuous lambda scan over mode-equivalent range i,j=0..64"
0.16486816,164.3356687669599,4.833333333333334,0.6416666666666666,0.19554266055783315,False,-0.8225054273277498,-6.456686439;-1.6717974;-0.8225054273,0;0;0,True,"continuous lambda scan over mode-equivalent range i,j=0..64"
0.16486816,164.67311367202555,4.833333333333334,0.6416666666666666,0.19554266055783315,False,-0.8241913782303836,-6.460060953;-1.675173058;-0.8241913782,0;0;0,True,"continuous lambda scan over mode-equivalent range i,j=0..64"
0.16486816,165.0105585770912,4.833333333333334,0.6416666666666666,0.19554266055783315,False,-0.8258773339582487,-6.463435467;-1.67854871;-0.825877334,0;0;0,True,"continuous lambda scan over mode-equivalent range i,j=0..64"
0.16486816,165.3480034821568,4.833333333333334,0.6416666666666666,0.19554266055783315,False,-0.827563294482912,-6.466809981;-1.681924358;-0.8275632945,0;0;0,True,"continuous lambda scan over mode-equivalent range i,j=0..64"
0.16486816,165.68544838722244,4.833333333333334,0.6416666666666666,0.19554266055783315,False,-0.8292492597761655,-6.470184495;-1.685300002;-0.8292492598,0;0;0,True,"continuous lambda scan over mode-equivalent range i,j=0..64"
0.16486816,166.02289329228805,4.833333333333334,0.6416666666666666,0.19554266055783315,False,-0.8309352298100223,-6.473559009;-1.68867564;-0.8309352298,0;0;0,True,"continuous lambda scan over mode-equivalent range i,j=0..64"
0.16486816,166.36033819735368,4.833333333333334,0.6416666666666666,0.19554266055783315,False,-0.8326212045567165,-6.476933523;-1.692051274;-0.8326212046,0;0;0,True,"continuous lambda scan over mode-equivalent range i,j=0..64"
0.16486816,166.69778310241932,4.833333333333334,0.6416666666666666,0.19554266055783315,False,-0.8343071839886995,-6.480308037;-1.695426903;-0.834307184,0;0;0,True,"continuous lambda scan over mode-equivalent range i,j=0..64"
0.16486816,167.03522800748493,4.833333333333334,0.6416666666666666,0.19554266055783315,False,-0.8359931680786387,-6.483682551;-1.698802528;-0.8359931681,0;0;0,True,"continuous lambda scan over mode-equivalent range i,j=0..64"
0.16486816,167.37267291255057,4.833333333333334,0.6416666666666666,0.19554266055783315,False,-0.8376791567994147,-6.487057065;-1.702178148;-0.8376791568,0;0;0,True,"continuous lambda scan over mode-equivalent range i,j=0..64"
0.16486816,167.71011781761618,4.833333333333334,0.6416666666666666,0.19554266055783315,False,-0.8393651501241199,-6.490431579;-1.705553763;-0.8393651501,0;0;0,True,"continuous lambda scan over mode-equivalent range i,j=0..64"
0.16486816,168.04756272268182,4.833333333333334,0.6416666666666666,0.19554266055783315,False,-0.8410511480260565,-6.493806093;-1.708929374;-0.841051148,0;0;0,True,"continuous lambda scan over mode-equivalent range i,j=0..64"
0.16486816,168.38500762774743,4.833333333333334,0.6416666666666666,0.19554266055783315,False,-0.8427371504787331,-6.497180606;-1.712304981;-0.8427371505,0;0;0,True,"continuous lambda scan over mode-equivalent range i,j=0..64"
0.16486816,168.72245253281307,4.833333333333334,0.6416666666666666,0.19554266055783315,False,-0.8444231574558652,-6.50055512;-1.715680583;-0.8444231575,0;0;0,True,"continuous lambda scan over mode-equivalent range i,j=0..64"
0.16486816,169.0598974378787,4.833333333333334,0.6416666666666666,0.19554266055783315,False,-0.8461091689313702,-6.503929634;-1.71905618;-0.8461091689,0;0;0,True,"continuous lambda scan over mode-equivalent range i,j=0..64"
0.16486816,169.3973423429443,4.833333333333334,0.6416666666666666,0.19554266055783315,False,-0.847795184879368,-6.507304147;-1.722431773;-0.8477951849,0;0;0,True,"continuous lambda scan over mode-equivalent range i,j=0..64"
0.16486816,169.73478724800995,4.833333333333334,0.6416666666666666,0.19554266055783315,False,-0.8494812052741774,-6.510678661;-1.725807362;-0.8494812053,0;0;0,True,"continuous lambda scan over mode-equivalent range i,j=0..64"
0.16486816,170.07223215307556,4.833333333333334,0.6416666666666666,0.19554266055783315,False,-0.8511672300903149,-6.514053175;-1.729182946;-0.8511672301,0;0;0,True,"continuous lambda scan over mode-equivalent range i,j=0..64"
0.16486816,170.4096770581412,4.833333333333334,0.6416666666666666,0.19554266055783315,False,-0.8528532593024933,-6.517427688;-1.732558526;-0.8528532593,0;0;0,True,"continuous lambda scan over mode-equivalent range i,j=0..64"
0.16486816,170.74712196320684,4.833333333333334,0.6416666666666666,0.19554266055783315,False,-0.8545392928856184,-6.520802202;-1.735934102;-0.8545392929,0;0;0,True,"continuous lambda scan over mode-equivalent range i,j=0..64"
0.16486816,171.08456686827245,4.833333333333334,0.6416666666666666,0.19554266055783315,False,-0.8562253308147878,-6.524176715;-1.739309673;-0.8562253308,0;0;0,True,"continuous lambda scan over mode-equivalent range i,j=0..64"
0.16486816,171.42201177333808,4.833333333333334,0.6416666666666666,0.19554266055783315,False,-0.8579113730652907,-6.527551228;-1.74268524;-0.8579113731,0;0;0,True,"continuous lambda scan over mode-equivalent range i,j=0..64"
0.16486816,171.7594566784037,4.833333333333334,0.6416666666666666,0.19554266055783315,False,-0.8595974196126025,-6.530925742;-1.746060802;-0.8595974196,0;0;0,True,"continuous lambda scan over mode-equivalent range i,j=0..64"
0.16486816,172.09690158346933,4.833333333333334,0.6416666666666666,0.19554266055783315,False,-0.8612834704323867,-6.534300255;-1.749436361;-0.8612834704,0;0;0,True,"continuous lambda scan over mode-equivalent range i,j=0..64"
0.16486816,172.43434648853494,4.833333333333334,0.6416666666666666,0.19554266055783315,False,-0.8629695255004911,-6.537674768;-1.752811915;-0.8629695255,0;0;0,True,"continuous lambda scan over mode-equivalent range i,j=0..64"
0.16486816,172.77179139360058,4.833333333333334,0.6416666666666666,0.19554266055783315,False,-0.8646555847929461,-6.541049282;-1.756187465;-0.8646555848,0;0;0,True,"continuous lambda scan over mode-equivalent range i,j=0..64"
0.16486816,173.10923629866622,4.833333333333334,0.6416666666666666,0.19554266055783315,False,-0.8663416482859637,-6.544423795;-1.759563011;-0.8663416483,0;0;0,True,"continuous lambda scan over mode-equivalent range i,j=0..64"
0.16486816,173.44668120373183,4.833333333333334,0.6416666666666666,0.19554266055783315,False,-0.8680277159559356,-6.547798308;-1.762938553;-0.868027716,0;0;0,True,"continuous lambda scan over mode-equivalent range i,j=0..64"
0.16486816,173.78412610879747,4.833333333333334,0.6416666666666666,0.19554266055783315,False,-0.8697137877794311,-6.551172821;-1.766314091;-0.8697137878,0;0;0,True,"continuous lambda scan over mode-equivalent range i,j=0..64"
0.16486816,174.12157101386308,4.833333333333334,0.6416666666666666,0.19554266055783315,False,-0.871399863733195,-6.554547334;-1.769689624;-0.8713998637,0;0;0,True,"continuous lambda scan over mode-equivalent range i,j=0..64"
0.16486816,174.4590159189287,4.833333333333334,0.6416666666666666,0.19554266055783315,False,-0.8730859437941484,-6.557921847;-1.773065154;-0.8730859438,0;0;0,True,"continuous lambda scan over mode-equivalent range i,j=0..64"
0.16486816,174.79646082399432,4.833333333333334,0.6416666666666666,0.19554266055783315,False,-0.8747720279393831,-6.56129636;-1.776440679;-0.8747720279,0;0;0,True,"continuous lambda scan over mode-equivalent range i,j=0..64"
0.16486816,175.13390572905996,4.833333333333334,0.6416666666666666,0.19554266055783315,False,-0.8764581161461641,-6.564670873;-1.779816201;-0.8764581161,0;0;0,True,"continuous lambda scan over mode-equivalent range i,j=0..64"
0.16486816,175.4713506341256,4.833333333333334,0.6416666666666666,0.19554266055783315,False,-0.8781442083919249,-6.568045386;-1.783191718;-0.8781442084,0;0;0,True,"continuous lambda scan over mode-equivalent range i,j=0..64"
0.16486816,175.8087955391912,4.833333333333334,0.6416666666666666,0.19554266055783315,False,-0.8798303046542671,-6.571419899;-1.786567231;-0.8798303047,0;0;0,True,"continuous lambda scan over mode-equivalent range i,j=0..64"
0.16486816,176.14624044425685,4.833333333333334,0.6416666666666666,0.19554266055783315,False,-0.8815164049109595,-6.574794412;-1.789942741;-0.8815164049,0;0;0,True,"continuous lambda scan over mode-equivalent range i,j=0..64"
0.16486816,176.48368534932246,4.833333333333334,0.6416666666666666,0.19554266055783315,False,-0.8832025091399351,-6.578168925;-1.793318247;-0.8832025091,0;0;0,True,"continuous lambda scan over mode-equivalent range i,j=0..64"
0.16486816,176.8211302543881,4.833333333333334,0.6416666666666666,0.19554266055783315,False,-0.884888617319291,-6.581543438;-1.796693748;-0.8848886173,0;0;0,True,"continuous lambda scan over mode-equivalent range i,j=0..64"
0.16486816,177.15857515945373,4.833333333333334,0.6416666666666666,0.19554266055783315,False,-0.8865747294272859,-6.584917951;-1.800069246;-0.8865747294,0;0;0,True,"continuous lambda scan over mode-equivalent range i,j=0..64"
0.16486816,177.49602006451934,4.833333333333334,0.6416666666666666,0.19554266055783315,False,-0.8882608454423384,-6.588292463;-1.80344474;-0.8882608454,0;0;0,True,"continuous lambda scan over mode-equivalent range i,j=0..64"
0.16486816,177.83346496958498,4.833333333333334,0.6416666666666666,0.19554266055783315,False,-0.8899469653430273,-6.591666976;-1.80682023;-0.8899469653,0;0;0,True,"continuous lambda scan over mode-equivalent range i,j=0..64"
0.16486816,178.1709098746506,4.833333333333334,0.6416666666666666,0.19554266055783315,False,-0.8916330891080875,-6.595041489;-1.810195716;-0.8916330891,0;0;0,True,"continuous lambda scan over mode-equivalent range i,j=0..64"
0.16486816,178.50835477971623,4.833333333333334,0.6416666666666666,0.19554266055783315,False,-0.8933192167164112,-6.598416001;-1.813571198;-0.8933192167,0;0;0,True,"continuous lambda scan over mode-equivalent range i,j=0..64"
0.16486816,178.84579968478184,4.833333333333334,0.6416666666666666,0.19554266055783315,False,-0.8950053481470442,-6.601790514;-1.816946677;-0.8950053481,0;0;0,True,"continuous lambda scan over mode-equivalent range i,j=0..64"
0.16486816,179.18324458984748,4.833333333333334,0.6416666666666666,0.19554266055783315,False,-0.8966914833791862,-6.605165026;-1.820322152;-0.8966914834,0;0;0,True,"continuous lambda scan over mode-equivalent range i,j=0..64"
0.16486816,179.5206894949131,4.833333333333334,0.6416666666666666,0.19554266055783315,False,-0.8983776223921881,-6.608539539;-1.823697623;-0.8983776224,0;0;0,True,"continuous lambda scan over mode-equivalent range i,j=0..64"
0.16486816,179.85813439997872,4.833333333333334,0.6416666666666666,0.19554266055783315,False,-0.9000637651655515,-6.611914051;-1.82707309;-0.9000637652,0;0;0,True,"continuous lambda scan over mode-equivalent range i,j=0..64"
0.16486816,180.19557930504436,4.833333333333334,0.6416666666666666,0.19554266055783315,False,-0.9017499116789275,-6.615288564;-1.830448554;-0.9017499117,0;0;0,True,"continuous lambda scan over mode-equivalent range i,j=0..64"
0.16486816,180.53302421010997,4.833333333333334,0.6416666666666666,0.19554266055783315,False,-0.9034360619121139,-6.618663076;-1.833824014;-0.9034360619,0;0;0,True,"continuous lambda scan over mode-equivalent range i,j=0..64"
0.16486816,180.8704691151756,4.833333333333334,0.6416666666666666,0.19554266055783315,False,-0.9051222158450556,-6.622037588;-1.837199471;-0.9051222158,0;0;0,True,"continuous lambda scan over mode-equivalent range i,j=0..64"
0.16486816,181.20791402024125,4.833333333333334,0.6416666666666666,0.19554266055783315,False,-0.906808373457842,-6.625412101;-1.840574923;-0.9068083735,0;0;0,True,"continuous lambda scan over mode-equivalent range i,j=0..64"
0.16486816,181.54535892530686,4.833333333333334,0.6416666666666666,0.19554266055783315,False,-0.9084945347307065,-6.628786613;-1.843950372;-0.9084945347,0;0;0,True,"continuous lambda scan over mode-equivalent range i,j=0..64"
0.16486816,181.8828038303725,4.833333333333334,0.6416666666666666,0.19554266055783315,False,-0.9101806996440254,-6.632161125;-1.847325818;-0.9101806996,0;0;0,True,"continuous lambda scan over mode-equivalent range i,j=0..64"
0.16486816,182.2202487354381,4.833333333333334,0.6416666666666666,0.19554266055783315,False,-0.9118668681783153,-6.635535637;-1.85070126;-0.9118668682,0;0;0,True,"continuous lambda scan over mode-equivalent range i,j=0..64"
0.16486816,182.55769364050374,4.833333333333334,0.6416666666666666,0.19554266055783315,False,-0.9135530403142329,-6.63891015;-1.854076698;-0.9135530403,0;0;0,True,"continuous lambda scan over mode-equivalent range i,j=0..64"
0.16486816,182.89513854556935,4.833333333333334,0.6416666666666666,0.19554266055783315,False,-0.9152392160325733,-6.642284662;-1.857452133;-0.915239216,0;0;0,True,"continuous lambda scan over mode-equivalent range i,j=0..64"
0.16486816,183.232583450635,4.833333333333334,0.6416666666666666,0.19554266055783315,False,-0.9169253953142701,-6.645659174;-1.860827564;-0.9169253953,0;0;0,True,"continuous lambda scan over mode-equivalent range i,j=0..64"
0.16486816,183.57002835570063,4.833333333333334,0.6416666666666666,0.19554266055783315,False,-0.9186115781403914,-6.649033686;-1.864202992;-0.9186115781,0;0;0,True,"continuous lambda scan over mode-equivalent range i,j=0..64"
0.16486816,183.90747326076624,4.833333333333334,0.6416666666666666,0.19554266055783315,False,-0.920297764492141,-6.652408198;-1.867578416;-0.9202977645,0;0;0,True,"continuous lambda scan over mode-equivalent range i,j=0..64"
0.16486816,184.24491816583188,4.833333333333334,0.6416666666666666,0.19554266055783315,False,-0.9219839543508571,-6.65578271;-1.870953837;-0.9219839544,0;0;0,True,"continuous lambda scan over mode-equivalent range i,j=0..64"
0.16486816,184.5823630708975,4.833333333333334,0.6416666666666666,0.19554266055783315,False,-0.9236701476980089,-6.659157222;-1.874329254;-0.9236701477,0;0;0,True,"continuous lambda scan over mode-equivalent range i,j=0..64"
0.16486816,184.91980797596312,4.833333333333334,0.6416666666666666,0.19554266055783315,False,-0.9253563445151988,-6.662531734;-1.877704668;-0.9253563445,0;0;0,True,"continuous lambda scan over mode-equivalent range i,j=0..64"
0.16486816,185.25725288102873,4.833333333333334,0.6416666666666666,0.19554266055783315,False,-0.9270425447841574,-6.665906246;-1.881080079;-0.9270425448,0;0;0,True,"continuous lambda scan over mode-equivalent range i,j=0..64"
0.16486816,185.59469778609437,4.833333333333334,0.6416666666666666,0.19554266055783315,False,-0.9287287484867457,-6.669280757;-1.884455486;-0.9287287485,0;0;0,True,"continuous lambda scan over mode-equivalent range i,j=0..64"
0.16486816,185.93214269116,4.833333333333334,0.6416666666666666,0.19554266055783315,False,-0.9304149556049525,-6.672655269;-1.887830889;-0.9304149556,0;0;0,True,"continuous lambda scan over mode-equivalent range i,j=0..64"
0.16486816,186.26958759622562,4.833333333333334,0.6416666666666666,0.19554266055783315,False,-0.9321011661208926,-6.676029781;-1.89120629;-0.9321011661,0;0;0,True,"continuous lambda scan over mode-equivalent range i,j=0..64"
0.16486816,186.60703250129126,4.833333333333334,0.6416666666666666,0.19554266055783315,False,-0.9337873800168075,-6.679404293;-1.894581687;-0.93378738,0;0;0,True,"continuous lambda scan over mode-equivalent range i,j=0..64"
0.16486816,186.94447740635687,4.833333333333334,0.6416666666666666,0.19554266055783315,False,-0.9354735972750623,-6.682778804;-1.89795708;-0.9354735973,0;0;0,True,"continuous lambda scan over mode-equivalent range i,j=0..64"
0.16486816,187.2819223114225,4.833333333333334,0.6416666666666666,0.19554266055783315,False,-0.937159817878146,-6.686153316;-1.901332471;-0.9371598179,0;0;0,True,"continuous lambda scan over mode-equivalent range i,j=0..64"
0.16486816,187.61936721648814,4.833333333333334,0.6416666666666666,0.19554266055783315,False,-0.93884604180867,-6.689527828;-1.904707858;-0.9388460418,0;0;0,True,"continuous lambda scan over mode-equivalent range i,j=0..64"
0.16486816,187.95681212155375,4.833333333333334,0.6416666666666666,0.19554266055783315,False,-0.9405322690493668,-6.692902339;-1.908083242;-0.940532269,0;0;0,True,"continuous lambda scan over mode-equivalent range i,j=0..64"
0.16486816,188.2942570266194,4.833333333333334,0.6416666666666666,0.19554266055783315,False,-0.9422184995830897,-6.696276851;-1.911458622;-0.9422184996,0;0;0,True,"continuous lambda scan over mode-equivalent range i,j=0..64"
0.16486816,188.631701931685,4.833333333333334,0.6416666666666666,0.19554266055783315,False,-0.9439047333928104,-6.699651362;-1.914834;-0.9439047334,0;0;0,True,"continuous lambda scan over mode-equivalent range i,j=0..64"
0.16486816,188.96914683675064,4.833333333333334,0.6416666666666666,0.19554266055783315,False,-0.9455909704616191,-6.703025874;-1.918209374;-0.9455909705,0;0;0,True,"continuous lambda scan over mode-equivalent range i,j=0..64"
0.16486816,189.30659174181625,4.833333333333334,0.6416666666666666,0.19554266055783315,False,-0.9472772107727238,-6.706400385;-1.921584745;-0.9472772108,0;0;0,True,"continuous lambda scan over mode-equivalent range i,j=0..64"
0.16486816,189.6440366468819,4.833333333333334,0.6416666666666666,0.19554266055783315,False,-0.9489634543094476,-6.709774897;-1.924960112;-0.9489634543,0;0;0,True,"continuous lambda scan over mode-equivalent range i,j=0..64"
0.16486816,189.98148155194752,4.833333333333334,0.6416666666666666,0.19554266055783315,False,-0.9506497010552291,-6.713149408;-1.928335477;-0.9506497011,0;0;0,True,"continuous lambda scan over mode-equivalent range i,j=0..64"
0.16486816,190.31892645701313,4.833333333333334,0.6416666666666666,0.19554266055783315,False,-0.9523359509936212,-6.716523919;-1.931710838;-0.952335951,0;0;0,True,"continuous lambda scan over mode-equivalent range i,j=0..64"
0.16486816,190.65637136207877,4.833333333333334,0.6416666666666666,0.19554266055783315,False,-0.9540222041082903,-6.71989843;-1.935086196;-0.9540222041,0;0;0,True,"continuous lambda scan over mode-equivalent range i,j=0..64"
0.16486816,190.99381626714438,4.833333333333334,0.6416666666666666,0.19554266055783315,False,-0.9557084603830137,-6.723272942;-1.938461552;-0.9557084604,0;0;0,True,"continuous lambda scan over mode-equivalent range i,j=0..64"
0.16486816,191.33126117221002,4.833333333333334,0.6416666666666666,0.19554266055783315,False,-0.9573947198016814,-6.726647453;-1.941836904;-0.9573947198,0;0;0,True,"continuous lambda scan over mode-equivalent range i,j=0..64"
0.16486816,191.66870607727563,4.833333333333334,0.6416666666666666,0.19554266055783315,False,-0.9590809823482926,-6.730021964;-1.945212252;-0.9590809823,0;0;0,True,"continuous lambda scan over mode-equivalent range i,j=0..64"
0.16486816,192.00615098234127,4.833333333333334,0.6416666666666666,0.19554266055783315,False,-0.9607672480069566,-6.733396475;-1.948587598;-0.960767248,0;0;0,True,"continuous lambda scan over mode-equivalent range i,j=0..64"
0.16486816,192.3435958874069,4.833333333333334,0.6416666666666666,0.19554266055783315,False,-0.9624535167618903,-6.736770986;-1.951962941;-0.9624535168,0;0;0,True,"continuous lambda scan over mode-equivalent range i,j=0..64"
0.16486816,192.68104079247252,4.833333333333334,0.6416666666666666,0.19554266055783315,False,-0.9641397885974187,-6.740145497;-1.955338281;-0.9641397886,0;0;0,True,"continuous lambda scan over mode-equivalent range i,j=0..64"
0.16486816,193.01848569753815,4.833333333333334,0.6416666666666666,0.19554266055783315,False,-0.9658260634979728,-6.743520008;-1.958713617;-0.9658260635,0;0;0,True,"continuous lambda scan over mode-equivalent range i,j=0..64"
0.16486816,193.35593060260376,4.833333333333334,0.6416666666666666,0.19554266055783315,False,-0.96751234144809,-6.746894519;-1.962088951;-0.9675123414,0;0;0,True,"continuous lambda scan over mode-equivalent range i,j=0..64"
0.16486816,193.6933755076694,4.833333333333334,0.6416666666666666,0.19554266055783315,False,-0.9691986224324117,-6.75026903;-1.965464282;-0.9691986224,0;0;0,True,"continuous lambda scan over mode-equivalent range i,j=0..64"
0.16486816,194.03082041273504,4.833333333333334,0.6416666666666666,0.19554266055783315,False,-0.9708849064356834,-6.753643541;-1.96883961;-0.9708849064,0;0;0,True,"continuous lambda scan over mode-equivalent range i,j=0..64"
0.16486816,194.36826531780065,4.833333333333334,0.6416666666666666,0.19554266055783315,False,-0.9725711934427534,-6.757018052;-1.972214934;-0.9725711934,0;0;0,True,"continuous lambda scan over mode-equivalent range i,j=0..64"
0.16486816,194.7057102228663,4.833333333333334,0.6416666666666666,0.19554266055783315,False,-0.9742574834385729,-6.760392563;-1.975590256;-0.9742574834,0;0;0,True,"continuous lambda scan over mode-equivalent range i,j=0..64"
0.16486816,195.0431551279319,4.833333333333334,0.6416666666666666,0.19554266055783315,False,-0.975943776408193,-6.763767074;-1.978965575;-0.9759437764,0;0;0,True,"continuous lambda scan over mode-equivalent range i,j=0..64"
0.16486816,195.38060003299753,4.833333333333334,0.6416666666666666,0.19554266055783315,False,-0.9776300723367667,-6.767141585;-1.982340891;-0.9776300723,0;0;0,True,"continuous lambda scan over mode-equivalent range i,j=0..64"
0.16486816,195.71804493806314,4.833333333333334,0.6416666666666666,0.19554266055783315,False,-0.9793163712095453,-6.770516095;-1.985716204;-0.9793163712,0;0;0,True,"continuous lambda scan over mode-equivalent range i,j=0..64"
0.16486816,196.05548984312878,4.833333333333334,0.6416666666666666,0.19554266055783315,False,-0.9810026730118795,-6.773890606;-1.989091514;-0.981002673,0;0;0,True,"continuous lambda scan over mode-equivalent range i,j=0..64"
0.16486816,196.39293474819442,4.833333333333334,0.6416666666666666,0.19554266055783315,False,-0.9826889777292177,-6.777265117;-1.992466821;-0.9826889777,0;0;0,True,"continuous lambda scan over mode-equivalent range i,j=0..64"
0.16486816,196.73037965326003,4.833333333333334,0.6416666666666666,0.19554266055783315,False,-0.9843752853471054,-6.780639627;-1.995842126;-0.9843752853,0;0;0,True,"continuous lambda scan over mode-equivalent range i,j=0..64"
0.16486816,197.06782455832567,4.833333333333334,0.6416666666666666,0.19554266055783315,False,-0.9860615958511844,-6.784014138;-1.999217427;-0.9860615959,0;0;0,True,"continuous lambda scan over mode-equivalent range i,j=0..64"
0.16486816,197.40526946339128,4.833333333333334,0.6416666666666666,0.19554266055783315,False,-0.9877479092271916,-6.787388648;-2.002592726;-0.9877479092,0;0;0,True,"continuous lambda scan over mode-equivalent range i,j=0..64"
0.16486816,197.74271436845692,4.833333333333334,0.6416666666666666,0.19554266055783315,False,-0.9894342254609593,-6.790763159;-2.005968022;-0.9894342255,0;0;0,True,"continuous lambda scan over mode-equivalent range i,j=0..64"
0.16486816,198.08015927352255,4.833333333333334,0.6416666666666666,0.19554266055783315,False,-0.991120544538413,-6.794137669;-2.009343315;-0.9911205445,0;0;0,True,"continuous lambda scan over mode-equivalent range i,j=0..64"
0.16486816,198.41760417858816,4.833333333333334,0.6416666666666666,0.19554266055783315,False,-0.9928068664455713,-6.79751218;-2.012718605;-0.9928068664,0;0;0,True,"continuous lambda scan over mode-equivalent range i,j=0..64"
0.16486816,198.7550490836538,4.833333333333334,0.6416666666666666,0.19554266055783315,False,-0.9944931911685463,-6.80088669;-2.016093893;-0.9944931912,0;0;0,True,"continuous lambda scan over mode-equivalent range i,j=0..64"
0.16486816,199.0924939887194,4.833333333333334,0.6416666666666666,0.19554266055783315,False,-0.9961795186935398,-6.804261201;-2.019469177;-0.9961795187,0;0;0,True,"continuous lambda scan over mode-equivalent range i,j=0..64"
0.16486816,199.42993889378505,4.833333333333334,0.6416666666666666,0.19554266055783315,False,-0.9978658490068456,-6.807635711;-2.022844459;-0.997865849,0;0;0,True,"continuous lambda scan over mode-equivalent range i,j=0..64"
0.16486816,199.76738379885066,4.833333333333334,0.6416666666666666,0.19554266055783315,False,-0.999552182094848,-6.811010221;-2.026219738;-0.9995521821,0;0;0,True,"continuous lambda scan over mode-equivalent range i,j=0..64"
0.16486816,200.1048287039163,4.833333333333334,0.6416666666666666,0.19554266055783315,False,-1.0012385179440193,-6.814384732;-2.029595015;-1.001238518,0;0;0,True,"continuous lambda scan over mode-equivalent range i,j=0..64"
0.16486816,200.44227360898194,4.833333333333334,0.6416666666666666,0.19554266055783315,False,-1.002924856540921,-6.817759242;-2.032970289;-1.002924857,0;0;0,True,"continuous lambda scan over mode-equivalent range i,j=0..64"
0.16486816,200.77971851404754,4.833333333333334,0.6416666666666666,0.19554266055783315,False,-1.0046111978722032,-6.821133752;-2.03634556;-1.004611198,0;0;0,True,"continuous lambda scan over mode-equivalent range i,j=0..64"
0.16486816,201.11716341911318,4.833333333333334,0.6416666666666666,0.19554266055783315,False,-1.0062975419246025,-6.824508262;-2.039720828;-1.006297542,0;0;0,True,"continuous lambda scan over mode-equivalent range i,j=0..64"
0.16486816,201.4546083241788,4.833333333333334,0.6416666666666666,0.19554266055783315,False,-1.007983888684941,-6.827882772;-2.043096094;-1.007983889,0;0;0,True,"continuous lambda scan over mode-equivalent range i,j=0..64"
0.16486816,201.79205322924443,4.833333333333334,0.6416666666666666,0.19554266055783315,False,-1.0096702381401288,-6.831257282;-2.046471357;-1.009670238,0;0;0,True,"continuous lambda scan over mode-equivalent range i,j=0..64"
0.16486816,202.12949813431004,4.833333333333334,0.6416666666666666,0.19554266055783315,False,-1.0113565902771582,-6.834631793;-2.049846617;-1.01135659,0;0;0,True,"continuous lambda scan over mode-equivalent range i,j=0..64"
0.175,0.0,4.833333333333334,0.6416666666666666,0.16622458001768367,True,-0.012681581449417077,-4.87228641;-0.01268158145;-0.01268158145,0;0.01721884576;-0.01721884576,True,"continuous lambda scan over mode-equivalent range i,j=0..64"
0.175,0.33744490506562613,4.833333333333334,0.6416666666666666,0.16622458001768367,False,-0.015212379694428934,-4.875660936;-0.01521237969;-0.01521237969,0;0.01657573422;-0.01657573422,True,"continuous lambda scan over mode-equivalent range i,j=0..64"
0.175,0.6748898101312523,4.833333333333334,0.6416666666666666,0.16622458001768367,False,-0.01774317796611837,-4.879035462;-0.01774317797;-0.01774317797,0;0.01586183431;-0.01586183431,True,"continuous lambda scan over mode-equivalent range i,j=0..64"
0.175,1.0123347151968785,4.833333333333334,0.6416666666666666,0.16622458001768367,False,-0.020273976264457712,-4.882409988;-0.02027397626;-0.02027397626,0;0.01506708725;-0.01506708725,True,"continuous lambda scan over mode-equivalent range i,j=0..64"
0.175,1.3497796202625045,4.833333333333334,0.6416666666666666,0.16622458001768367,False,-0.022804774589419194,-4.885784514;-0.02280477459;-0.02280477459,0;0.0141779038;-0.0141779038,True,"continuous lambda scan over mode-equivalent range i,j=0..64"
0.175,1.6872245253281306,4.833333333333334,0.6416666666666666,0.16622458001768367,False,-0.025335572940975333,-4.88915904;-0.02533557294;-0.02533557294,0;0.01317517749;-0.01317517749,True,"continuous lambda scan over mode-equivalent range i,j=0..64"
0.175,2.024669430393757,4.833333333333334,0.6416666666666666,0.16622458001768367,False,-0.02786637131909852,-4.892533566;-0.02786637132;-0.02786637132,0;0.01203055093;-0.01203055093,True,"continuous lambda scan over mode-equivalent range i,j=0..64"
0.175,2.362114335459383,4.833333333333334,0.6416666666666666,0.16622458001768367,False,-0.030397169723761254,-4.895908092;-0.03039716972;-0.03039716972,0;0.01069857549;-0.01069857549,True,"continuous lambda scan over mode-equivalent range i,j=0..64"
0.175,2.699559240525009,4.833333333333334,0.6416666666666666,0.16622458001768367,False,-0.03292796815493584,-4.899282617;-0.03292796815;-0.03292796815,0;0.0090973286;-0.0090973286,True,"continuous lambda scan over mode-equivalent range i,j=0..64"
0.175,3.037004145590635,4.833333333333334,0.6416666666666666,0.16622458001768367,False,-0.0354587666125951,-4.902657143;-0.03545876661;-0.03545876661,0;0.007045549377;-0.007045549377,True,"continuous lambda scan over mode-equivalent range i,j=0..64"
0.175,3.374449050656261,4.833333333333334,0.6416666666666666,0.16622458001768367,False,-0.037989565096711406,-4.906031669;-0.0379895651;-0.0379895651,0;0.00388518376;-0.00388518376,True,"continuous lambda scan over mode-equivalent range i,j=0..64"
0.175,3.7118939557218873,4.833333333333334,0.6416666666666666,0.16622458001768367,False,-0.03595156160619668,-4.909406194;-0.04508916561;-0.03595156161,0;0;0,True,"continuous lambda scan over mode-equivalent range i,j=0..64"
0.175,4.049338860787514,4.833333333333334,0.6416666666666666,0.16622458001768367,False,-0.035417942144247996,-4.91278072;-0.05068438214;-0.03541794214,0;0;0,True,"continuous lambda scan over mode-equivalent range i,j=0..64"
0.175,4.3867837658531394,4.833333333333334,0.6416666666666666,0.16622458001768367,False,-0.03572895941104539,-4.916155245;-0.055434962;-0.03572895941,0;0;0,True,"continuous lambda scan over mode-equivalent range i,j=0..64"
0.175,4.724228670918766,4.833333333333334,0.6416666666666666,0.16622458001768367,False,-0.03639436723450736,-4.919529771;-0.05983115136;-0.03639436723,0;0;0,True,"continuous lambda scan over mode-equivalent range i,j=0..64"
0.175,5.061673575984392,4.833333333333334,0.6416666666666666,0.16622458001768367,False,-0.03726509457111949,-4.922904296;-0.06402202126;-0.03726509457,0;0;0,True,"continuous lambda scan over mode-equivalent range i,j=0..64"
0.175,5.399118481050018,4.833333333333334,0.6416666666666666,0.16622458001768367,False,-0.03827236537988988,-4.926278822;-0.06807634773;-0.03827236538,0;0;0,True,"continuous lambda scan over mode-equivalent range i,j=0..64"
0.175,5.736563386115645,4.833333333333334,0.6416666666666666,0.16622458001768367,False,-0.03937791139018878,-4.929653347;-0.07203239906;-0.03937791139,0;0;0,True,"continuous lambda scan over mode-equivalent range i,j=0..64"
0.175,6.07400829118127,4.833333333333334,0.6416666666666666,0.16622458001768367,False,-0.04055794690725639,-4.933027872;-0.07591396093;-0.04055794691,0;0;0,True,"continuous lambda scan over mode-equivalent range i,j=0..64"
0.175,6.411453196246897,4.833333333333334,0.6416666666666666,0.16622458001768367,False,-0.041796553301395825,-4.936402397;-0.07973695198;-0.0417965533,0;0;0,True,"continuous lambda scan over mode-equivalent range i,j=0..64"
0.175,6.748898101312522,4.833333333333334,0.6416666666666666,0.16622458001768367,False,-0.04308249550791692,-4.939776922;-0.08351260727;-0.04308249551,0;0;0,True,"continuous lambda scan over mode-equivalent range i,j=0..64"
0.175,7.086343006378149,4.833333333333334,0.6416666666666666,0.16622458001768367,False,-0.04440751928161463,-4.943151447;-0.08724918104;-0.04440751928,0;0;0,True,"continuous lambda scan over mode-equivalent range i,j=0..64"
0.175,7.423787911443775,4.833333333333334,0.6416666666666666,0.16622458001768367,False,-0.04576536669941352,-4.946525973;-0.09095293122;-0.0457653667,0;0;0,True,"continuous lambda scan over mode-equivalent range i,j=0..64"
0.175,7.761232816509401,4.833333333333334,0.6416666666666666,0.16622458001768367,False,-0.04715117174385876,-4.949900497;-0.09462872383;-0.04715117174,0;0;0,True,"continuous lambda scan over mode-equivalent range i,j=0..64"
0.175,8.098677721575028,4.833333333333334,0.6416666666666666,0.16622458001768367,False,-0.04856107108076436,-4.953275022;-0.09828042219;-0.04856107108,0;0;0,True,"continuous lambda scan over mode-equivalent range i,j=0..64"
0.175,8.436122626640653,4.833333333333334,0.6416666666666666,0.16622458001768367,False,-0.049991943454225744,-4.956649547;-0.1019111476;-0.04999194345,0;0;0,True,"continuous lambda scan over mode-equivalent range i,j=0..64"
0.175,8.773567531706279,4.833333333333334,0.6416666666666666,0.16622458001768367,False,-0.05144122944605748,-4.960024072;-0.1055234594;-0.05144122945,0;0;0,True,"continuous lambda scan over mode-equivalent range i,j=0..64"
0.175,9.111012436771906,4.833333333333334,0.6416666666666666,0.16622458001768367,False,-0.052906803350501165,-4.963398597;-0.1091194833;-0.05290680335,0;0;0,True,"continuous lambda scan over mode-equivalent range i,j=0..64"
0.175,9.448457341837532,4.833333333333334,0.6416666666666666,0.16622458001768367,False,-0.05438687992862859,-4.966773122;-0.1127010047;-0.05438687993,0;0;0,True,"continuous lambda scan over mode-equivalent range i,j=0..64"
0.175,9.785902246903158,4.833333333333334,0.6416666666666666,0.16622458001768367,False,-0.055879945149629046,-4.970147646;-0.1162695374;-0.05587994515,0;0;0,True,"continuous lambda scan over mode-equivalent range i,j=0..64"
0.175,10.123347151968783,4.833333333333334,0.6416666666666666,0.16622458001768367,False,-0.057384703822265196,-4.973522171;-0.1198263768;-0.05738470382,0;0;0,True,"continuous lambda scan over mode-equivalent range i,j=0..64"
0.175,10.46079205703441,4.833333333333334,0.6416666666666666,0.16622458001768367,False,-0.05890003936867177,-4.976896695;-0.1233726393;-0.05890003937,0;0;0,True,"continuous lambda scan over mode-equivalent range i,j=0..64"
0.175,10.798236962100036,4.833333333333334,0.6416666666666666,0.16622458001768367,False,-0.0604249824890604,-4.98027122;-0.1269092943;-0.06042498249,0;0;0,True,"continuous lambda scan over mode-equivalent range i,j=0..64"
0.175,11.135681867165662,4.833333333333334,0.6416666666666666,0.16622458001768367,False,-0.06195868644402711,-4.983645744;-0.1304371885;-0.06195868644,0;0;0,True,"continuous lambda scan over mode-equivalent range i,j=0..64"
0.175,11.47312677223129,4.833333333333334,0.6416666666666666,0.16622458001768367,False,-0.06350040733532043,-4.987020269;-0.1339570658;-0.06350040734,0;0;0,True,"continuous lambda scan over mode-equivalent range i,j=0..64"
0.175,11.810571677296915,4.833333333333334,0.6416666666666666,0.16622458001768367,False,-0.06504948821248266,-4.990394793;-0.1374695832;-0.06504948821,0;0;0,True,"continuous lambda scan over mode-equivalent range i,j=0..64"
0.175,12.14801658236254,4.833333333333334,0.6416666666666666,0.16622458001768367,False,-0.06660534614328441,-4.993769317;-0.1409753236;-0.06660534614,0;0;0,True,"continuous lambda scan over mode-equivalent range i,j=0..64"
0.175,12.485461487428166,4.833333333333334,0.6416666666666666,0.16622458001768367,False,-0.06816746160542599,-4.997143842;-0.1444748065;-0.06816746161,0;0;0,True,"continuous lambda scan over mode-equivalent range i,j=0..64"
0.175,12.822906392493794,4.833333333333334,0.6416666666666666,0.16622458001768367,False,-0.06973536971459678,-5.000518366;-0.1479684969;-0.06973536971,0;0;0,True,"continuous lambda scan over mode-equivalent range i,j=0..64"
0.175,13.16035129755942,4.833333333333334,0.6416666666666666,0.16622458001768367,False,-0.0713086529187237,-5.00389289;-0.1514568121;-0.07130865292,0;0;0,True,"continuous lambda scan over mode-equivalent range i,j=0..64"
0.175,13.497796202625045,4.833333333333334,0.6416666666666666,0.16622458001768367,False,-0.07288693487284122,-5.007267414;-0.1549401287;-0.07288693487,0;0;0,True,"continuous lambda scan over mode-equivalent range i,j=0..64"
0.175,13.835241107690672,4.833333333333334,0.6416666666666666,0.16622458001768367,False,-0.07446987527212709,-5.010641938;-0.1584187869;-0.07446987527,0;0;0,True,"continuous lambda scan over mode-equivalent range i,j=0..64"
0.175,14.172686012756298,4.833333333333334,0.6416666666666666,0.16622458001768367,False,-0.07605716546824873,-5.014016462;-0.1618930953;-0.07605716547,0;0;0,True,"continuous lambda scan over mode-equivalent range i,j=0..64"
0.175,14.510130917821924,4.833333333333334,0.6416666666666666,0.16622458001768367,False,-0.0776485247304255,-5.017390986;-0.1653633347;-0.07764852473,0;0;0,True,"continuous lambda scan over mode-equivalent range i,j=0..64"
0.175,14.84757582288755,4.833333333333334,0.6416666666666666,0.16622458001768367,False,-0.07924369704049704,-5.02076551;-0.1688297612;-0.07924369704,0;0;0,True,"continuous lambda scan over mode-equivalent range i,j=0..64"
0.175,15.185020727953177,4.833333333333334,0.6416666666666666,0.16622458001768367,False,-0.08084244833291654,-5.024140034;-0.1722926087;-0.08084244833,0;0;0,True,"continuous lambda scan over mode-equivalent range i,j=0..64"
0.175,15.522465633018802,4.833333333333334,0.6416666666666666,0.16622458001768367,False,-0.08244456410750456,-5.027514558;-0.1757520917;-0.08244456411,0;0;0,True,"continuous lambda scan over mode-equivalent range i,j=0..64"
0.175,15.859910538084428,4.833333333333334,0.6416666666666666,0.16622458001768367,False,-0.08404984735612783,-5.030889081;-0.1792084074;-0.08404984736,0;0;0,True,"continuous lambda scan over mode-equivalent range i,j=0..64"
0.175,16.197355443150055,4.833333333333334,0.6416666666666666,0.16622458001768367,False,-0.08565811675504914,-5.034263605;-0.1826617369;-0.08565811676,0;0;0,True,"continuous lambda scan over mode-equivalent range i,j=0..64"
0.175,16.53480034821568,4.833333333333334,0.6416666666666666,0.16622458001768367,False,-0.08726920508314732,-5.037638129;-0.1861122476;-0.08726920508,0;0;0,True,"continuous lambda scan over mode-equivalent range i,j=0..64"
0.175,16.872245253281307,4.833333333333334,0.6416666666666666,0.16622458001768367,False,-0.08888295783300505,-5.041012652;-0.1895600939;-0.08888295783,0;0;0,True,"continuous lambda scan over mode-equivalent range i,j=0..64"
0.175,17.209690158346934,4.833333333333334,0.6416666666666666,0.16622458001768367,False,-0.09049923198736218,-5.044387176;-0.1930054188;-0.09049923199,0;0;0,True,"continuous lambda scan over mode-equivalent range i,j=0..64"
0.175,17.547135063412558,4.833333333333334,0.6416666666666666,0.16622458001768367,False,-0.0921178949379062,-5.047761699;-0.196448355;-0.09211789494,0;0;0,True,"continuous lambda scan over mode-equivalent range i,j=0..64"
0.175,17.884579968478185,4.833333333333334,0.6416666666666666,0.16622458001768367,False,-0.09373882352703053,-5.051136223;-0.1998890256;-0.09373882353,0;0;0,True,"continuous lambda scan over mode-equivalent range i,j=0..64"
0.175,18.222024873543813,4.833333333333334,0.6416666666666666,0.16622458001768367,False,-0.0953619031962006,-5.054510746;-0.2033275452;-0.0953619032,0;0;0,True,"continuous lambda scan over mode-equivalent range i,j=0..64"
0.175,18.559469778609436,4.833333333333334,0.6416666666666666,0.16622458001768367,False,-0.09698702722705159,-5.057885269;-0.2067640204;-0.09698702723,0;0;0,True,"continuous lambda scan over mode-equivalent range i,j=0..64"
0.175,18.896914683675064,4.833333333333334,0.6416666666666666,0.16622458001768367,False,-0.09861409606340546,-5.061259793;-0.2101985509;-0.09861409606,0;0;0,True,"continuous lambda scan over mode-equivalent range i,j=0..64"
0.175,19.23435958874069,4.833333333333334,0.6416666666666666,0.16622458001768367,False,-0.10024301670411107,-5.064634316;-0.2136312297;-0.1002430167,0;0;0,True,"continuous lambda scan over mode-equivalent range i,j=0..64"
0.175,19.571804493806315,4.833333333333334,0.6416666666666666,0.16622458001768367,False,-0.10187370215805291,-5.068008839;-0.2170621437;-0.1018737022,0;0;0,True,"continuous lambda scan over mode-equivalent range i,j=0..64"
0.175,19.909249398871943,4.833333333333334,0.6416666666666666,0.16622458001768367,False,-0.1035060709538793,-5.071383362;-0.2204913744;-0.103506071,0;0;0,True,"continuous lambda scan over mode-equivalent range i,j=0..64"
0.175,20.246694303937566,4.833333333333334,0.6416666666666666,0.16622458001768367,False,-0.10514004669802271,-5.074757885;-0.2239189982;-0.1051400467,0;0;0,True,"continuous lambda scan over mode-equivalent range i,j=0..64"
0.175,20.584139209003194,4.833333333333334,0.6416666666666666,0.16622458001768367,False,-0.1067755576754463,-5.078132408;-0.2273450868;-0.1067755577,0;0;0,True,"continuous lambda scan over mode-equivalent range i,j=0..64"
0.175,20.92158411406882,4.833333333333334,0.6416666666666666,0.16622458001768367,False,-0.1084125364882845,-5.081506931;-0.2307697076;-0.1084125365,0;0;0,True,"continuous lambda scan over mode-equivalent range i,j=0..64"
0.175,21.259029019134445,4.833333333333334,0.6416666666666666,0.16622458001768367,False,-0.11005091972816954,-5.084881454;-0.2341929241;-0.1100509197,0;0;0,True,"continuous lambda scan over mode-equivalent range i,j=0..64"
0.175,21.596473924200073,4.833333333333334,0.6416666666666666,0.16622458001768367,False,-0.11169064767857048,-5.088255977;-0.2376147959;-0.1116906477,0;0;0,True,"continuous lambda scan over mode-equivalent range i,j=0..64"
0.175,21.9339188292657,4.833333333333334,0.6416666666666666,0.16622458001768367,False,-0.11333166404392843,-5.0916305;-0.2410353793;-0.113331664,0;0;0,True,"continuous lambda scan over mode-equivalent range i,j=0..64"
0.175,22.271363734331324,4.833333333333334,0.6416666666666666,0.16622458001768367,False,-0.11497391570276624,-5.095005023;-0.2444547275;-0.1149739157,0;0;0,True,"continuous lambda scan over mode-equivalent range i,j=0..64"
0.175,22.60880863939695,4.833333333333334,0.6416666666666666,0.16622458001768367,False,-0.11661735248229066,-5.098379546;-0.2478728906;-0.1166173525,0;0;0,True,"continuous lambda scan over mode-equivalent range i,j=0..64"
0.175,22.94625354446258,4.833333333333334,0.6416666666666666,0.16622458001768367,False,-0.11826192695229752,-5.101754068;-0.2512899161;-0.118261927,0;0;0,True,"continuous lambda scan over mode-equivalent range i,j=0..64"
0.175,23.283698449528202,4.833333333333334,0.6416666666666666,0.16622458001768367,False,-0.11990759423644785,-5.105128591;-0.2547058488;-0.1199075942,0;0;0,True,"continuous lambda scan over mode-equivalent range i,j=0..64"
0.175,23.62114335459383,4.833333333333334,0.6416666666666666,0.16622458001768367,False,-0.12155431183920086,-5.108503113;-0.2581207313;-0.1215543118,0;0;0,True,"continuous lambda scan over mode-equivalent range i,j=0..64"
0.175,23.958588259659454,4.833333333333334,0.6416666666666666,0.16622458001768367,False,-0.12320203948688586,-5.111877636;-0.2615346037;-0.1232020395,0;0;0,True,"continuous lambda scan over mode-equivalent range i,j=0..64"
0.175,24.29603316472508,4.833333333333334,0.6416666666666666,0.16622458001768367,False,-0.12485073898156168,-5.115252158;-0.2649475043;-0.124850739,0;0;0,True,"continuous lambda scan over mode-equivalent range i,j=0..64"
0.175,24.63347806979071,4.833333333333334,0.6416666666666666,0.16622458001768367,False,-0.12650037406646053,-5.118626681;-0.2683594695;-0.1265003741,0;0;0,True,"continuous lambda scan over mode-equivalent range i,j=0..64"
0.175,24.970922974856332,4.833333333333334,0.6416666666666666,0.16622458001768367,False,-0.12815091030194248,-5.122001203;-0.2717705335;-0.1281509103,0;0;0,True,"continuous lambda scan over mode-equivalent range i,j=0..64"
0.175,25.30836787992196,4.833333333333334,0.6416666666666666,0.16622458001768367,False,-0.12980231495100086,-5.125375726;-0.2751807291;-0.129802315,0;0;0,True,"continuous lambda scan over mode-equivalent range i,j=0..64"
0.175,25.645812784987587,4.833333333333334,0.6416666666666666,0.16622458001768367,False,-0.13145455687345828,-5.128750248;-0.2785900875;-0.1314545569,0;0;0,True,"continuous lambda scan over mode-equivalent range i,j=0..64"
0.175,25.98325769005321,4.833333333333334,0.6416666666666666,0.16622458001768367,False,-0.1331076064280822,-5.13212477;-0.2819986384;-0.1331076064,0;0;0,True,"continuous lambda scan over mode-equivalent range i,j=0..64"
0.175,26.32070259511884,4.833333333333334,0.6416666666666666,0.16622458001768367,False,-0.13476143538192803,-5.135499292;-0.2854064099;-0.1347614354,0;0;0,True,"continuous lambda scan over mode-equivalent range i,j=0..64"
0.175,26.658147500184466,4.833333333333334,0.6416666666666666,0.16622458001768367,False,-0.1364160168262837,-5.138873814;-0.2888134289;-0.1364160168,0;0;0,True,"continuous lambda scan over mode-equivalent range i,j=0..64"
0.175,26.99559240525009,4.833333333333334,0.6416666666666666,0.16622458001768367,False,-0.13807132509865674,-5.142248337;-0.2922197212;-0.1380713251,0;0;0,True,"continuous lambda scan over mode-equivalent range i,j=0..64"
0.175,27.333037310315717,4.833333333333334,0.6416666666666666,0.16622458001768367,False,-0.13972733571029308,-5.145622859;-0.2956253112;-0.1397273357,0;0;0,True,"continuous lambda scan over mode-equivalent range i,j=0..64"
0.175,27.670482215381345,4.833333333333334,0.6416666666666666,0.16622458001768367,False,-0.1413840252787721,-5.148997381;-0.2990302222;-0.1413840253,0;0;0,True,"continuous lambda scan over mode-equivalent range i,j=0..64"
0.175,28.00792712044697,4.833333333333334,0.6416666666666666,0.16622458001768367,False,-0.1430413714652599,-5.152371902;-0.3024344767;-0.1430413715,0;0;0,True,"continuous lambda scan over mode-equivalent range i,j=0..64"
0.175,28.345372025512596,4.833333333333334,0.6416666666666666,0.16622458001768367,False,-0.14469935291604644,-5.155746424;-0.305838096;-0.1446993529,0;0;0,True,"continuous lambda scan over mode-equivalent range i,j=0..64"
0.175,28.68281693057822,4.833333333333334,0.6416666666666666,0.16622458001768367,False,-0.1463579492080237,-5.159120946;-0.3092411005;-0.1463579492,0;0;0,True,"continuous lambda scan over mode-equivalent range i,j=0..64"
0.175,29.020261835643847,4.833333333333334,0.6416666666666666,0.16622458001768367,False,-0.14801714079779504,-5.162495468;-0.3126435097;-0.1480171408,0;0;0,True,"continuous lambda scan over mode-equivalent range i,j=0..64"
0.175,29.357706740709475,4.833333333333334,0.6416666666666666,0.16622458001768367,False,-0.14967690897413263,-5.16586999;-0.3160453425;-0.149676909,0;0;0,True,"continuous lambda scan over mode-equivalent range i,j=0..64"
0.175,29.6951516457751,4.833333333333334,0.6416666666666666,0.16622458001768367,False,-0.1513372358135265,-5.169244511;-0.3194466165;-0.1513372358,0;0;0,True,"continuous lambda scan over mode-equivalent range i,j=0..64"
0.175,30.032596550840726,4.833333333333334,0.6416666666666666,0.16622458001768367,False,-0.15299810413858925,-5.172619033;-0.3228473492;-0.1529981041,0;0;0,True,"continuous lambda scan over mode-equivalent range i,j=0..64"
0.175,30.370041455906353,4.833333333333334,0.6416666666666666,0.16622458001768367,False,-0.15465949747910293,-5.175993555;-0.3262475569;-0.1546594975,0;0;0,True,"continuous lambda scan over mode-equivalent range i,j=0..64"
0.175,30.707486360971977,4.833333333333334,0.6416666666666666,0.16622458001768367,False,-0.1563214000355119,-5.179368076;-0.3296472554;-0.1563214,0;0;0,True,"continuous lambda scan over mode-equivalent range i,j=0..64"
0.175,31.044931266037604,4.833333333333334,0.6416666666666666,0.16622458001768367,False,-0.15798379664468193,-5.182742598;-0.3330464599;-0.1579837966,0;0;0,True,"continuous lambda scan over mode-equivalent range i,j=0..64"
0.175,31.382376171103232,4.833333333333334,0.6416666666666666,0.16622458001768367,False,-0.15964667274776154,-5.186117119;-0.336445185;-0.1596466727,0;0;0,True,"continuous lambda scan over mode-equivalent range i,j=0..64"
0.175,31.719821076168856,4.833333333333334,0.6416666666666666,0.16622458001768367,False,-0.16131001435999462,-5.189491641;-0.3398434446;-0.1613100144,0;0;0,True,"continuous lambda scan over mode-equivalent range i,j=0..64"
0.175,32.05726598123448,4.833333333333334,0.6416666666666666,0.16622458001768367,False,-0.1629738080423465,-5.192866162;-0.3432412522;-0.162973808,0;0;0,True,"continuous lambda scan over mode-equivalent range i,j=0..64"
0.175,32.39471088630011,4.833333333333334,0.6416666666666666,0.16622458001768367,False,-0.16463804087481554,-5.196240683;-0.3466386207;-0.1646380409,0;0;0,True,"continuous lambda scan over mode-equivalent range i,j=0..64"
0.175,32.732155791365734,4.833333333333334,0.6416666666666666,0.16622458001768367,False,-0.16630270043131343,-5.199615204;-0.3500355625;-0.1663027004,0;0;0,True,"continuous lambda scan over mode-equivalent range i,j=0..64"
0.175,33.06960069643136,4.833333333333334,0.6416666666666666,0.16622458001768367,False,-0.1679677747560076,-5.202989726;-0.3534320896;-0.1679677748,0;0;0,True,"continuous lambda scan over mode-equivalent range i,j=0..64"
0.175,33.40704560149699,4.833333333333334,0.6416666666666666,0.16622458001768367,False,-0.16963325234102442,-5.206364247;-0.3568282135;-0.1696332523,0;0;0,True,"continuous lambda scan over mode-equivalent range i,j=0..64"
0.175,33.74449050656261,4.833333333333334,0.6416666666666666,0.16622458001768367,False,-0.17129912210542408,-5.209738768;-0.3602239452;-0.1712991221,0;0;0,True,"continuous lambda scan over mode-equivalent range i,j=0..64"
0.175,34.08193541162824,4.833333333333334,0.6416666666666666,0.16622458001768367,False,-0.17296537337536033,-5.213113289;-0.3636192955;-0.1729653734,0;0;0,True,"continuous lambda scan over mode-equivalent range i,j=0..64"
0.175,34.41938031669387,4.833333333333334,0.6416666666666666,0.16622458001768367,False,-0.17463199586534858,-5.21648781;-0.3670142747;-0.1746319959,0;0;0,True,"continuous lambda scan over mode-equivalent range i,j=0..64"
0.175,34.75682522175949,4.833333333333334,0.6416666666666666,0.16622458001768367,False,-0.17629897966056957,-5.219862331;-0.3704088925;-0.1762989797,0;0;0,True,"continuous lambda scan over mode-equivalent range i,j=0..64"
0.175,35.094270126825116,4.833333333333334,0.6416666666666666,0.16622458001768367,False,-0.17796631520014214,-5.223236852;-0.3738031587;-0.1779663152,0;0;0,True,"continuous lambda scan over mode-equivalent range i,j=0..64"
0.175,35.43171503189075,4.833333333333334,0.6416666666666666,0.16622458001768367,False,-0.1796339932613022,-5.226611373;-0.3771970824;-0.1796339933,0;0;0,True,"continuous lambda scan over mode-equivalent range i,j=0..64"
0.175,35.76915993695637,4.833333333333334,0.6416666666666666,0.16622458001768367,False,-0.18130200494443144,-5.229985894;-0.3805906725;-0.1813020049,0;0;0,True,"continuous lambda scan over mode-equivalent range i,j=0..64"
0.175,36.106604842021994,4.833333333333334,0.6416666666666666,0.16622458001768367,False,-0.18297034165888296,-5.233360414;-0.3839839376;-0.1829703417,0;0;0,True,"continuous lambda scan over mode-equivalent range i,j=0..64"
0.175,36.444049747087625,4.833333333333334,0.6416666666666666,0.16622458001768367,False,-0.18463899510955312,-5.236734935;-0.3873768861;-0.1846389951,0;0;0,True,"continuous lambda scan over mode-equivalent range i,j=0..64"
0.175,36.78149465215325,4.833333333333334,0.6416666666666666,0.16622458001768367,False,-0.18630795728415378,-5.240109456;-0.3907695259;-0.1863079573,0;0;0,True,"continuous lambda scan over mode-equivalent range i,j=0..64"
0.175,37.11893955721887,4.833333333333334,0.6416666666666666,0.16622458001768367,False,-0.1879772204411442,-5.243483976;-0.3941618647;-0.1879772204,0;0;0,True,"continuous lambda scan over mode-equivalent range i,j=0..64"
0.175,37.456384462284504,4.833333333333334,0.6416666666666666,0.16622458001768367,False,-0.18964677709828026,-5.246858497;-0.3975539101;-0.1896467771,0;0;0,True,"continuous lambda scan over mode-equivalent range i,j=0..64"
0.175,37.79382936735013,4.833333333333334,0.6416666666666666,0.16622458001768367,False,-0.1913166200217455,-5.250233018;-0.4009456693;-0.19131662,0;0;0,True,"continuous lambda scan over mode-equivalent range i,j=0..64"
0.175,38.13127427241575,4.833333333333334,0.6416666666666666,0.16622458001768367,False,-0.19298674221582937,-5.253607538;-0.4043371492;-0.1929867422,0;0;0,True,"continuous lambda scan over mode-equivalent range i,j=0..64"
0.175,38.46871917748138,4.833333333333334,0.6416666666666666,0.16622458001768367,False,-0.19465713691312056,-5.256982058;-0.4077283567;-0.1946571369,0;0;0,True,"continuous lambda scan over mode-equivalent range i,j=0..64"
0.175,38.806164082547006,4.833333333333334,0.6416666666666666,0.16622458001768367,False,-0.19632779756518484,-5.260356579;-0.4111192983;-0.1963277976,0;0;0,True,"continuous lambda scan over mode-equivalent range i,j=0..64"
0.175,39.14360898761263,4.833333333333334,0.6416666666666666,0.16622458001768367,False,-0.19799871783369977,-5.263731099;-0.4145099803;-0.1979987178,0;0;0,True,"continuous lambda scan over mode-equivalent range i,j=0..64"
0.175,39.481053892678254,4.833333333333334,0.6416666666666666,0.16622458001768367,False,-0.1996698915820214,-5.26710562;-0.4179004089;-0.1996698916,0;0;0,True,"continuous lambda scan over mode-equivalent range i,j=0..64"
0.175,39.818498797743885,4.833333333333334,0.6416666666666666,0.16622458001768367,False,-0.20134131286715576,-5.27048014;-0.4212905899;-0.2013413129,0;0;0,True,"continuous lambda scan over mode-equivalent range i,j=0..64"
0.175,40.15594370280951,4.833333333333334,0.6416666666666666,0.16622458001768367,False,-0.20301297593211529,-5.27385466;-0.4246805293;-0.2030129759,0;0;0,True,"continuous lambda scan over mode-equivalent range i,j=0..64"
0.175,40.49338860787513,4.833333333333334,0.6416666666666666,0.16622458001768367,False,-0.20468487519863654,-5.27722918;-0.4280702325;-0.2046848752,0;0;0,True,"continuous lambda scan over mode-equivalent range i,j=0..64"
0.175,40.830833512940764,4.833333333333334,0.6416666666666666,0.16622458001768367,False,-0.20635700526024064,-5.2806037;-0.431459705;-0.2063570053,0;0;0,True,"continuous lambda scan over mode-equivalent range i,j=0..64"
0.175,41.16827841800639,4.833333333333334,0.6416666666666666,0.16622458001768367,False,-0.20802936087561683,-5.28397822;-0.4348489519;-0.2080293609,0;0;0,True,"continuous lambda scan over mode-equivalent range i,j=0..64"
0.175,41.50572332307201,4.833333333333334,0.6416666666666666,0.16622458001768367,False,-0.2097019369623121,-5.28735274;-0.4382379784;-0.209701937,0;0;0,True,"continuous lambda scan over mode-equivalent range i,j=0..64"
0.175,41.84316822813764,4.833333333333334,0.6416666666666666,0.16622458001768367,False,-0.21137472859071,-5.29072726;-0.4416267895;-0.2113747286,0;0;0,True,"continuous lambda scan over mode-equivalent range i,j=0..64"
0.175,42.180613133203266,4.833333333333334,0.6416666666666666,0.16622458001768367,False,-0.21304773097828308,-5.29410178;-0.4450153898;-0.213047731,0;0;0,True,"continuous lambda scan over mode-equivalent range i,j=0..64"
0.175,42.51805803826889,4.833333333333334,0.6416666666666666,0.16622458001768367,False,-0.21472093948410567,-5.2974763;-0.448403784;-0.2147209395,0;0;0,True,"continuous lambda scan over mode-equivalent range i,j=0..64"
0.175,42.85550294333452,4.833333333333334,0.6416666666666666,0.16622458001768367,False,-0.2163943496036109,-5.30085082;-0.4517919767;-0.2163943496,0;0;0,True,"continuous lambda scan over mode-equivalent range i,j=0..64"
0.175,43.192947848400145,4.833333333333334,0.6416666666666666,0.16622458001768367,False,-0.2180679569635817,-5.30422534;-0.4551799722;-0.218067957,0;0;0,True,"continuous lambda scan over mode-equivalent range i,j=0..64"
0.175,43.53039275346577,4.833333333333334,0.6416666666666666,0.16622458001768367,False,-0.21974175731736226,-5.307599859;-0.4585677747;-0.2197417573,0;0;0,True,"continuous lambda scan over mode-equivalent range i,j=0..64"
0.175,43.8678376585314,4.833333333333334,0.6416666666666666,0.16622458001768367,False,-0.22141574654027923,-5.310974379;-0.4619553885;-0.2214157465,0;0;0,True,"continuous lambda scan over mode-equivalent range i,j=0..64"
0.175,44.205282563597024,4.833333333333334,0.6416666666666666,0.16622458001768367,False,-0.22308992062526065,-5.314348899;-0.4653428174;-0.2230899206,0;0;0,True,"continuous lambda scan over mode-equivalent range i,j=0..64"
0.175,44.54272746866265,4.833333333333334,0.6416666666666666,0.16622458001768367,False,-0.22476427567864501,-5.317723418;-0.4687300654;-0.2247642757,0;0;0,True,"continuous lambda scan over mode-equivalent range i,j=0..64"
0.175,44.88017237372828,4.833333333333334,0.6416666666666666,0.16622458001768367,False,-0.2264388079161689,-5.321097938;-0.4721171362;-0.2264388079,0;0;0,True,"continuous lambda scan over mode-equivalent range i,j=0..64"
0.175,45.2176172787939,4.833333333333334,0.6416666666666666,0.16622458001768367,False,-0.22811351365912458,-5.324472457;-0.4755040336;-0.2281135137,0;0;0,True,"continuous lambda scan over mode-equivalent range i,j=0..64"
0.175,45.555062183859526,4.833333333333334,0.6416666666666666,0.16622458001768367,False,-0.2297883893306799,-5.327846977;-0.4788907611;-0.2297883893,0;0;0,True,"continuous lambda scan over mode-equivalent range i,j=0..64"
0.175,45.89250708892516,4.833333333333334,0.6416666666666666,0.16622458001768367,False,-0.23146343145235224,-5.331221496;-0.4822773222;-0.2314634315,0;0;0,True,"continuous lambda scan over mode-equivalent range i,j=0..64"
0.175,46.22995199399078,4.833333333333334,0.6416666666666666,0.16622458001768367,False,-0.23313863664062837,-5.334596016;-0.4856637203;-0.2331386366,0;0;0,True,"continuous lambda scan over mode-equivalent range i,j=0..64"
0.175,46.567396899056405,4.833333333333334,0.6416666666666666,0.16622458001768367,False,-0.23481400160372407,-5.337970535;-0.4890499586;-0.2348140016,0;0;0,True,"continuous lambda scan over mode-equivalent range i,j=0..64"
0.175,46.904841804122036,4.833333333333334,0.6416666666666666,0.16622458001768367,False,-0.2364895231384763,-5.341345054;-0.4924360404;-0.2364895231,0;0;0,True,"continuous lambda scan over mode-equivalent range i,j=0..64"
0.175,47.24228670918766,4.833333333333334,0.6416666666666666,0.16622458001768367,False,-0.23816519812736128,-5.344719573;-0.4958219689;-0.2381651981,0;0;0,True,"continuous lambda scan over mode-equivalent range i,j=0..64"
0.175,47.579731614253284,4.833333333333334,0.6416666666666666,0.16622458001768367,False,-0.23984102353563366,-5.348094093;-0.4992077469;-0.2398410235,0;0;0,True,"continuous lambda scan over mode-equivalent range i,j=0..64"
0.175,47.91717651931891,4.833333333333334,0.6416666666666666,0.16622458001768367,False,-0.2415169964085794,-5.351468612;-0.5025933775;-0.2415169964,0;0;0,True,"continuous lambda scan over mode-equivalent range i,j=0..64"
0.175,48.25462142438454,4.833333333333334,0.6416666666666666,0.16622458001768367,False,-0.24319311386887887,-5.354843131;-0.5059788636;-0.2431931139,0;0;0,True,"continuous lambda scan over mode-equivalent range i,j=0..64"
0.175,48.59206632945016,4.833333333333334,0.6416666666666666,0.16622458001768367,False,-0.2448693731140733,-5.35821765;-0.509364208;-0.2448693731,0;0;0,True,"continuous lambda scan over mode-equivalent range i,j=0..64"
0.175,48.929511234515786,4.833333333333334,0.6416666666666666,0.16622458001768367,False,-0.24654577141413167,-5.361592169;-0.5127494133;-0.2465457714,0;0;0,True,"continuous lambda scan over mode-equivalent range i,j=0..64"
0.175,49.26695613958142,4.833333333333334,0.6416666666666666,0.16622458001768367,False,-0.24822230610911147,-5.364966688;-0.5161344823;-0.2482223061,0;0;0,True,"continuous lambda scan over mode-equivalent range i,j=0..64"
0.175,49.60440104464704,4.833333333333334,0.6416666666666666,0.16622458001768367,False,-0.2498989746069105,-5.368341207;-0.5195194175;-0.2498989746,0;0;0,True,"continuous lambda scan over mode-equivalent range i,j=0..64"
0.175,49.941845949712665,4.833333333333334,0.6416666666666666,0.16622458001768367,False,-0.25157577438110545,-5.371715725;-0.5229042215;-0.2515757744,0;0;0,True,"continuous lambda scan over mode-equivalent range i,j=0..64"
0.175,50.279290854778296,4.833333333333334,0.6416666666666666,0.16622458001768367,False,-0.25325270296887253,-5.375090244;-0.5262888968;-0.253252703,0;0;0,True,"continuous lambda scan over mode-equivalent range i,j=0..64"
0.175,50.61673575984392,4.833333333333334,0.6416666666666666,0.16622458001768367,False,-0.25492975796898715,-5.378464763;-0.5296734456;-0.254929758,0;0;0,True,"continuous lambda scan over mode-equivalent range i,j=0..64"
0.175,50.95418066490954,4.833333333333334,0.6416666666666666,0.16622458001768367,False,-0.2566069370398993,-5.381839282;-0.5330578705;-0.256606937,0;0;0,True,"continuous lambda scan over mode-equivalent range i,j=0..64"
0.175,51.291625569975174,4.833333333333334,0.6416666666666666,0.16622458001768367,False,-0.2582842378978811,-5.3852138;-0.5364421736;-0.2582842379,0;0;0,True,"continuous lambda scan over mode-equivalent range i,j=0..64"
0.175,51.6290704750408,4.833333333333334,0.6416666666666666,0.16622458001768367,False,-0.2599616583152423,-5.388588319;-0.5398263572;-0.2599616583,0;0;0,True,"continuous lambda scan over mode-equivalent range i,j=0..64"
0.175,51.96651538010642,4.833333333333334,0.6416666666666666,0.16622458001768367,False,-0.26163919611861375,-5.391962838;-0.5432104234;-0.2616391961,0;0;0,True,"continuous lambda scan over mode-equivalent range i,j=0..64"
0.175,52.30396028517205,4.833333333333334,0.6416666666666666,0.16622458001768367,False,-0.2633168491872917,-5.395337356;-0.5465943744;-0.2633168492,0;0;0,True,"continuous lambda scan over mode-equivalent range i,j=0..64"
0.175,52.64140519023768,4.833333333333334,0.6416666666666666,0.16622458001768367,False,-0.26499461545164416,-5.398711875;-0.5499782123;-0.2649946155,0;0;0,True,"continuous lambda scan over mode-equivalent range i,j=0..64"
0.175,52.9788500953033,4.833333333333334,0.6416666666666666,0.16622458001768367,False,-0.2666724928915746,-5.402086393;-0.5533619391;-0.2666724929,0;0;0,True,"continuous lambda scan over mode-equivalent range i,j=0..64"
0.175,53.31629500036893,4.833333333333334,0.6416666666666666,0.16622458001768367,False,-0.268350479535041,-5.405460911;-0.5567455567;-0.2683504795,0;0;0,True,"continuous lambda scan over mode-equivalent range i,j=0..64"
0.175,53.653739905434556,4.833333333333334,0.6416666666666666,0.16622458001768367,False,-0.2700285734566279,-5.40883543;-0.560129067;-0.2700285735,0;0;0,True,"continuous lambda scan over mode-equivalent range i,j=0..64"
0.175,53.99118481050018,4.833333333333334,0.6416666666666666,0.16622458001768367,False,-0.27170677277616917,-5.412209948;-0.563512472;-0.2717067728,0;0;0,True,"continuous lambda scan over mode-equivalent range i,j=0..64"
0.175,54.32862971556581,4.833333333333334,0.6416666666666666,0.16622458001768367,False,-0.27338507565742093,-5.415584466;-0.5668957735;-0.2733850757,0;0;0,True,"continuous lambda scan over mode-equivalent range i,j=0..64"
0.175,54.666074620631434,4.833333333333334,0.6416666666666666,0.16622458001768367,False,-0.27506348030677835,-5.418958985;-0.5702789733;-0.2750634803,0;0;0,True,"continuous lambda scan over mode-equivalent range i,j=0..64"
0.175,55.00351952569706,4.833333333333334,0.6416666666666666,0.16622458001768367,False,-0.2767419849720405,-5.422333503;-0.5736620731;-0.276741985,0;0;0,True,"continuous lambda scan over mode-equivalent range i,j=0..64"
0.175,55.34096443076269,4.833333333333334,0.6416666666666666,0.16622458001768367,False,-0.27842058794121594,-5.425708021;-0.5770450746;-0.2784205879,0;0;0,True,"continuous lambda scan over mode-equivalent range i,j=0..64"
0.175,55.67840933582831,4.833333333333334,0.6416666666666666,0.16622458001768367,False,-0.2800992875413705,-5.429082539;-0.5804279796;-0.2800992875,0;0;0,True,"continuous lambda scan over mode-equivalent range i,j=0..64"
0.175,56.01585424089394,4.833333333333334,0.6416666666666666,0.16622458001768367,False,-0.2817780821375143,-5.432457057;-0.5838107896;-0.2817780821,0;0;0,True,"continuous lambda scan over mode-equivalent range i,j=0..64"
0.175,56.35329914595956,4.833333333333334,0.6416666666666666,0.16622458001768367,False,-0.2834569701315275,-5.435831575;-0.5871935062;-0.2834569701,0;0;0,True,"continuous lambda scan over mode-equivalent range i,j=0..64"
0.175,56.69074405102519,4.833333333333334,0.6416666666666666,0.16622458001768367,False,-0.2851359499611211,-5.439206093;-0.5905761311;-0.28513595,0;0;0,True,"continuous lambda scan over mode-equivalent range i,j=0..64"
0.175,57.028188956090816,4.833333333333334,0.6416666666666666,0.16622458001768367,False,-0.2868150200988343,-5.442580611;-0.5939586657;-0.2868150201,0;0;0,True,"continuous lambda scan over mode-equivalent range i,j=0..64"
0.175,57.36563386115644,4.833333333333334,0.6416666666666666,0.16622458001768367,False,-0.2884941790510649,-5.445955129;-0.5973411115;-0.2884941791,0;0;0,True,"continuous lambda scan over mode-equivalent range i,j=0..64"
0.175,57.70307876622207,4.833333333333334,0.6416666666666666,0.16622458001768367,False,-0.29017342535713186,-5.449329646;-0.60072347;-0.2901734254,0;0;0,True,"continuous lambda scan over mode-equivalent range i,j=0..64"
0.175,58.040523671287694,4.833333333333334,0.6416666666666666,0.16622458001768367,False,-0.29185275758836915,-5.452704164;-0.6041057426;-0.2918527576,0;0;0,True,"continuous lambda scan over mode-equivalent range i,j=0..64"
0.175,58.37796857635332,4.833333333333334,0.6416666666666666,0.16622458001768367,False,-0.29353217434724976,-5.456078682;-0.6074879308;-0.2935321743,0;0;0,True,"continuous lambda scan over mode-equivalent range i,j=0..64"
0.175,58.71541348141895,4.833333333333334,0.6416666666666666,0.16622458001768367,False,-0.29521167426653777,-5.4594532;-0.6108700358;-0.2952116743,0;0;0,True,"continuous lambda scan over mode-equivalent range i,j=0..64"
0.175,59.05285838648457,4.833333333333334,0.6416666666666666,0.16622458001768367,False,-0.29689125600846905,-5.462827717;-0.6142520591;-0.296891256,0;0;0,True,"continuous lambda scan over mode-equivalent range i,j=0..64"
0.175,59.3903032915502,4.833333333333334,0.6416666666666666,0.16622458001768367,False,-0.29857091826395754,-5.466202235;-0.6176340019;-0.2985709183,0;0;0,True,"continuous lambda scan over mode-equivalent range i,j=0..64"
0.175,59.72774819661583,4.833333333333334,0.6416666666666666,0.16622458001768367,False,-0.3002506597518278,-5.469576752;-0.6210158655;-0.3002506598,0;0;0,True,"continuous lambda scan over mode-equivalent range i,j=0..64"
0.175,60.06519310168145,4.833333333333334,0.6416666666666666,0.16622458001768367,False,-0.3019304792180722,-5.47295127;-0.6243976512;-0.3019304792,0;0;0,True,"continuous lambda scan over mode-equivalent range i,j=0..64"
0.175,60.402638006747075,4.833333333333334,0.6416666666666666,0.16622458001768367,False,-0.3036103754351309,-5.476325787;-0.6277793601;-0.3036103754,0;0;0,True,"continuous lambda scan over mode-equivalent range i,j=0..64"
0.175,60.740082911812706,4.833333333333334,0.6416666666666666,0.16622458001768367,False,-0.305290347201196,-5.479700305;-0.6311609936;-0.3052903472,0;0;0,True,"continuous lambda scan over mode-equivalent range i,j=0..64"
0.175,61.07752781687833,4.833333333333334,0.6416666666666666,0.16622458001768367,False,-0.30697039333953685,-5.483074822;-0.6345425527;-0.3069703933,0;0;0,True,"continuous lambda scan over mode-equivalent range i,j=0..64"
0.175,61.414972721943954,4.833333333333334,0.6416666666666666,0.16622458001768367,False,-0.30865051269784666,-5.486449339;-0.6379240387;-0.3086505127,0;0;0,True,"continuous lambda scan over mode-equivalent range i,j=0..64"
0.175,61.752417627009585,4.833333333333334,0.6416666666666666,0.16622458001768367,False,-0.31033070414760944,-5.489823857;-0.6413054526;-0.3103307041,0;0;0,True,"continuous lambda scan over mode-equivalent range i,j=0..64"
0.175,62.08986253207521,4.833333333333334,0.6416666666666666,0.16622458001768367,False,-0.3120109665834869,-5.493198374;-0.6446867955;-0.3120109666,0;0;0,True,"continuous lambda scan over mode-equivalent range i,j=0..64"
0.175,62.42730743714083,4.833333333333334,0.6416666666666666,0.16622458001768367,False,-0.31369129892272435,-5.496572891;-0.6480680686;-0.3136912989,0;0;0,True,"continuous lambda scan over mode-equivalent range i,j=0..64"
0.175,62.764752342206464,4.833333333333334,0.6416666666666666,0.16622458001768367,False,-0.3153717001045738,-5.499947408;-0.651449273;-0.3153717001,0;0;0,True,"continuous lambda scan over mode-equivalent range i,j=0..64"
0.175,63.10219724727209,4.833333333333334,0.6416666666666666,0.16622458001768367,False,-0.3170521690897366,-5.503321925;-0.6548304095;-0.3170521691,0;0;0,True,"continuous lambda scan over mode-equivalent range i,j=0..64"
0.175,63.43964215233771,4.833333333333334,0.6416666666666666,0.16622458001768367,False,-0.31873270485982086,-5.506696442;-0.6582114793;-0.3187327049,0;0;0,True,"continuous lambda scan over mode-equivalent range i,j=0..64"
0.175,63.77708705740334,4.833333333333334,0.6416666666666666,0.16622458001768367,False,-0.32041330641681737,-5.510070959;-0.6615924834;-0.3204133064,0;0;0,True,"continuous lambda scan over mode-equivalent range i,j=0..64"
0.175,64.11453196246896,4.833333333333334,0.6416666666666666,0.16622458001768367,False,-0.3220939727825892,-5.513445476;-0.6649734227;-0.3220939728,0;0;0,True,"continuous lambda scan over mode-equivalent range i,j=0..64"
0.175,64.4519768675346,4.833333333333334,0.6416666666666666,0.16622458001768367,False,-0.32377470299837924,-5.516819993;-0.6683542982;-0.323774703,0;0;0,True,"continuous lambda scan over mode-equivalent range i,j=0..64"
0.175,64.78942177260022,4.833333333333334,0.6416666666666666,0.16622458001768367,False,-0.32545549612432906,-5.52019451;-0.6717351108;-0.3254554961,0;0;0,True,"continuous lambda scan over mode-equivalent range i,j=0..64"
0.175,65.12686667766584,4.833333333333334,0.6416666666666666,0.16622458001768367,False,-0.3271363512390151,-5.523569027;-0.6751158615;-0.3271363512,0;0;0,True,"continuous lambda scan over mode-equivalent range i,j=0..64"
0.175,65.46431158273147,4.833333333333334,0.6416666666666666,0.16622458001768367,False,-0.32881726743899653,-5.526943544;-0.6784965511;-0.3288172674,0;0;0,True,"continuous lambda scan over mode-equivalent range i,j=0..64"
0.175,65.80175648779709,4.833333333333334,0.6416666666666666,0.16622458001768367,False,-0.3304982438383779,-5.53031806;-0.6818771806;-0.3304982438,0;0;0,True,"continuous lambda scan over mode-equivalent range i,j=0..64"
0.175,66.13920139286272,4.833333333333334,0.6416666666666666,0.16622458001768367,False,-0.3321792795683828,-5.533692577;-0.6852577508;-0.3321792796,0;0;0,True,"continuous lambda scan over mode-equivalent range i,j=0..64"
0.175,66.47664629792835,4.833333333333334,0.6416666666666666,0.16622458001768367,False,-0.33386037377694144,-5.537067094;-0.6886382626;-0.3338603738,0;0;0,True,"continuous lambda scan over mode-equivalent range i,j=0..64"
0.175,66.81409120299398,4.833333333333334,0.6416666666666666,0.16622458001768367,False,-0.3355415256282897,-5.54044161;-0.6920187168;-0.3355415256,0;0;0,True,"continuous lambda scan over mode-equivalent range i,j=0..64"
0.175,67.1515361080596,4.833333333333334,0.6416666666666666,0.16622458001768367,False,-0.3372227343025791,-5.543816127;-0.6953991142;-0.3372227343,0;0;0,True,"continuous lambda scan over mode-equivalent range i,j=0..64"
0.175,67.48898101312523,4.833333333333334,0.6416666666666666,0.16622458001768367,False,-0.33890399899549895,-5.547190643;-0.6987794556;-0.338903999,0;0;0,True,"continuous lambda scan over mode-equivalent range i,j=0..64"
0.175,67.82642591819085,4.833333333333334,0.6416666666666666,0.16622458001768367,False,-0.34058531891790844,-5.55056516;-0.7021597418;-0.3405853189,0;0;0,True,"continuous lambda scan over mode-equivalent range i,j=0..64"
0.175,68.16387082325647,4.833333333333334,0.6416666666666666,0.16622458001768367,False,-0.34226669329547965,-5.553939676;-0.7055399736;-0.3422666933,0;0;0,True,"continuous lambda scan over mode-equivalent range i,j=0..64"
0.175,68.50131572832211,4.833333333333334,0.6416666666666666,0.16622458001768367,False,-0.34394812136835,-5.557314193;-0.7089201518;-0.3439481214,0;0;0,True,"continuous lambda scan over mode-equivalent range i,j=0..64"
0.175,68.83876063338774,4.833333333333334,0.6416666666666666,0.16622458001768367,False,-0.34562960239078583,-5.560688709;-0.7123002771;-0.3456296024,0;0;0,True,"continuous lambda scan over mode-equivalent range i,j=0..64"
0.175,69.17620553845336,4.833333333333334,0.6416666666666666,0.16622458001768367,False,-0.34731113563085314,-5.564063225;-0.7156803501;-0.3473111356,0;0;0,True,"continuous lambda scan over mode-equivalent range i,j=0..64"
0.175,69.51365044351898,4.833333333333334,0.6416666666666666,0.16622458001768367,False,-0.3489927203701001,-5.567437742;-0.7190603718;-0.3489927204,0;0;0,True,"continuous lambda scan over mode-equivalent range i,j=0..64"
0.175,69.85109534858461,4.833333333333334,0.6416666666666666,0.16622458001768367,False,-0.3506743559032466,-5.570812258;-0.7224403427;-0.3506743559,0;0;0,True,"continuous lambda scan over mode-equivalent range i,j=0..64"
0.175,70.18854025365023,4.833333333333334,0.6416666666666666,0.16622458001768367,False,-0.3523560415378822,-5.574186774;-0.7258202635;-0.3523560415,0;0;0,True,"continuous lambda scan over mode-equivalent range i,j=0..64"
0.175,70.52598515871586,4.833333333333334,0.6416666666666666,0.16622458001768367,False,-0.3540377765941739,-5.57756129;-0.7292001349;-0.3540377766,0;0;0,True,"continuous lambda scan over mode-equivalent range i,j=0..64"
0.175,70.8634300637815,4.833333333333334,0.6416666666666666,0.16622458001768367,False,-0.3557195604045806,-5.580935806;-0.7325799576;-0.3557195604,0;0;0,True,"continuous lambda scan over mode-equivalent range i,j=0..64"
0.175,71.20087496884712,4.833333333333334,0.6416666666666666,0.16622458001768367,False,-0.357401392313575,-5.584310322;-0.7359597323;-0.3574013923,0;0;0,True,"continuous lambda scan over mode-equivalent range i,j=0..64"
0.175,71.53831987391274,4.833333333333334,0.6416666666666666,0.16622458001768367,False,-0.3590832716773751,-5.587684838;-0.7393394596;-0.3590832717,0;0;0,True,"continuous lambda scan over mode-equivalent range i,j=0..64"
0.175,71.87576477897836,4.833333333333334,0.6416666666666666,0.16622458001768367,False,-0.3607651978636804,-5.591059354;-0.7427191401;-0.3607651979,0;0;0,True,"continuous lambda scan over mode-equivalent range i,j=0..64"
0.175,72.21320968404399,4.833333333333334,0.6416666666666666,0.16622458001768367,False,-0.3624471702514163,-5.59443387;-0.7460987744;-0.3624471703,0;0;0,True,"continuous lambda scan over mode-equivalent range i,j=0..64"
0.175,72.55065458910961,4.833333333333334,0.6416666666666666,0.16622458001768367,False,-0.3641291882304863,-5.597808386;-0.7494783632;-0.3641291882,0;0;0,True,"continuous lambda scan over mode-equivalent range i,j=0..64"
0.175,72.88809949417525,4.833333333333334,0.6416666666666666,0.16622458001768367,False,-0.36581125120152874,-5.601182902;-0.752857907;-0.3658112512,0;0;0,True,"continuous lambda scan over mode-equivalent range i,j=0..64"
0.175,73.22554439924087,4.833333333333334,0.6416666666666666,0.16622458001768367,False,-0.36749335857568133,-5.604557418;-0.7562374065;-0.3674933586,0;0;0,True,"continuous lambda scan over mode-equivalent range i,j=0..64"
0.175,73.5629893043065,4.833333333333334,0.6416666666666666,0.16622458001768367,False,-0.369175509774352,-5.607931933;-0.7596168622;-0.3691755098,0;0;0,True,"continuous lambda scan over mode-equivalent range i,j=0..64"
0.175,73.90043420937212,4.833333333333334,0.6416666666666666,0.16622458001768367,False,-0.37085770422899467,-5.611306449;-0.7629962747;-0.3708577042,0;0;0,True,"continuous lambda scan over mode-equivalent range i,j=0..64"
0.175,74.23787911443775,4.833333333333334,0.6416666666666666,0.16622458001768367,False,-0.37253994138089186,-5.614680965;-0.7663756445;-0.3725399414,0;0;0,True,"continuous lambda scan over mode-equivalent range i,j=0..64"
0.175,74.57532401950337,4.833333333333334,0.6416666666666666,0.16622458001768367,False,-0.374222220680943,-5.61805548;-0.7697549722;-0.3742222207,0;0;0,True,"continuous lambda scan over mode-equivalent range i,j=0..64"
0.175,74.91276892456901,4.833333333333334,0.6416666666666666,0.16622458001768367,False,-0.3759045415894567,-5.621429996;-0.7731342583;-0.3759045416,0;0;0,True,"continuous lambda scan over mode-equivalent range i,j=0..64"
0.175,75.25021382963463,4.833333333333334,0.6416666666666666,0.16622458001768367,False,-0.3775869035759507,-5.624804511;-0.7765135035;-0.3775869036,0;0;0,True,"continuous lambda scan over mode-equivalent range i,j=0..64"
0.175,75.58765873470026,4.833333333333334,0.6416666666666666,0.16622458001768367,False,-0.37926930611895493,-5.628179027;-0.7798927081;-0.3792693061,0;0;0,True,"continuous lambda scan over mode-equivalent range i,j=0..64"
0.175,75.92510363976588,4.833333333333334,0.6416666666666666,0.16622458001768367,False,-0.380951748705821,-5.631553542;-0.7832718727;-0.3809517487,0;0;0,True,"continuous lambda scan over mode-equivalent range i,j=0..64"
0.175,76.2625485448315,4.833333333333334,0.6416666666666666,0.16622458001768367,False,-0.3826342308325352,-5.634928058;-0.7866509978;-0.3826342308,0;0;0,True,"continuous lambda scan over mode-equivalent range i,j=0..64"
0.175,76.59999344989713,4.833333333333334,0.6416666666666666,0.16622458001768367,False,-0.3843167520035378,-5.638302573;-0.7900300839;-0.384316752,0;0;0,True,"continuous lambda scan over mode-equivalent range i,j=0..64"
0.175,76.93743835496277,4.833333333333334,0.6416666666666666,0.16622458001768367,False,-0.38599931173154534,-5.641677088;-0.7934091315;-0.3859993117,0;0;0,True,"continuous lambda scan over mode-equivalent range i,j=0..64"
0.175,77.27488326002839,4.833333333333334,0.6416666666666666,0.16622458001768367,False,-0.38768190953737847,-5.645051604;-0.796788141;-0.3876819095,0;0;0,True,"continuous lambda scan over mode-equivalent range i,j=0..64"
0.175,77.61232816509401,4.833333333333334,0.6416666666666666,0.16622458001768367,False,-0.3893645449497937,-5.648426119;-0.800167113;-0.3893645449,0;0;0,True,"continuous lambda scan over mode-equivalent range i,j=0..64"
0.175,77.94977307015964,4.833333333333334,0.6416666666666666,0.16622458001768367,False,-0.3910472175053192,-5.651800634;-0.8035460479;-0.3910472175,0;0;0,True,"continuous lambda scan over mode-equivalent range i,j=0..64"
0.175,78.28721797522526,4.833333333333334,0.6416666666666666,0.16622458001768367,False,-0.3927299267480951,-5.655175149;-0.8069249461;-0.3927299267,0;0;0,True,"continuous lambda scan over mode-equivalent range i,j=0..64"
0.175,78.62466288029088,4.833333333333334,0.6416666666666666,0.16622458001768367,False,-0.39441267222971704,-5.658549664;-0.8103038082;-0.3944126722,0;0;0,True,"continuous lambda scan over mode-equivalent range i,j=0..64"
0.175,78.96210778535651,4.833333333333334,0.6416666666666666,0.16622458001768367,False,-0.3960954535090843,-5.661924179;-0.8136826345;-0.3960954535,0;0;0,True,"continuous lambda scan over mode-equivalent range i,j=0..64"
0.175,79.29955269042215,4.833333333333334,0.6416666666666666,0.16622458001768367,False,-0.3977782701522515,-5.665298694;-0.8170614254;-0.3977782702,0;0;0,True,"continuous lambda scan over mode-equivalent range i,j=0..64"
0.175,79.63699759548777,4.833333333333334,0.6416666666666666,0.16622458001768367,False,-0.3994611217322829,-5.668673209;-0.8204401815;-0.3994611217,0;0;0,True,"continuous lambda scan over mode-equivalent range i,j=0..64"
0.175,79.9744425005534,4.833333333333334,0.6416666666666666,0.16622458001768367,False,-0.401144007829112,-5.672047724;-0.8238189031;-0.4011440078,0;0;0,True,"continuous lambda scan over mode-equivalent range i,j=0..64"
0.175,80.31188740561902,4.833333333333334,0.6416666666666666,0.16622458001768367,False,-0.4028269280294032,-5.675422239;-0.8271975906;-0.402826928,0;0;0,True,"continuous lambda scan over mode-equivalent range i,j=0..64"
0.175,80.64933231068464,4.833333333333334,0.6416666666666666,0.16622458001768367,False,-0.404509881926417,-5.678796754;-0.8305762445;-0.4045098819,0;0;0,True,"continuous lambda scan over mode-equivalent range i,j=0..64"
0.175,80.98677721575027,4.833333333333334,0.6416666666666666,0.16622458001768367,False,-0.4061928691198789,-5.682171269;-0.8339548652;-0.4061928691,0;0;0,True,"continuous lambda scan over mode-equivalent range i,j=0..64"
0.175,81.3242221208159,4.833333333333334,0.6416666666666666,0.16622458001768367,False,-0.4078758892158512,-5.685545784;-0.8373334529;-0.4078758892,0;0;0,True,"continuous lambda scan over mode-equivalent range i,j=0..64"
0.175,81.66166702588153,4.833333333333334,0.6416666666666666,0.16622458001768367,False,-0.4095589418266074,-5.688920298;-0.8407120082;-0.4095589418,0;0;0,True,"continuous lambda scan over mode-equivalent range i,j=0..64"
0.175,81.99911193094715,4.833333333333334,0.6416666666666666,0.16622458001768367,False,-0.4112420265705103,-5.692294813;-0.8440905314;-0.4112420266,0;0;0,True,"continuous lambda scan over mode-equivalent range i,j=0..64"
0.175,82.33655683601278,4.833333333333334,0.6416666666666666,0.16622458001768367,False,-0.4129251430718925,-5.695669328;-0.8474690229;-0.4129251431,0;0;0,True,"continuous lambda scan over mode-equivalent range i,j=0..64"
0.175,82.6740017410784,4.833333333333334,0.6416666666666666,0.16622458001768367,False,-0.41460829096094,-5.699043842;-0.8508474831;-0.414608291,0;0;0,True,"continuous lambda scan over mode-equivalent range i,j=0..64"
0.175,83.01144664614402,4.833333333333334,0.6416666666666666,0.16622458001768367,False,-0.41629146987357807,-5.702418357;-0.8542259122;-0.4162914699,0;0;0,True,"continuous lambda scan over mode-equivalent range i,j=0..64"
0.175,83.34889155120966,4.833333333333334,0.6416666666666666,0.16622458001768367,False,-0.41797467945136035,-5.705792871;-0.8576043108;-0.4179746795,0;0;0,True,"continuous lambda scan over mode-equivalent range i,j=0..64"
0.175,83.68633645627528,4.833333333333334,0.6416666666666666,0.16622458001768367,False,-0.4196579193413603,-5.709167386;-0.860982679;-0.4196579193,0;0;0,True,"continuous lambda scan over mode-equivalent range i,j=0..64"
0.175,84.02378136134091,4.833333333333334,0.6416666666666666,0.16622458001768367,False,-0.4213411891960647,-5.7125419;-0.8643610174;-0.4213411892,0;0;0,True,"continuous lambda scan over mode-equivalent range i,j=0..64"
0.175,84.36122626640653,4.833333333333334,0.6416666666666666,0.16622458001768367,False,-0.4230244886732703,-5.715916414;-0.8677393261;-0.4230244887,0;0;0,True,"continuous lambda scan over mode-equivalent range i,j=0..64"
0.175,84.69867117147216,4.833333333333334,0.6416666666666666,0.16622458001768367,False,-0.4247078174359827,-5.719290929;-0.8711176057;-0.4247078174,0;0;0,True,"continuous lambda scan over mode-equivalent range i,j=0..64"
0.175,85.03611607653778,4.833333333333334,0.6416666666666666,0.16622458001768367,False,-0.4263911751523171,-5.722665443;-0.8744958563;-0.4263911752,0;0;0,True,"continuous lambda scan over mode-equivalent range i,j=0..64"
0.175,85.37356098160342,4.833333333333334,0.6416666666666666,0.16622458001768367,False,-0.42807456149540174,-5.726039957;-0.8778740783;-0.4280745615,0;0;0,True,"continuous lambda scan over mode-equivalent range i,j=0..64"
0.175,85.71100588666904,4.833333333333334,0.6416666666666666,0.16622458001768367,False,-0.4297579761432832,-5.729414472;-0.8812522721;-0.4297579761,0;0;0,True,"continuous lambda scan over mode-equivalent range i,j=0..64"
0.175,86.04845079173467,4.833333333333334,0.6416666666666666,0.16622458001768367,False,-0.4314414187788345,-5.732788986;-0.8846304379;-0.4314414188,0;0;0,True,"continuous lambda scan over mode-equivalent range i,j=0..64"
0.175,86.38589569680029,4.833333333333334,0.6416666666666666,0.16622458001768367,False,-0.43312488908966446,-5.7361635;-0.888008576;-0.4331248891,0;0;0,True,"continuous lambda scan over mode-equivalent range i,j=0..64"
0.175,86.72334060186591,4.833333333333334,0.6416666666666666,0.16622458001768367,False,-0.43480838676802896,-5.739538014;-0.8913866869;-0.4348083868,0;0;0,True,"continuous lambda scan over mode-equivalent range i,j=0..64"
0.175,87.06078550693154,4.833333333333334,0.6416666666666666,0.16622458001768367,False,-0.4364919115107459,-5.742912528;-0.8947647707;-0.4364919115,0;0;0,True,"continuous lambda scan over mode-equivalent range i,j=0..64"
0.175,87.39823041199716,4.833333333333334,0.6416666666666666,0.16622458001768367,False,-0.43817546301910953,-5.746287042;-0.8981428278;-0.438175463,0;0;0,True,"continuous lambda scan over mode-equivalent range i,j=0..64"
0.175,87.7356753170628,4.833333333333334,0.6416666666666666,0.16622458001768367,False,-0.43985904099880874,-5.749661556;-0.9015208585;-0.439859041,0;0;0,True,"continuous lambda scan over mode-equivalent range i,j=0..64"
0.175,88.07312022212842,4.833333333333334,0.6416666666666666,0.16622458001768367,False,-0.4415426451598457,-5.75303607;-0.904898863;-0.4415426452,0;0;0,True,"continuous lambda scan over mode-equivalent range i,j=0..64"
0.175,88.41056512719405,4.833333333333334,0.6416666666666666,0.16622458001768367,False,-0.443226275216458,-5.756410584;-0.9082768417;-0.4432262752,0;0;0,True,"continuous lambda scan over mode-equivalent range i,j=0..64"
0.175,88.74801003225967,4.833333333333334,0.6416666666666666,0.16622458001768367,False,-0.44490993088704023,-5.759785098;-0.9116547948;-0.4449099309,0;0;0,True,"continuous lambda scan over mode-equivalent range i,j=0..64"
0.175,89.0854549373253,4.833333333333334,0.6416666666666666,0.16622458001768367,False,-0.4465936118940693,-5.763159612;-0.9150327227;-0.4465936119,0;0;0,True,"continuous lambda scan over mode-equivalent range i,j=0..64"
0.175,89.42289984239092,4.833333333333334,0.6416666666666666,0.16622458001768367,False,-0.4482773179640306,-5.766534125;-0.9184106254;-0.448277318,0;0;0,True,"continuous lambda scan over mode-equivalent range i,j=0..64"
0.175,89.76034474745656,4.833333333333334,0.6416666666666666,0.16622458001768367,False,-0.44996104882734494,-5.769908639;-0.9217885035;-0.4499610488,0;0;0,True,"continuous lambda scan over mode-equivalent range i,j=0..64"
0.175,90.09778965252218,4.833333333333334,0.6416666666666666,0.16622458001768367,False,-0.4516448042182988,-5.773283153;-0.925166357;-0.4516448042,0;0;0,True,"continuous lambda scan over mode-equivalent range i,j=0..64"
0.175,90.4352345575878,4.833333333333334,0.6416666666666666,0.16622458001768367,False,-0.45332858387497477,-5.776657666;-0.9285441864;-0.4533285839,0;0;0,True,"continuous lambda scan over mode-equivalent range i,j=0..64"
0.175,90.77267946265343,4.833333333333334,0.6416666666666666,0.16622458001768367,False,-0.45501238753918355,-5.78003218;-0.9319219917;-0.4550123875,0;0;0,True,"continuous lambda scan over mode-equivalent range i,j=0..64"
0.175,91.11012436771905,4.833333333333334,0.6416666666666666,0.16622458001768367,False,-0.45669621495639856,-5.783406694;-0.9352997734;-0.456696215,0;0;0,True,"continuous lambda scan over mode-equivalent range i,j=0..64"
0.175,91.44756927278468,4.833333333333334,0.6416666666666666,0.16622458001768367,False,-0.45838006587568986,-5.786781207;-0.9386775316;-0.4583800659,0;0;0,True,"continuous lambda scan over mode-equivalent range i,j=0..64"
0.175,91.78501417785031,4.833333333333334,0.6416666666666666,0.16622458001768367,False,-0.46006394004966206,-5.790155721;-0.9420552665;-0.46006394,0;0;0,True,"continuous lambda scan over mode-equivalent range i,j=0..64"
0.175,92.12245908291594,4.833333333333334,0.6416666666666666,0.16622458001768367,False,-0.46174783723439106,-5.793530234;-0.9454329785;-0.4617478372,0;0;0,True,"continuous lambda scan over mode-equivalent range i,j=0..64"
0.175,92.45990398798156,4.833333333333334,0.6416666666666666,0.16622458001768367,False,-0.46343175718936375,-5.796904747;-0.9488106678;-0.4634317572,0;0;0,True,"continuous lambda scan over mode-equivalent range i,j=0..64"
0.175,92.79734889304719,4.833333333333334,0.6416666666666666,0.16622458001768367,False,-0.4651156996774189,-5.800279261;-0.9521883346;-0.4651156997,0;0;0,True,"continuous lambda scan over mode-equivalent range i,j=0..64"
0.175,93.13479379811281,4.833333333333334,0.6416666666666666,0.16622458001768367,False,-0.4667996644646878,-5.803653774;-0.9555659791;-0.4667996645,0;0;0,True,"continuous lambda scan over mode-equivalent range i,j=0..64"
0.175,93.47223870317843,4.833333333333334,0.6416666666666666,0.16622458001768367,False,-0.4684836513205381,-5.807028287;-0.9589436016;-0.4684836513,0;0;0,True,"continuous lambda scan over mode-equivalent range i,j=0..64"
0.175,93.80968360824407,4.833333333333334,0.6416666666666666,0.16622458001768367,False,-0.47016766001751775,-5.810402801;-0.9623212023;-0.47016766,0;0;0,True,"continuous lambda scan over mode-equivalent range i,j=0..64"
0.175,94.1471285133097,4.833333333333334,0.6416666666666666,0.16622458001768367,False,-0.47185169033129964,-5.813777314;-0.9656987814;-0.4718516903,0;0;0,True,"continuous lambda scan over mode-equivalent range i,j=0..64"
0.175,94.48457341837532,4.833333333333334,0.6416666666666666,0.16622458001768367,False,-0.4735357420406291,-5.817151827;-0.9690763392;-0.473535742,0;0;0,True,"continuous lambda scan over mode-equivalent range i,j=0..64"
0.175,94.82201832344094,4.833333333333334,0.6416666666666666,0.16622458001768367,False,-0.4752198149272704,-5.82052634;-0.9724538758;-0.4752198149,0;0;0,True,"continuous lambda scan over mode-equivalent range i,j=0..64"
0.175,95.15946322850657,4.833333333333334,0.6416666666666666,0.16622458001768367,False,-0.47690390877595573,-5.823900853;-0.9758313915;-0.4769039088,0;0;0,True,"continuous lambda scan over mode-equivalent range i,j=0..64"
0.175,95.49690813357219,4.833333333333334,0.6416666666666666,0.16622458001768367,False,-0.478588023374335,-5.827275366;-0.9792088865;-0.4785880234,0;0;0,True,"continuous lambda scan over mode-equivalent range i,j=0..64"
0.175,95.83435303863781,4.833333333333334,0.6416666666666666,0.16622458001768367,False,-0.4802721585129261,-5.830649879;-0.982586361;-0.4802721585,0;0;0,True,"continuous lambda scan over mode-equivalent range i,j=0..64"
0.175,96.17179794370345,4.833333333333334,0.6416666666666666,0.16622458001768367,False,-0.4819563139850667,-5.834024392;-0.9859638152;-0.481956314,0;0;0,True,"continuous lambda scan over mode-equivalent range i,j=0..64"
0.175,96.50924284876908,4.833333333333334,0.6416666666666666,0.16622458001768367,False,-0.48364048958686723,-5.837398905;-0.9893412493;-0.4836404896,0;0;0,True,"continuous lambda scan over mode-equivalent range i,j=0..64"
0.175,96.8466877538347,4.833333333333334,0.6416666666666666,0.16622458001768367,False,-0.48532468511716365,-5.840773418;-0.9927186636;-0.4853246851,0;0;0,True,"continuous lambda scan over mode-equivalent range i,j=0..64"
0.175,97.18413265890032,4.833333333333334,0.6416666666666666,0.16622458001768367,False,-0.4870089003774728,-5.844147931;-0.9960960581;-0.4870089004,0;0;0,True,"continuous lambda scan over mode-equivalent range i,j=0..64"
0.175,97.52157756396595,4.833333333333334,0.6416666666666666,0.16622458001768367,False,-0.4886931351719473,-5.847522443;-0.9994734331;-0.4886931352,0;0;0,True,"continuous lambda scan over mode-equivalent range i,j=0..64"
0.175,97.85902246903157,4.833333333333334,0.6416666666666666,0.16622458001768367,False,-0.4903773893073321,-5.850896956;-1.002850789;-0.4903773893,0;0;0,True,"continuous lambda scan over mode-equivalent range i,j=0..64"
0.175,98.19646737409721,4.833333333333334,0.6416666666666666,0.16622458001768367,False,-0.49206166259292156,-5.854271469;-1.006228126;-0.4920616626,0;0;0,True,"continuous lambda scan over mode-equivalent range i,j=0..64"
0.175,98.53391227916283,4.833333333333334,0.6416666666666666,0.16622458001768367,False,-0.4937459548405175,-5.857645982;-1.009605443;-0.4937459548,0;0;0,True,"continuous lambda scan over mode-equivalent range i,j=0..64"
0.175,98.87135718422846,4.833333333333334,0.6416666666666666,0.16622458001768367,False,-0.4954302658643876,-5.861020494;-1.012982742;-0.4954302659,0;0;0,True,"continuous lambda scan over mode-equivalent range i,j=0..64"
0.175,99.20880208929408,4.833333333333334,0.6416666666666666,0.16622458001768367,False,-0.4971145954812263,-5.864395007;-1.016360023;-0.4971145955,0;0;0,True,"continuous lambda scan over mode-equivalent range i,j=0..64"
0.175,99.5462469943597,4.833333333333334,0.6416666666666666,0.16622458001768367,False,-0.4987989435101139,-5.867769519;-1.019737285;-0.4987989435,0;0;0,True,"continuous lambda scan over mode-equivalent range i,j=0..64"
0.175,99.88369189942533,4.833333333333334,0.6416666666666666,0.16622458001768367,False,-0.5004833097724783,-5.871144032;-1.023114529;-0.5004833098,0;0;0,True,"continuous lambda scan over mode-equivalent range i,j=0..64"
0.175,100.22113680449097,4.833333333333334,0.6416666666666666,0.16622458001768367,False,-0.5021676940920573,-5.874518544;-1.026491754;-0.5021676941,0;0;0,True,"continuous lambda scan over mode-equivalent range i,j=0..64"
0.175,100.55858170955659,4.833333333333334,0.6416666666666666,0.16622458001768367,False,-0.5038520962948605,-5.877893057;-1.029868962;-0.5038520963,0;0;0,True,"continuous lambda scan over mode-equivalent range i,j=0..64"
0.175,100.89602661462222,4.833333333333334,0.6416666666666666,0.16622458001768367,False,-0.5055365162091339,-5.881267569;-1.033246153;-0.5055365162,0;0;0,True,"continuous lambda scan over mode-equivalent range i,j=0..64"
0.175,101.23347151968784,4.833333333333334,0.6416666666666666,0.16622458001768367,False,-0.5072209536653226,-5.884642081;-1.036623325;-0.5072209537,0;0;0,True,"continuous lambda scan over mode-equivalent range i,j=0..64"
0.175,101.57091642475346,4.833333333333334,0.6416666666666666,0.16622458001768367,False,-0.5089054084960375,-5.888016594;-1.040000481;-0.5089054085,0;0;0,True,"continuous lambda scan over mode-equivalent range i,j=0..64"
0.175,101.90836132981909,4.833333333333334,0.6416666666666666,0.16622458001768367,False,-0.5105898805360186,-5.891391106;-1.043377619;-0.5105898805,0;0;0,True,"continuous lambda scan over mode-equivalent range i,j=0..64"
0.175,102.24580623488472,4.833333333333334,0.6416666666666666,0.16622458001768367,False,-0.5122743696221029,-5.894765618;-1.046754741;-0.5122743696,0;0;0,True,"continuous lambda scan over mode-equivalent range i,j=0..64"
0.175,102.58325113995035,4.833333333333334,0.6416666666666666,0.16622458001768367,False,-0.5139588755931906,-5.89814013;-1.050131845;-0.5139588756,0;0;0,True,"continuous lambda scan over mode-equivalent range i,j=0..64"
0.175,102.92069604501597,4.833333333333334,0.6416666666666666,0.16622458001768367,False,-0.515643398290212,-5.901514643;-1.053508933;-0.5156433983,0;0;0,True,"continuous lambda scan over mode-equivalent range i,j=0..64"
0.175,103.2581409500816,4.833333333333334,0.6416666666666666,0.16622458001768367,False,-0.5173279375560966,-5.904889155;-1.056886004;-0.5173279376,0;0;0,True,"continuous lambda scan over mode-equivalent range i,j=0..64"
0.175,103.59558585514722,4.833333333333334,0.6416666666666666,0.16622458001768367,False,-0.5190124932357415,-5.908263667;-1.060263059;-0.5190124932,0;0;0,True,"continuous lambda scan over mode-equivalent range i,j=0..64"
0.175,103.93303076021284,4.833333333333334,0.6416666666666666,0.16622458001768367,False,-0.5206970651759792,-5.911638179;-1.063640098;-0.5206970652,0;0;0,True,"continuous lambda scan over mode-equivalent range i,j=0..64"
0.175,104.27047566527847,4.833333333333334,0.6416666666666666,0.16622458001768367,False,-0.5223816532255499,-5.915012691;-1.06701712;-0.5223816532,0;0;0,True,"continuous lambda scan over mode-equivalent range i,j=0..64"
0.175,104.6079205703441,4.833333333333334,0.6416666666666666,0.16622458001768367,False,-0.5240662572350697,-5.918387203;-1.070394127;-0.5240662572,0;0;0,True,"continuous lambda scan over mode-equivalent range i,j=0..64"
0.175,104.94536547540973,4.833333333333334,0.6416666666666666,0.16622458001768367,False,-0.5257508770570027,-5.921761715;-1.073771118;-0.5257508771,0;0;0,True,"continuous lambda scan over mode-equivalent range i,j=0..64"
0.175,105.28281038047535,4.833333333333334,0.6416666666666666,0.16622458001768367,False,-0.5274355125456323,-5.925136227;-1.077148093;-0.5274355125,0;0;0,True,"continuous lambda scan over mode-equivalent range i,j=0..64"
0.175,105.62025528554098,4.833333333333334,0.6416666666666666,0.16622458001768367,False,-0.529120163557033,-5.928510738;-1.080525053;-0.5291201636,0;0;0,True,"continuous lambda scan over mode-equivalent range i,j=0..64"
0.175,105.9577001906066,4.833333333333334,0.6416666666666666,0.16622458001768367,False,-0.5308048299490423,-5.93188525;-1.083901997;-0.5308048299,0;0;0,True,"continuous lambda scan over mode-equivalent range i,j=0..64"
0.175,106.29514509567223,4.833333333333334,0.6416666666666666,0.16622458001768367,False,-0.532489511581236,-5.935259762;-1.087278926;-0.5324895116,0;0;0,True,"continuous lambda scan over mode-equivalent range i,j=0..64"
0.175,106.63259000073786,4.833333333333334,0.6416666666666666,0.16622458001768367,False,-0.5341742083148988,-5.938634274;-1.090655841;-0.5341742083,0;0;0,True,"continuous lambda scan over mode-equivalent range i,j=0..64"
0.175,106.97003490580349,4.833333333333334,0.6416666666666666,0.16622458001768367,False,-0.535858920013,-5.942008785;-1.09403274;-0.53585892,0;0;0,True,"continuous lambda scan over mode-equivalent range i,j=0..64"
0.175,107.30747981086911,4.833333333333334,0.6416666666666666,0.16622458001768367,False,-0.5375436465401675,-5.945383297;-1.097409624;-0.5375436465,0;0;0,True,"continuous lambda scan over mode-equivalent range i,j=0..64"
0.175,107.64492471593474,4.833333333333334,0.6416666666666666,0.16622458001768367,False,-0.5392283877626627,-5.948757809;-1.100786494;-0.5392283878,0;0;0,True,"continuous lambda scan over mode-equivalent range i,j=0..64"
0.175,107.98236962100036,4.833333333333334,0.6416666666666666,0.16622458001768367,False,-0.5409131435483571,-5.95213232;-1.104163349;-0.5409131435,0;0;0,True,"continuous lambda scan over mode-equivalent range i,j=0..64"
0.175,108.31981452606598,4.833333333333334,0.6416666666666666,0.16622458001768367,False,-0.5425979137667053,-5.955506832;-1.10754019;-0.5425979138,0;0;0,True,"continuous lambda scan over mode-equivalent range i,j=0..64"
0.175,108.65725943113162,4.833333333333334,0.6416666666666666,0.16622458001768367,False,-0.5442826982887249,-5.958881343;-1.110917017;-0.5442826983,0;0;0,True,"continuous lambda scan over mode-equivalent range i,j=0..64"
0.175,108.99470433619724,4.833333333333334,0.6416666666666666,0.16622458001768367,False,-0.5459674969869699,-5.962255855;-1.114293829;-0.545967497,0;0;0,True,"continuous lambda scan over mode-equivalent range i,j=0..64"
0.175,109.33214924126287,4.833333333333334,0.6416666666666666,0.16622458001768367,False,-0.5476523097355099,-5.965630366;-1.117670628;-0.5476523097,0;0;0,True,"continuous lambda scan over mode-equivalent range i,j=0..64"
0.175,109.66959414632849,4.833333333333334,0.6416666666666666,0.16622458001768367,False,-0.549337136409907,-5.969004877;-1.121047412;-0.5493371364,0;0;0,True,"continuous lambda scan over mode-equivalent range i,j=0..64"
0.175,110.00703905139412,4.833333333333334,0.6416666666666666,0.16622458001768367,False,-0.5510219768871935,-5.972379389;-1.124424183;-0.5510219769,0;0;0,True,"continuous lambda scan over mode-equivalent range i,j=0..64"
0.175,110.34448395645974,4.833333333333334,0.6416666666666666,0.16622458001768367,False,-0.5527068310458502,-5.9757539;-1.12780094;-0.552706831,0;0;0,True,"continuous lambda scan over mode-equivalent range i,j=0..64"
0.175,110.68192886152538,4.833333333333334,0.6416666666666666,0.16622458001768367,False,-0.5543916987657859,-5.979128411;-1.131177684;-0.5543916988,0;0;0,True,"continuous lambda scan over mode-equivalent range i,j=0..64"
0.175,111.019373766591,4.833333333333334,0.6416666666666666,0.16622458001768367,False,-0.5560765799283152,-5.982502923;-1.134554414;-0.5560765799,0;0;0,True,"continuous lambda scan over mode-equivalent range i,j=0..64"
0.175,111.35681867165663,4.833333333333334,0.6416666666666666,0.16622458001768367,False,-0.5577614744161389,-5.985877434;-1.137931131;-0.5577614744,0;0;0,True,"continuous lambda scan over mode-equivalent range i,j=0..64"
0.175,111.69426357672225,4.833333333333334,0.6416666666666666,0.16622458001768367,False,-0.5594463821133236,-5.989251945;-1.141307835;-0.5594463821,0;0;0,True,"continuous lambda scan over mode-equivalent range i,j=0..64"
0.175,112.03170848178787,4.833333333333334,0.6416666666666666,0.16622458001768367,False,-0.5611313029052816,-5.992626456;-1.144684526;-0.5611313029,0;0;0,True,"continuous lambda scan over mode-equivalent range i,j=0..64"
0.175,112.3691533868535,4.833333333333334,0.6416666666666666,0.16622458001768367,False,-0.5628162366787518,-5.996000967;-1.148061204;-0.5628162367,0;0;0,True,"continuous lambda scan over mode-equivalent range i,j=0..64"
0.175,112.70659829191912,4.833333333333334,0.6416666666666666,0.16622458001768367,False,-0.5645011833217799,-5.999375478;-1.151437869;-0.5645011833,0;0;0,True,"continuous lambda scan over mode-equivalent range i,j=0..64"
0.175,113.04404319698476,4.833333333333334,0.6416666666666666,0.16622458001768367,False,-0.5661861427237004,-6.002749989;-1.154814521;-0.5661861427,0;0;0,True,"continuous lambda scan over mode-equivalent range i,j=0..64"
0.175,113.38148810205038,4.833333333333334,0.6416666666666666,0.16622458001768367,False,-0.5678711147751171,-6.0061245;-1.15819116;-0.5678711148,0;0;0,True,"continuous lambda scan over mode-equivalent range i,j=0..64"
0.175,113.71893300711601,4.833333333333334,0.6416666666666666,0.16622458001768367,False,-0.5695560993678859,-6.009499011;-1.161567788;-0.5695560994,0;0;0,True,"continuous lambda scan over mode-equivalent range i,j=0..64"
0.175,114.05637791218163,4.833333333333334,0.6416666666666666,0.16622458001768367,False,-0.571241096395096,-6.012873522;-1.164944402;-0.5712410964,0;0;0,True,"continuous lambda scan over mode-equivalent range i,j=0..64"
0.175,114.39382281724725,4.833333333333334,0.6416666666666666,0.16622458001768367,False,-0.5729261057510535,-6.016248033;-1.168321005;-0.5729261058,0;0;0,True,"continuous lambda scan over mode-equivalent range i,j=0..64"
0.175,114.73126772231288,4.833333333333334,0.6416666666666666,0.16622458001768367,False,-0.5746111273312627,-6.019622543;-1.171697595;-0.5746111273,0;0;0,True,"continuous lambda scan over mode-equivalent range i,j=0..64"
0.175,115.06871262737852,4.833333333333334,0.6416666666666666,0.16622458001768367,False,-0.5762961610324107,-6.022997054;-1.175074173;-0.576296161,0;0;0,True,"continuous lambda scan over mode-equivalent range i,j=0..64"
0.175,115.40615753244414,4.833333333333334,0.6416666666666666,0.16622458001768367,False,-0.5779812067523487,-6.026371565;-1.178450739;-0.5779812068,0;0;0,True,"continuous lambda scan over mode-equivalent range i,j=0..64"
0.175,115.74360243750976,4.833333333333334,0.6416666666666666,0.16622458001768367,False,-0.5796662643900781,-6.029746076;-1.181827294;-0.5796662644,0;0;0,True,"continuous lambda scan over mode-equivalent range i,j=0..64"
0.175,116.08104734257539,4.833333333333334,0.6416666666666666,0.16622458001768367,False,-0.5813513338457316,-6.033120586;-1.185203836;-0.5813513338,0;0;0,True,"continuous lambda scan over mode-equivalent range i,j=0..64"
0.175,116.41849224764101,4.833333333333334,0.6416666666666666,0.16622458001768367,False,-0.5830364150205606,-6.036495097;-1.188580367;-0.583036415,0;0;0,True,"continuous lambda scan over mode-equivalent range i,j=0..64"
0.175,116.75593715270664,4.833333333333334,0.6416666666666666,0.16622458001768367,False,-0.5847215078169156,-6.039869607;-1.191956886;-0.5847215078,0;0;0,True,"continuous lambda scan over mode-equivalent range i,j=0..64"
0.175,117.09338205777227,4.833333333333334,0.6416666666666666,0.16622458001768367,False,-0.5864066121382346,-6.043244118;-1.195333394;-0.5864066121,0;0;0,True,"continuous lambda scan over mode-equivalent range i,j=0..64"
0.175,117.4308269628379,4.833333333333334,0.6416666666666666,0.16622458001768367,False,-0.5880917278890263,-6.046618628;-1.198709891;-0.5880917279,0;0;0,True,"continuous lambda scan over mode-equivalent range i,j=0..64"
0.175,117.76827186790352,4.833333333333334,0.6416666666666666,0.16622458001768367,False,-0.5897768549748547,-6.049993139;-1.202086376;-0.589776855,0;0;0,True,"continuous lambda scan over mode-equivalent range i,j=0..64"
0.175,118.10571677296915,4.833333333333334,0.6416666666666666,0.16622458001768367,False,-0.5914619933023256,-6.053367649;-1.205462849;-0.5914619933,0;0;0,True,"continuous lambda scan over mode-equivalent range i,j=0..64"
0.175,118.44316167803477,4.833333333333334,0.6416666666666666,0.16622458001768367,False,-0.5931471427790728,-6.05674216;-1.208839312;-0.5931471428,0;0;0,True,"continuous lambda scan over mode-equivalent range i,j=0..64"
0.175,118.7806065831004,4.833333333333334,0.6416666666666666,0.16622458001768367,False,-0.5948323033137416,-6.06011667;-1.212215764;-0.5948323033,0;0;0,True,"continuous lambda scan over mode-equivalent range i,j=0..64"
0.175,119.11805148816603,4.833333333333334,0.6416666666666666,0.16622458001768367,False,-0.5965174748159776,-6.06349118;-1.215592205;-0.5965174748,0;0;0,True,"continuous lambda scan over mode-equivalent range i,j=0..64"
0.175,119.45549639323166,4.833333333333334,0.6416666666666666,0.16622458001768367,False,-0.5982026571964115,-6.06686569;-1.218968635;-0.5982026572,0;0;0,True,"continuous lambda scan over mode-equivalent range i,j=0..64"
0.175,119.79294129829728,4.833333333333334,0.6416666666666666,0.16622458001768367,False,-0.5998878503666459,-6.070240201;-1.222345054;-0.5998878504,0;0;0,True,"continuous lambda scan over mode-equivalent range i,j=0..64"
0.175,120.1303862033629,4.833333333333334,0.6416666666666666,0.16622458001768367,False,-0.6015730542392429,-6.073614711;-1.225721463;-0.6015730542,0;0;0,True,"continuous lambda scan over mode-equivalent range i,j=0..64"
0.175,120.46783110842853,4.833333333333334,0.6416666666666666,0.16622458001768367,False,-0.6032582687277095,-6.076989221;-1.229097861;-0.6032582687,0;0;0,True,"continuous lambda scan over mode-equivalent range i,j=0..64"
0.175,120.80527601349415,4.833333333333334,0.6416666666666666,0.16622458001768367,False,-0.604943493746487,-6.080363731;-1.232474248;-0.6049434937,0;0;0,True,"continuous lambda scan over mode-equivalent range i,j=0..64"
0.175,121.14272091855977,4.833333333333334,0.6416666666666666,0.16622458001768367,False,-0.6066287292109364,-6.083738241;-1.235850625;-0.6066287292,0;0;0,True,"continuous lambda scan over mode-equivalent range i,j=0..64"
0.175,121.48016582362541,4.833333333333334,0.6416666666666666,0.16622458001768367,False,-0.608313975037327,-6.087112751;-1.239226992;-0.608313975,0;0;0,True,"continuous lambda scan over mode-equivalent range i,j=0..64"
0.175,121.81761072869104,4.833333333333334,0.6416666666666666,0.16622458001768367,False,-0.609999231142825,-6.090487261;-1.242603349;-0.6099992311,0;0;0,True,"continuous lambda scan over mode-equivalent range i,j=0..64"
0.175,122.15505563375666,4.833333333333334,0.6416666666666666,0.16622458001768367,False,-0.6116844974454791,-6.093861771;-1.245979695;-0.6116844974,0;0;0,True,"continuous lambda scan over mode-equivalent range i,j=0..64"
0.175,122.49250053882228,4.833333333333334,0.6416666666666666,0.16622458001768367,False,-0.6133697738642117,-6.097236281;-1.249356031;-0.6133697739,0;0;0,True,"continuous lambda scan over mode-equivalent range i,j=0..64"
0.175,122.82994544388791,4.833333333333334,0.6416666666666666,0.16622458001768367,False,-0.6150550603188054,-6.100610791;-1.252732357;-0.6150550603,0;0;0,True,"continuous lambda scan over mode-equivalent range i,j=0..64"
0.175,123.16739034895353,4.833333333333334,0.6416666666666666,0.16622458001768367,False,-0.6167403567298921,-6.103985301;-1.256108674;-0.6167403567,0;0;0,True,"continuous lambda scan over mode-equivalent range i,j=0..64"
0.175,123.50483525401917,4.833333333333334,0.6416666666666666,0.16622458001768367,False,-0.618425663018941,-6.107359811;-1.25948498;-0.618425663,0;0;0,True,"continuous lambda scan over mode-equivalent range i,j=0..64"
0.175,123.8422801590848,4.833333333333334,0.6416666666666666,0.16622458001768367,False,-0.6201109791082495,-6.11073432;-1.262861277;-0.6201109791,0;0;0,True,"continuous lambda scan over mode-equivalent range i,j=0..64"
0.175,124.17972506415042,4.833333333333334,0.6416666666666666,0.16622458001768367,False,-0.6217963049209305,-6.11410883;-1.266237564;-0.6217963049,0;0;0,True,"continuous lambda scan over mode-equivalent range i,j=0..64"
0.175,124.51716996921604,4.833333333333334,0.6416666666666666,0.16622458001768367,False,-0.6234816403809025,-6.11748334;-1.269613842;-0.6234816404,0;0;0,True,"continuous lambda scan over mode-equivalent range i,j=0..64"
0.175,124.85461487428167,4.833333333333334,0.6416666666666666,0.16622458001768367,False,-0.6251669854128787,-6.120857849;-1.27299011;-0.6251669854,0;0;0,True,"continuous lambda scan over mode-equivalent range i,j=0..64"
0.175,125.19205977934729,4.833333333333334,0.6416666666666666,0.16622458001768367,False,-0.6268523399423571,-6.124232359;-1.276366368;-0.6268523399,0;0;0,True,"continuous lambda scan over mode-equivalent range i,j=0..64"
0.175,125.52950468441293,4.833333333333334,0.6416666666666666,0.16622458001768367,False,-0.6285377038956099,-6.127606869;-1.279742617;-0.6285377039,0;0;0,True,"continuous lambda scan over mode-equivalent range i,j=0..64"
0.175,125.86694958947855,4.833333333333334,0.6416666666666666,0.16622458001768367,False,-0.6302230771996733,-6.130981378;-1.283118857;-0.6302230772,0;0;0,True,"continuous lambda scan over mode-equivalent range i,j=0..64"
0.175,126.20439449454418,4.833333333333334,0.6416666666666666,0.16622458001768367,False,-0.6319084597823387,-6.134355888;-1.286495087;-0.6319084598,0;0;0,True,"continuous lambda scan over mode-equivalent range i,j=0..64"
0.175,126.5418393996098,4.833333333333334,0.6416666666666666,0.16622458001768367,False,-0.6335938515721411,-6.137730397;-1.289871309;-0.6335938516,0;0;0,True,"continuous lambda scan over mode-equivalent range i,j=0..64"
0.175,126.87928430467542,4.833333333333334,0.6416666666666666,0.16622458001768367,False,-0.6352792524983512,-6.141104907;-1.293247521;-0.6352792525,0;0;0,True,"continuous lambda scan over mode-equivalent range i,j=0..64"
0.175,127.21672920974105,4.833333333333334,0.6416666666666666,0.16622458001768367,False,-0.636964662490965,-6.144479416;-1.296623724;-0.6369646625,0;0;0,True,"continuous lambda scan over mode-equivalent range i,j=0..64"
0.175,127.55417411480668,4.833333333333334,0.6416666666666666,0.16622458001768367,False,-0.6386500814806949,-6.147853925;-1.299999919;-0.6386500815,0;0;0,True,"continuous lambda scan over mode-equivalent range i,j=0..64"
0.175,127.89161901987231,4.833333333333334,0.6416666666666666,0.16622458001768367,False,-0.6403355093989612,-6.151228435;-1.303376104;-0.6403355094,0;0;0,True,"continuous lambda scan over mode-equivalent range i,j=0..64"
0.175,128.22906392493792,4.833333333333334,0.6416666666666666,0.16622458001768367,False,-0.6420209461778807,-6.154602944;-1.306752281;-0.6420209462,0;0;0,True,"continuous lambda scan over mode-equivalent range i,j=0..64"
0.175,128.56650883000356,4.833333333333334,0.6416666666666666,0.16622458001768367,False,-0.6437063917502616,-6.157977453;-1.310128448;-0.6437063918,0;0;0,True,"continuous lambda scan over mode-equivalent range i,j=0..64"
0.175,128.9039537350692,4.833333333333334,0.6416666666666666,0.16622458001768367,False,-0.6453918460495909,-6.161351963;-1.313504607;-0.645391846,0;0;0,True,"continuous lambda scan over mode-equivalent range i,j=0..64"
0.175,129.2413986401348,4.833333333333334,0.6416666666666666,0.16622458001768367,False,-0.647077309010028,-6.164726472;-1.316880758;-0.647077309,0;0;0,True,"continuous lambda scan over mode-equivalent range i,j=0..64"
0.175,129.57884354520044,4.833333333333334,0.6416666666666666,0.16622458001768367,False,-0.6487627805663965,-6.168100981;-1.3202569;-0.6487627806,0;0;0,True,"continuous lambda scan over mode-equivalent range i,j=0..64"
0.175,129.91628845026605,4.833333333333334,0.6416666666666666,0.16622458001768367,False,-0.6504482606541742,-6.17147549;-1.323633033;-0.6504482607,0;0;0,True,"continuous lambda scan over mode-equivalent range i,j=0..64"
0.175,130.2537333553317,4.833333333333334,0.6416666666666666,0.16622458001768367,False,-0.6521337492094861,-6.174849999;-1.327009158;-0.6521337492,0;0;0,True,"continuous lambda scan over mode-equivalent range i,j=0..64"
0.175,130.5911782603973,4.833333333333334,0.6416666666666666,0.16622458001768367,False,-0.6538192461690964,-6.178224508;-1.330385275;-0.6538192462,0;0;0,True,"continuous lambda scan over mode-equivalent range i,j=0..64"
0.175,130.92862316546294,4.833333333333334,0.6416666666666666,0.16622458001768367,False,-0.6555047514703993,-6.181599017;-1.333761383;-0.6555047515,0;0;0,True,"continuous lambda scan over mode-equivalent range i,j=0..64"
0.175,131.26606807052858,4.833333333333334,0.6416666666666666,0.16622458001768367,False,-0.6571902650514131,-6.184973526;-1.337137483;-0.6571902651,0;0;0,True,"continuous lambda scan over mode-equivalent range i,j=0..64"
0.175,131.60351297559419,4.833333333333334,0.6416666666666666,0.16622458001768367,False,-0.6588757868507699,-6.188348035;-1.340513575;-0.6588757869,0;0;0,True,"continuous lambda scan over mode-equivalent range i,j=0..64"
0.175,131.94095788065982,4.833333333333334,0.6416666666666666,0.16622458001768367,False,-0.6605613168077105,-6.191722544;-1.343889659;-0.6605613168,0;0;0,True,"continuous lambda scan over mode-equivalent range i,j=0..64"
0.175,132.27840278572543,4.833333333333334,0.6416666666666666,0.16622458001768367,False,-0.6622468548620758,-6.195097053;-1.347265735;-0.6622468549,0;0;0,True,"continuous lambda scan over mode-equivalent range i,j=0..64"
0.175,132.61584769079107,4.833333333333334,0.6416666666666666,0.16622458001768367,False,-0.6639324009542984,-6.198471561;-1.350641803;-0.663932401,0;0;0,True,"continuous lambda scan over mode-equivalent range i,j=0..64"
0.175,132.9532925958567,4.833333333333334,0.6416666666666666,0.16622458001768367,False,-0.6656179550253974,-6.20184607;-1.354017862;-0.665617955,0;0;0,True,"continuous lambda scan over mode-equivalent range i,j=0..64"
0.175,133.29073750092232,4.833333333333334,0.6416666666666666,0.16622458001768367,False,-0.6673035170169692,-6.205220579;-1.357393914;-0.667303517,0;0;0,True,"continuous lambda scan over mode-equivalent range i,j=0..64"
0.175,133.62818240598796,4.833333333333334,0.6416666666666666,0.16622458001768367,False,-0.6689890868711821,-6.208595088;-1.360769958;-0.6689890869,0;0;0,True,"continuous lambda scan over mode-equivalent range i,j=0..64"
0.175,133.96562731105357,4.833333333333334,0.6416666666666666,0.16622458001768367,False,-0.6706746645307683,-6.211969596;-1.364145995;-0.6706746645,0;0;0,True,"continuous lambda scan over mode-equivalent range i,j=0..64"
0.175,134.3030722161192,4.833333333333334,0.6416666666666666,0.16622458001768367,False,-0.6723602499390169,-6.215344105;-1.367522023;-0.6723602499,0;0;0,True,"continuous lambda scan over mode-equivalent range i,j=0..64"
0.175,134.6405171211848,4.833333333333334,0.6416666666666666,0.16622458001768367,False,-0.6740458430397678,-6.218718614;-1.370898044;-0.674045843,0;0;0,True,"continuous lambda scan over mode-equivalent range i,j=0..64"
0.175,134.97796202625045,4.833333333333334,0.6416666666666666,0.16622458001768367,False,-0.6757314437774053,-6.222093122;-1.374274057;-0.6757314438,0;0;0,True,"continuous lambda scan over mode-equivalent range i,j=0..64"
0.175,135.3154069313161,4.833333333333334,0.6416666666666666,0.16622458001768367,False,-0.6774170520968501,-6.225467631;-1.377650063;-0.6774170521,0;0;0,True,"continuous lambda scan over mode-equivalent range i,j=0..64"
0.175,135.6528518363817,4.833333333333334,0.6416666666666666,0.16622458001768367,False,-0.6791026679435539,-6.228842139;-1.381026061;-0.6791026679,0;0;0,True,"continuous lambda scan over mode-equivalent range i,j=0..64"
0.175,135.99029674144734,4.833333333333334,0.6416666666666666,0.16622458001768367,False,-0.6807882912634933,-6.232216648;-1.384402052;-0.6807882913,0;0;0,True,"continuous lambda scan over mode-equivalent range i,j=0..64"
0.175,136.32774164651295,4.833333333333334,0.6416666666666666,0.16622458001768367,False,-0.6824739220031621,-6.235591156;-1.387778036;-0.682473922,0;0;0,True,"continuous lambda scan over mode-equivalent range i,j=0..64"
0.175,136.66518655157859,4.833333333333334,0.6416666666666666,0.16622458001768367,False,-0.6841595601095672,-6.238965664;-1.391154012;-0.6841595601,0;0;0,True,"continuous lambda scan over mode-equivalent range i,j=0..64"
0.175,137.00263145664422,4.833333333333334,0.6416666666666666,0.16622458001768367,False,-0.68584520553022,-6.242340173;-1.394529981;-0.6858452055,0;0;0,True,"continuous lambda scan over mode-equivalent range i,j=0..64"
0.175,137.34007636170983,4.833333333333334,0.6416666666666666,0.16622458001768367,False,-0.6875308582131328,-6.245714681;-1.397905942;-0.6875308582,0;0;0,True,"continuous lambda scan over mode-equivalent range i,j=0..64"
0.175,137.67752126677547,4.833333333333334,0.6416666666666666,0.16622458001768367,False,-0.6892165181068106,-6.249089189;-1.401281897;-0.6892165181,0;0;0,True,"continuous lambda scan over mode-equivalent range i,j=0..64"
0.175,138.01496617184108,4.833333333333334,0.6416666666666666,0.16622458001768367,False,-0.6909021851602472,-6.252463698;-1.404657844;-0.6909021852,0;0;0,True,"continuous lambda scan over mode-equivalent range i,j=0..64"
0.175,138.35241107690672,4.833333333333334,0.6416666666666666,0.16622458001768367,False,-0.6925878593229188,-6.255838206;-1.408033785;-0.6925878593,0;0;0,True,"continuous lambda scan over mode-equivalent range i,j=0..64"
0.175,138.68985598197233,4.833333333333334,0.6416666666666666,0.16622458001768367,False,-0.6942735405447766,-6.259212714;-1.411409718;-0.6942735405,0;0;0,True,"continuous lambda scan over mode-equivalent range i,j=0..64"
0.175,139.02730088703797,4.833333333333334,0.6416666666666666,0.16622458001768367,False,-0.6959592287762449,-6.262587222;-1.414785644;-0.6959592288,0;0;0,True,"continuous lambda scan over mode-equivalent range i,j=0..64"
0.175,139.3647457921036,4.833333333333334,0.6416666666666666,0.16622458001768367,False,-0.6976449239682116,-6.26596173;-1.418161563;-0.697644924,0;0;0,True,"continuous lambda scan over mode-equivalent range i,j=0..64"
0.175,139.70219069716921,4.833333333333334,0.6416666666666666,0.16622458001768367,False,-0.6993306260720246,-6.269336238;-1.421537476;-0.6993306261,0;0;0,True,"continuous lambda scan over mode-equivalent range i,j=0..64"
0.175,140.03963560223485,4.833333333333334,0.6416666666666666,0.16622458001768367,False,-0.7010163350394871,-6.272710746;-1.424913381;-0.701016335,0;0;0,True,"continuous lambda scan over mode-equivalent range i,j=0..64"
0.175,140.37708050730046,4.833333333333334,0.6416666666666666,0.16622458001768367,False,-0.7027020508228513,-6.276085254;-1.42828928;-0.7027020508,0;0;0,True,"continuous lambda scan over mode-equivalent range i,j=0..64"
0.175,140.7145254123661,4.833333333333334,0.6416666666666666,0.16622458001768367,False,-0.7043877733748132,-6.279459762;-1.431665172;-0.7043877734,0;0;0,True,"continuous lambda scan over mode-equivalent range i,j=0..64"
0.175,141.0519703174317,4.833333333333334,0.6416666666666666,0.16622458001768367,False,-0.7060735026485075,-6.28283427;-1.435041058;-0.7060735026,0;0;0,True,"continuous lambda scan over mode-equivalent range i,j=0..64"
0.175,141.38941522249735,4.833333333333334,0.6416666666666666,0.16622458001768367,False,-0.707759238597503,-6.286208778;-1.438416937;-0.7077592386,0;0;0,True,"continuous lambda scan over mode-equivalent range i,j=0..64"
0.175,141.726860127563,4.833333333333334,0.6416666666666666,0.16622458001768367,False,-0.7094449811757971,-6.289583286;-1.441792809;-0.7094449812,0;0;0,True,"continuous lambda scan over mode-equivalent range i,j=0..64"
0.175,142.0643050326286,4.833333333333334,0.6416666666666666,0.16622458001768367,False,-0.7111307303378103,-6.292957794;-1.445168675;-0.7111307303,0;0;0,True,"continuous lambda scan over mode-equivalent range i,j=0..64"
0.175,142.40174993769423,4.833333333333334,0.6416666666666666,0.16622458001768367,False,-0.7128164860383838,-6.296332301;-1.448544534;-0.712816486,0;0;0,True,"continuous lambda scan over mode-equivalent range i,j=0..64"
0.175,142.73919484275984,4.833333333333334,0.6416666666666666,0.16622458001768367,False,-0.7145022482327706,-6.299706809;-1.451920386;-0.7145022482,0;0;0,True,"continuous lambda scan over mode-equivalent range i,j=0..64"
0.175,143.07663974782548,4.833333333333334,0.6416666666666666,0.16622458001768367,False,-0.716188016876635,-6.303081317;-1.455296233;-0.7161880169,0;0;0,True,"continuous lambda scan over mode-equivalent range i,j=0..64"
0.175,143.41408465289112,4.833333333333334,0.6416666666666666,0.16622458001768367,False,-0.7178737919260448,-6.306455824;-1.458672073;-0.7178737919,0;0;0,True,"continuous lambda scan over mode-equivalent range i,j=0..64"
0.175,143.75152955795673,4.833333333333334,0.6416666666666666,0.16622458001768367,False,-0.7195595733374682,-6.309830332;-1.462047906;-0.7195595733,0;0;0,True,"continuous lambda scan over mode-equivalent range i,j=0..64"
0.175,144.08897446302237,4.833333333333334,0.6416666666666666,0.16622458001768367,False,-0.7212453610677694,-6.31320484;-1.465423734;-0.7212453611,0;0;0,True,"continuous lambda scan over mode-equivalent range i,j=0..64"
0.175,144.42641936808798,4.833333333333334,0.6416666666666666,0.16622458001768367,False,-0.7229311550742028,-6.316579347;-1.468799555;-0.7229311551,0;0;0,True,"continuous lambda scan over mode-equivalent range i,j=0..64"
0.175,144.76386427315362,4.833333333333334,0.6416666666666666,0.16622458001768367,False,-0.7246169553144101,-6.319953855;-1.472175369;-0.7246169553,0;0;0,True,"continuous lambda scan over mode-equivalent range i,j=0..64"
0.175,145.10130917821922,4.833333333333334,0.6416666666666666,0.16622458001768367,False,-0.7263027617464146,-6.323328362;-1.475551178;-0.7263027617,0;0;0,True,"continuous lambda scan over mode-equivalent range i,j=0..64"
0.175,145.43875408328486,4.833333333333334,0.6416666666666666,0.16622458001768367,False,-0.7279885743286185,-6.32670287;-1.478926981;-0.7279885743,0;0;0,True,"continuous lambda scan over mode-equivalent range i,j=0..64"
0.175,145.7761989883505,4.833333333333334,0.6416666666666666,0.16622458001768367,False,-0.7296743930197969,-6.330077377;-1.482302777;-0.729674393,0;0;0,True,"continuous lambda scan over mode-equivalent range i,j=0..64"
0.175,146.1136438934161,4.833333333333334,0.6416666666666666,0.16622458001768367,False,-0.7313602177790941,-6.333451884;-1.485678568;-0.7313602178,0;0;0,True,"continuous lambda scan over mode-equivalent range i,j=0..64"
0.175,146.45108879848175,4.833333333333334,0.6416666666666666,0.16622458001768367,False,-0.7330460485660205,-6.336826392;-1.489054352;-0.7330460486,0;0;0,True,"continuous lambda scan over mode-equivalent range i,j=0..64"
0.175,146.78853370354736,4.833333333333334,0.6416666666666666,0.16622458001768367,False,-0.7347318853404478,-6.340200899;-1.492430131;-0.7347318853,0;0;0,True,"continuous lambda scan over mode-equivalent range i,j=0..64"
0.175,147.125978608613,4.833333333333334,0.6416666666666666,0.16622458001768367,False,-0.7364177280626043,-6.343575406;-1.495805903;-0.7364177281,0;0;0,True,"continuous lambda scan over mode-equivalent range i,j=0..64"
0.175,147.4634235136786,4.833333333333334,0.6416666666666666,0.16622458001768367,False,-0.7381035766930718,-6.346949914;-1.49918167;-0.7381035767,0;0;0,True,"continuous lambda scan over mode-equivalent range i,j=0..64"
0.175,147.80086841874424,4.833333333333334,0.6416666666666666,0.16622458001768367,False,-0.739789431192782,-6.350324421;-1.502557431;-0.7397894312,0;0;0,True,"continuous lambda scan over mode-equivalent range i,j=0..64"
0.175,148.13831332380988,4.833333333333334,0.6416666666666666,0.16622458001768367,False,-0.7414752915230114,-6.353698928;-1.505933186;-0.7414752915,0;0;0,True,"continuous lambda scan over mode-equivalent range i,j=0..64"
0.175,148.4757582288755,4.833333333333334,0.6416666666666666,0.16622458001768367,False,-0.7431611576453783,-6.357073435;-1.509308936;-0.7431611576,0;0;0,True,"continuous lambda scan over mode-equivalent range i,j=0..64"
0.175,148.81320313394113,4.833333333333334,0.6416666666666666,0.16622458001768367,False,-0.7448470295218397,-6.360447942;-1.512684679;-0.7448470295,0;0;0,True,"continuous lambda scan over mode-equivalent range i,j=0..64"
0.175,149.15064803900674,4.833333333333334,0.6416666666666666,0.16622458001768367,False,-0.7465329071146852,-6.363822449;-1.516060417;-0.7465329071,0;0;0,True,"continuous lambda scan over mode-equivalent range i,j=0..64"
0.175,149.48809294407238,4.833333333333334,0.6416666666666666,0.16622458001768367,False,-0.7482187903865367,-6.367196956;-1.51943615;-0.7482187904,0;0;0,True,"continuous lambda scan over mode-equivalent range i,j=0..64"
0.175,149.82553784913802,4.833333333333334,0.6416666666666666,0.16622458001768367,False,-0.7499046793003417,-6.370571463;-1.522811876;-0.7499046793,0;0;0,True,"continuous lambda scan over mode-equivalent range i,j=0..64"
0.175,150.16298275420363,4.833333333333334,0.6416666666666666,0.16622458001768367,False,-0.7515905738193716,-6.37394597;-1.526187597;-0.7515905738,0;0;0,True,"continuous lambda scan over mode-equivalent range i,j=0..64"
0.175,150.50042765926926,4.833333333333334,0.6416666666666666,0.16622458001768367,False,-0.7532764739072176,-6.377320477;-1.529563313;-0.7532764739,0;0;0,True,"continuous lambda scan over mode-equivalent range i,j=0..64"
0.175,150.83787256433487,4.833333333333334,0.6416666666666666,0.16622458001768367,False,-0.754962379527787,-6.380694984;-1.532939023;-0.7549623795,0;0;0,True,"continuous lambda scan over mode-equivalent range i,j=0..64"
0.175,151.1753174694005,4.833333333333334,0.6416666666666666,0.16622458001768367,False,-0.7566482906453006,-6.384069491;-1.536314728;-0.7566482906,0;0;0,True,"continuous lambda scan over mode-equivalent range i,j=0..64"
0.175,151.51276237446612,4.833333333333334,0.6416666666666666,0.16622458001768367,False,-0.7583342072242875,-6.387443998;-1.539690427;-0.7583342072,0;0;0,True,"continuous lambda scan over mode-equivalent range i,j=0..64"
0.175,151.85020727953176,4.833333333333334,0.6416666666666666,0.16622458001768367,False,-0.7600201292295846,-6.390818505;-1.543066121;-0.7600201292,0;0;0,True,"continuous lambda scan over mode-equivalent range i,j=0..64"
0.175,152.1876521845974,4.833333333333334,0.6416666666666666,0.16622458001768367,False,-0.7617060566263304,-6.394193011;-1.546441809;-0.7617060566,0;0;0,True,"continuous lambda scan over mode-equivalent range i,j=0..64"
0.175,152.525097089663,4.833333333333334,0.6416666666666666,0.16622458001768367,False,-0.7633919893799631,-6.397567518;-1.549817492;-0.7633919894,0;0;0,True,"continuous lambda scan over mode-equivalent range i,j=0..64"
0.175,152.86254199472864,4.833333333333334,0.6416666666666666,0.16622458001768367,False,-0.765077927456218,-6.400942025;-1.55319317;-0.7650779275,0;0;0,True,"continuous lambda scan over mode-equivalent range i,j=0..64"
0.175,153.19998689979425,4.833333333333334,0.6416666666666666,0.16622458001768367,False,-0.7667638708211236,-6.404316531;-1.556568843;-0.7667638708,0;0;0,True,"continuous lambda scan over mode-equivalent range i,j=0..64"
0.175,153.5374318048599,4.833333333333334,0.6416666666666666,0.16622458001768367,False,-0.7684498194409974,-6.407691038;-1.55994451;-0.7684498194,0;0;0,True,"continuous lambda scan over mode-equivalent range i,j=0..64"
0.175,153.87487670992553,4.833333333333334,0.6416666666666666,0.16622458001768367,False,-0.7701357732824449,-6.411065545;-1.563320173;-0.7701357733,0;0;0,True,"continuous lambda scan over mode-equivalent range i,j=0..64"
0.175,154.21232161499114,4.833333333333334,0.6416666666666666,0.16622458001768367,False,-0.771821732312355,-6.414440051;-1.56669583;-0.7718217323,0;0;0,True,"continuous lambda scan over mode-equivalent range i,j=0..64"
0.175,154.54976652005678,4.833333333333334,0.6416666666666666,0.16622458001768367,False,-0.7735076964978983,-6.417814558;-1.570071482;-0.7735076965,0;0;0,True,"continuous lambda scan over mode-equivalent range i,j=0..64"
0.175,154.8872114251224,4.833333333333334,0.6416666666666666,0.16622458001768367,False,-0.7751936658065225,-6.421189064;-1.573447128;-0.7751936658,0;0;0,True,"continuous lambda scan over mode-equivalent range i,j=0..64"
0.175,155.22465633018803,4.833333333333334,0.6416666666666666,0.16622458001768367,False,-0.7768796402059506,-6.424563571;-1.57682277;-0.7768796402,0;0;0,True,"continuous lambda scan over mode-equivalent range i,j=0..64"
0.175,155.56210123525364,4.833333333333334,0.6416666666666666,0.16622458001768367,False,-0.7785656196641779,-6.427938077;-1.580198407;-0.7785656197,0;0;0,True,"continuous lambda scan over mode-equivalent range i,j=0..64"
0.175,155.89954614031927,4.833333333333334,0.6416666666666666,0.16622458001768367,False,-0.7802516041494684,-6.431312583;-1.583574039;-0.7802516041,0;0;0,True,"continuous lambda scan over mode-equivalent range i,j=0..64"
0.175,156.2369910453849,4.833333333333334,0.6416666666666666,0.16622458001768367,False,-0.7819375936303531,-6.43468709;-1.586949665;-0.7819375936,0;0;0,True,"continuous lambda scan over mode-equivalent range i,j=0..64"
0.175,156.57443595045052,4.833333333333334,0.6416666666666666,0.16622458001768367,False,-0.7836235880756264,-6.438061596;-1.590325287;-0.7836235881,0;0;0,True,"continuous lambda scan over mode-equivalent range i,j=0..64"
0.175,156.91188085551616,4.833333333333334,0.6416666666666666,0.16622458001768367,False,-0.7853095874543434,-6.441436102;-1.593700904;-0.7853095875,0;0;0,True,"continuous lambda scan over mode-equivalent range i,j=0..64"
0.175,157.24932576058177,4.833333333333334,0.6416666666666666,0.16622458001768367,False,-0.7869955917358173,-6.444810609;-1.597076516;-0.7869955917,0;0;0,True,"continuous lambda scan over mode-equivalent range i,j=0..64"
0.175,157.5867706656474,4.833333333333334,0.6416666666666666,0.16622458001768367,False,-0.7886816008896178,-6.448185115;-1.600452124;-0.7886816009,0;0;0,True,"continuous lambda scan over mode-equivalent range i,j=0..64"
0.175,157.92421557071302,4.833333333333334,0.6416666666666666,0.16622458001768367,False,-0.7903676148855651,-6.451559621;-1.603827726;-0.7903676149,0;0;0,True,"continuous lambda scan over mode-equivalent range i,j=0..64"
0.175,158.26166047577865,4.833333333333334,0.6416666666666666,0.16622458001768367,False,-0.7920536336937322,-6.454934127;-1.607203324;-0.7920536337,0;0;0,True,"continuous lambda scan over mode-equivalent range i,j=0..64"
0.175,158.5991053808443,4.833333333333334,0.6416666666666666,0.16622458001768367,False,-0.7937396572844378,-6.458308633;-1.610578917;-0.7937396573,0;0;0,True,"continuous lambda scan over mode-equivalent range i,j=0..64"
0.175,158.9365502859099,4.833333333333334,0.6416666666666666,0.16622458001768367,False,-0.7954256856282463,-6.461683139;-1.613954505;-0.7954256856,0;0;0,True,"continuous lambda scan over mode-equivalent range i,j=0..64"
0.175,159.27399519097554,4.833333333333334,0.6416666666666666,0.16622458001768367,False,-0.7971117186959645,-6.465057645;-1.617330088;-0.7971117187,0;0;0,True,"continuous lambda scan over mode-equivalent range i,j=0..64"
0.175,159.61144009604115,4.833333333333334,0.6416666666666666,0.16622458001768367,False,-0.7987977564586394,-6.468432151;-1.620705667;-0.7987977565,0;0;0,True,"continuous lambda scan over mode-equivalent range i,j=0..64"
0.175,159.9488850011068,4.833333333333334,0.6416666666666666,0.16622458001768367,False,-0.8004837988875555,-6.471806657;-1.624081242;-0.8004837989,0;0;0,True,"continuous lambda scan over mode-equivalent range i,j=0..64"
0.175,160.28632990617243,4.833333333333334,0.6416666666666666,0.16622458001768367,False,-0.8021698459542315,-6.475181163;-1.627456811;-0.802169846,0;0;0,True,"continuous lambda scan over mode-equivalent range i,j=0..64"
0.175,160.62377481123804,4.833333333333334,0.6416666666666666,0.16622458001768367,False,-0.8038558976304202,-6.478555669;-1.630832376;-0.8038558976,0;0;0,True,"continuous lambda scan over mode-equivalent range i,j=0..64"
0.175,160.96121971630367,4.833333333333334,0.6416666666666666,0.16622458001768367,False,-0.8055419538881041,-6.481930175;-1.634207937;-0.8055419539,0;0;0,True,"continuous lambda scan over mode-equivalent range i,j=0..64"
0.175,161.29866462136928,4.833333333333334,0.6416666666666666,0.16622458001768367,False,-0.8072280146994931,-6.485304681;-1.637583493;-0.8072280147,0;0;0,True,"continuous lambda scan over mode-equivalent range i,j=0..64"
0.175,161.63610952643492,4.833333333333334,0.6416666666666666,0.16622458001768367,False,-0.8089140800370239,-6.488679187;-1.640959044;-0.80891408,0;0;0,True,"continuous lambda scan over mode-equivalent range i,j=0..64"
0.175,161.97355443150053,4.833333333333334,0.6416666666666666,0.16622458001768367,False,-0.8106001498733555,-6.492053692;-1.644334591;-0.8106001499,0;0;0,True,"continuous lambda scan over mode-equivalent range i,j=0..64"
0.175,162.31099933656617,4.833333333333334,0.6416666666666666,0.16622458001768367,False,-0.8122862241813683,-6.495428198;-1.647710134;-0.8122862242,0;0;0,True,"continuous lambda scan over mode-equivalent range i,j=0..64"
0.175,162.6484442416318,4.833333333333334,0.6416666666666666,0.16622458001768367,False,-0.8139723029341622,-6.498802704;-1.651085672;-0.8139723029,0;0;0,True,"continuous lambda scan over mode-equivalent range i,j=0..64"
0.175,162.98588914669742,4.833333333333334,0.6416666666666666,0.16622458001768367,False,-0.8156583861050528,-6.502177209;-1.654461206;-0.8156583861,0;0;0,True,"continuous lambda scan over mode-equivalent range i,j=0..64"
0.175,163.32333405176306,4.833333333333334,0.6416666666666666,0.16622458001768367,False,-0.8173444736675709,-6.505551715;-1.657836735;-0.8173444737,0;0;0,True,"continuous lambda scan over mode-equivalent range i,j=0..64"
0.175,163.66077895682866,4.833333333333334,0.6416666666666666,0.16622458001768367,False,-0.8190305655954591,-6.508926221;-1.66121226;-0.8190305656,0;0;0,True,"continuous lambda scan over mode-equivalent range i,j=0..64"
0.175,163.9982238618943,4.833333333333334,0.6416666666666666,0.16622458001768367,False,-0.8207166618626707,-6.512300726;-1.664587781;-0.8207166619,0;0;0,True,"continuous lambda scan over mode-equivalent range i,j=0..64"
0.175,164.3356687669599,4.833333333333334,0.6416666666666666,0.16622458001768367,False,-0.8224027624433669,-6.515675232;-1.667963298;-0.8224027624,0;0;0,True,"continuous lambda scan over mode-equivalent range i,j=0..64"
0.175,164.67311367202555,4.833333333333334,0.6416666666666666,0.16622458001768367,False,-0.8240888673119148,-6.519049737;-1.67133881;-0.8240888673,0;0;0,True,"continuous lambda scan over mode-equivalent range i,j=0..64"
0.175,165.0105585770912,4.833333333333334,0.6416666666666666,0.16622458001768367,False,-0.8257749764428856,-6.522424243;-1.674714318;-0.8257749764,0;0;0,True,"continuous lambda scan over mode-equivalent range i,j=0..64"
0.175,165.3480034821568,4.833333333333334,0.6416666666666666,0.16622458001768367,False,-0.8274610898110522,-6.525798748;-1.678089822;-0.8274610898,0;0;0,True,"continuous lambda scan over mode-equivalent range i,j=0..64"
0.175,165.68544838722244,4.833333333333334,0.6416666666666666,0.16622458001768367,False,-0.8291472073913876,-6.529173253;-1.681465321;-0.8291472074,0;0;0,True,"continuous lambda scan over mode-equivalent range i,j=0..64"
0.175,166.02289329228805,4.833333333333334,0.6416666666666666,0.16622458001768367,False,-0.830833329159063,-6.532547759;-1.684840817;-0.8308333292,0;0;0,True,"continuous lambda scan over mode-equivalent range i,j=0..64"
0.175,166.36033819735368,4.833333333333334,0.6416666666666666,0.16622458001768367,False,-0.8325194550894455,-6.535922264;-1.688216308;-0.8325194551,0;0;0,True,"continuous lambda scan over mode-equivalent range i,j=0..64"
0.175,166.69778310241932,4.833333333333334,0.6416666666666666,0.16622458001768367,False,-0.8342055851580957,-6.539296769;-1.691591796;-0.8342055852,0;0;0,True,"continuous lambda scan over mode-equivalent range i,j=0..64"
0.175,167.03522800748493,4.833333333333334,0.6416666666666666,0.16622458001768367,False,-0.8358917193407671,-6.542671275;-1.694967279;-0.8358917193,0;0;0,True,"continuous lambda scan over mode-equivalent range i,j=0..64"
0.175,167.37267291255057,4.833333333333334,0.6416666666666666,0.16622458001768367,False,-0.8375778576134032,-6.54604578;-1.698342758;-0.8375778576,0;0;0,True,"continuous lambda scan over mode-equivalent range i,j=0..64"
0.175,167.71011781761618,4.833333333333334,0.6416666666666666,0.16622458001768367,False,-0.8392639999521357,-6.549420285;-1.701718233;-0.839264,0;0;0,True,"continuous lambda scan over mode-equivalent range i,j=0..64"
0.175,168.04756272268182,4.833333333333334,0.6416666666666666,0.16622458001768367,False,-0.8409501463332831,-6.55279479;-1.705093704;-0.8409501463,0;0;0,True,"continuous lambda scan over mode-equivalent range i,j=0..64"
0.175,168.38500762774743,4.833333333333334,0.6416666666666666,0.16622458001768367,False,-0.8426362967333487,-6.556169295;-1.708469171;-0.8426362967,0;0;0,True,"continuous lambda scan over mode-equivalent range i,j=0..64"
0.175,168.72245253281307,4.833333333333334,0.6416666666666666,0.16622458001768367,False,-0.8443224511290185,-6.559543801;-1.711844634;-0.8443224511,0;0;0,True,"continuous lambda scan over mode-equivalent range i,j=0..64"
0.175,169.0598974378787,4.833333333333334,0.6416666666666666,0.16622458001768367,False,-0.84600860949716,-6.562918306;-1.715220093;-0.8460086095,0;0;0,True,"continuous lambda scan over mode-equivalent range i,j=0..64"
0.175,169.3973423429443,4.833333333333334,0.6416666666666666,0.16622458001768367,False,-0.8476947718148192,-6.566292811;-1.718595549;-0.8476947718,0;0;0,True,"continuous lambda scan over mode-equivalent range i,j=0..64"
0.175,169.73478724800995,4.833333333333334,0.6416666666666666,0.16622458001768367,False,-0.8493809380592211,-6.569667316;-1.721971;-0.8493809381,0;0;0,True,"continuous lambda scan over mode-equivalent range i,j=0..64"
0.175,170.07223215307556,4.833333333333334,0.6416666666666666,0.16622458001768367,False,-0.8510671082077655,-6.573041821;-1.725346448;-0.8510671082,0;0;0,True,"continuous lambda scan over mode-equivalent range i,j=0..64"
0.175,170.4096770581412,4.833333333333334,0.6416666666666666,0.16622458001768367,False,-0.8527532822380275,-6.576416326;-1.728721891;-0.8527532822,0;0;0,True,"continuous lambda scan over mode-equivalent range i,j=0..64"
0.175,170.74712196320684,4.833333333333334,0.6416666666666666,0.16622458001768367,False,-0.8544394601277538,-6.57979083;-1.732097331;-0.8544394601,0;0;0,True,"continuous lambda scan over mode-equivalent range i,j=0..64"
0.175,171.08456686827245,4.833333333333334,0.6416666666666666,0.16622458001768367,False,-0.8561256418548624,-6.583165335;-1.735472767;-0.8561256419,0;0;0,True,"continuous lambda scan over mode-equivalent range i,j=0..64"
0.175,171.42201177333808,4.833333333333334,0.6416666666666666,0.16622458001768367,False,-0.8578118273974407,-6.58653984;-1.738848199;-0.8578118274,0;0;0,True,"continuous lambda scan over mode-equivalent range i,j=0..64"
0.175,171.7594566784037,4.833333333333334,0.6416666666666666,0.16622458001768367,False,-0.8594980167337434,-6.589914345;-1.742223628;-0.8594980167,0;0;0,True,"continuous lambda scan over mode-equivalent range i,j=0..64"
0.175,172.09690158346933,4.833333333333334,0.6416666666666666,0.16622458001768367,False,-0.8611842098421916,-6.59328885;-1.745599053;-0.8611842098,0;0;0,True,"continuous lambda scan over mode-equivalent range i,j=0..64"
0.175,172.43434648853494,4.833333333333334,0.6416666666666666,0.16622458001768367,False,-0.8628704067013707,-6.596663354;-1.748974474;-0.8628704067,0;0;0,True,"continuous lambda scan over mode-equivalent range i,j=0..64"
0.175,172.77179139360058,4.833333333333334,0.6416666666666666,0.16622458001768367,False,-0.8645566072900289,-6.600037859;-1.752349891;-0.8645566073,0;0;0,True,"continuous lambda scan over mode-equivalent range i,j=0..64"
0.175,173.10923629866622,4.833333333333334,0.6416666666666666,0.16622458001768367,False,-0.866242811587076,-6.603412364;-1.755725305;-0.8662428116,0;0;0,True,"continuous lambda scan over mode-equivalent range i,j=0..64"
0.175,173.44668120373183,4.833333333333334,0.6416666666666666,0.16622458001768367,False,-0.8679290195715812,-6.606786868;-1.759100715;-0.8679290196,0;0;0,True,"continuous lambda scan over mode-equivalent range i,j=0..64"
0.175,173.78412610879747,4.833333333333334,0.6416666666666666,0.16622458001768367,False,-0.8696152312227725,-6.610161373;-1.762476121;-0.8696152312,0;0;0,True,"continuous lambda scan over mode-equivalent range i,j=0..64"
0.175,174.12157101386308,4.833333333333334,0.6416666666666666,0.16622458001768367,False,-0.8713014465200342,-6.613535878;-1.765851524;-0.8713014465,0;0;0,True,"continuous lambda scan over mode-equivalent range i,j=0..64"
0.175,174.4590159189287,4.833333333333334,0.6416666666666666,0.16622458001768367,False,-0.8729876654429065,-6.616910382;-1.769226923;-0.8729876654,0;0;0,True,"continuous lambda scan over mode-equivalent range i,j=0..64"
0.175,174.79646082399432,4.833333333333334,0.6416666666666666,0.16622458001768367,False,-0.8746738879710831,-6.620284887;-1.772602319;-0.874673888,0;0;0,True,"continuous lambda scan over mode-equivalent range i,j=0..64"
0.175,175.13390572905996,4.833333333333334,0.6416666666666666,0.16622458001768367,False,-0.8763601140844098,-6.623659391;-1.775977711;-0.8763601141,0;0;0,True,"continuous lambda scan over mode-equivalent range i,j=0..64"
0.175,175.4713506341256,4.833333333333334,0.6416666666666666,0.16622458001768367,False,-0.878046343762884,-6.627033896;-1.779353099;-0.8780463438,0;0;0,True,"continuous lambda scan over mode-equivalent range i,j=0..64"
0.175,175.8087955391912,4.833333333333334,0.6416666666666666,0.16622458001768367,False,-0.8797325769866529,-6.6304084;-1.782728484;-0.879732577,0;0;0,True,"continuous lambda scan over mode-equivalent range i,j=0..64"
0.175,176.14624044425685,4.833333333333334,0.6416666666666666,0.16622458001768367,False,-0.8814188137360106,-6.633782904;-1.786103866;-0.8814188137,0;0;0,True,"continuous lambda scan over mode-equivalent range i,j=0..64"
0.175,176.48368534932246,4.833333333333334,0.6416666666666666,0.16622458001768367,False,-0.8831050539913992,-6.637157409;-1.789479244;-0.883105054,0;0;0,True,"continuous lambda scan over mode-equivalent range i,j=0..64"
0.175,176.8211302543881,4.833333333333334,0.6416666666666666,0.16622458001768367,False,-0.8847912977334057,-6.640531913;-1.792854618;-0.8847912977,0;0;0,True,"continuous lambda scan over mode-equivalent range i,j=0..64"
0.175,177.15857515945373,4.833333333333334,0.6416666666666666,0.16622458001768367,False,-0.8864775449427614,-6.643906417;-1.796229989;-0.8864775449,0;0;0,True,"continuous lambda scan over mode-equivalent range i,j=0..64"
0.175,177.49602006451934,4.833333333333334,0.6416666666666666,0.16622458001768367,False,-0.8881637956003401,-6.647280922;-1.799605357;-0.8881637956,0;0;0,True,"continuous lambda scan over mode-equivalent range i,j=0..64"
0.175,177.83346496958498,4.833333333333334,0.6416666666666666,0.16622458001768367,False,-0.8898500496871575,-6.650655426;-1.802980721;-0.8898500497,0;0;0,True,"continuous lambda scan over mode-equivalent range i,j=0..64"
0.175,178.1709098746506,4.833333333333334,0.6416666666666666,0.16622458001768367,False,-0.8915363071843687,-6.65402993;-1.806356082;-0.8915363072,0;0;0,True,"continuous lambda scan over mode-equivalent range i,j=0..64"
0.175,178.50835477971623,4.833333333333334,0.6416666666666666,0.16622458001768367,False,-0.8932225680732682,-6.657404434;-1.80973144;-0.8932225681,0;0;0,True,"continuous lambda scan over mode-equivalent range i,j=0..64"
0.175,178.84579968478184,4.833333333333334,0.6416666666666666,0.16622458001768367,False,-0.8949088323352876,-6.660778938;-1.813106794;-0.8949088323,0;0;0,True,"continuous lambda scan over mode-equivalent range i,j=0..64"
0.175,179.18324458984748,4.833333333333334,0.6416666666666666,0.16622458001768367,False,-0.8965950999519956,-6.664153442;-1.816482145;-0.8965951,0;0;0,True,"continuous lambda scan over mode-equivalent range i,j=0..64"
0.175,179.5206894949131,4.833333333333334,0.6416666666666666,0.16622458001768367,False,-0.8982813709050945,-6.667527946;-1.819857493;-0.8982813709,0;0;0,True,"continuous lambda scan over mode-equivalent range i,j=0..64"
0.175,179.85813439997872,4.833333333333334,0.6416666666666666,0.16622458001768367,False,-0.8999676451764216,-6.67090245;-1.823232837;-0.8999676452,0;0;0,True,"continuous lambda scan over mode-equivalent range i,j=0..64"
0.175,180.19557930504436,4.833333333333334,0.6416666666666666,0.16622458001768367,False,-0.9016539227479469,-6.674276954;-1.826608178;-0.9016539227,0;0;0,True,"continuous lambda scan over mode-equivalent range i,j=0..64"
0.175,180.53302421010997,4.833333333333334,0.6416666666666666,0.16622458001768367,False,-0.9033402036017703,-6.677651458;-1.829983516;-0.9033402036,0;0;0,True,"continuous lambda scan over mode-equivalent range i,j=0..64"
0.175,180.8704691151756,4.833333333333334,0.6416666666666666,0.16622458001768367,False,-0.9050264877201236,-6.681025962;-1.833358851;-0.9050264877,0;0;0,True,"continuous lambda scan over mode-equivalent range i,j=0..64"
0.175,181.20791402024125,4.833333333333334,0.6416666666666666,0.16622458001768367,False,-0.9067127750853666,-6.684400466;-1.836734182;-0.9067127751,0;0;0,True,"continuous lambda scan over mode-equivalent range i,j=0..64"
0.175,181.54535892530686,4.833333333333334,0.6416666666666666,0.16622458001768367,False,-0.9083990656799866,-6.68777497;-1.84010951;-0.9083990657,0;0;0,True,"continuous lambda scan over mode-equivalent range i,j=0..64"
0.175,181.8828038303725,4.833333333333334,0.6416666666666666,0.16622458001768367,False,-0.910085359486599,-6.691149474;-1.843484835;-0.9100853595,0;0;0,True,"continuous lambda scan over mode-equivalent range i,j=0..64"
0.175,182.2202487354381,4.833333333333334,0.6416666666666666,0.16622458001768367,False,-0.9117716564879432,-6.694523978;-1.846860157;-0.9117716565,0;0;0,True,"continuous lambda scan over mode-equivalent range i,j=0..64"
0.175,182.55769364050374,4.833333333333334,0.6416666666666666,0.16622458001768367,False,-0.9134579566668837,-6.697898481;-1.850235476;-0.9134579567,0;0;0,True,"continuous lambda scan over mode-equivalent range i,j=0..64"
0.175,182.89513854556935,4.833333333333334,0.6416666666666666,0.16622458001768367,False,-0.9151442600064077,-6.701272985;-1.853610791;-0.91514426,0;0;0,True,"continuous lambda scan over mode-equivalent range i,j=0..64"
0.175,183.232583450635,4.833333333333334,0.6416666666666666,0.16622458001768367,False,-0.9168305664896256,-6.704647489;-1.856986104;-0.9168305665,0;0;0,True,"continuous lambda scan over mode-equivalent range i,j=0..64"
0.175,183.57002835570063,4.833333333333334,0.6416666666666666,0.16622458001768367,False,-0.9185168760997681,-6.708021992;-1.860361413;-0.9185168761,0;0;0,True,"continuous lambda scan over mode-equivalent range i,j=0..64"
0.175,183.90747326076624,4.833333333333334,0.6416666666666666,0.16622458001768367,False,-0.9202031888201851,-6.711396496;-1.863736719;-0.9202031888,0;0;0,True,"continuous lambda scan over mode-equivalent range i,j=0..64"
0.175,184.24491816583188,4.833333333333334,0.6416666666666666,0.16622458001768367,False,-0.9218895046343477,-6.714771;-1.867112022;-0.9218895046,0;0;0,True,"continuous lambda scan over mode-equivalent range i,j=0..64"
0.175,184.5823630708975,4.833333333333334,0.6416666666666666,0.16622458001768367,False,-0.9235758235258423,-6.718145503;-1.870487323;-0.9235758235,0;0;0,True,"continuous lambda scan over mode-equivalent range i,j=0..64"
0.175,184.91980797596312,4.833333333333334,0.6416666666666666,0.16622458001768367,False,-0.9252621454783736,-6.721520007;-1.87386262;-0.9252621455,0;0;0,True,"continuous lambda scan over mode-equivalent range i,j=0..64"
0.175,185.25725288102873,4.833333333333334,0.6416666666666666,0.16622458001768367,False,-0.9269484704757618,-6.72489451;-1.877237914;-0.9269484705,0;0;0,True,"continuous lambda scan over mode-equivalent range i,j=0..64"
0.175,185.59469778609437,4.833333333333334,0.6416666666666666,0.16622458001768367,False,-0.9286347985019413,-6.728269014;-1.880613205;-0.9286347985,0;0;0,True,"continuous lambda scan over mode-equivalent range i,j=0..64"
0.175,185.93214269116,4.833333333333334,0.6416666666666666,0.16622458001768367,False,-0.9303211295409607,-6.731643517;-1.883988493;-0.9303211295,0;0;0,True,"continuous lambda scan over mode-equivalent range i,j=0..64"
0.175,186.26958759622562,4.833333333333334,0.6416666666666666,0.16622458001768367,False,-0.9320074635769814,-6.735018021;-1.887363778;-0.9320074636,0;0;0,True,"continuous lambda scan over mode-equivalent range i,j=0..64"
0.175,186.60703250129126,4.833333333333334,0.6416666666666666,0.16622458001768367,False,-0.9336938005942758,-6.738392524;-1.890739061;-0.9336938006,0;0;0,True,"continuous lambda scan over mode-equivalent range i,j=0..64"
0.175,186.94447740635687,4.833333333333334,0.6416666666666666,0.16622458001768367,False,-0.9353801405772274,-6.741767027;-1.89411434;-0.9353801406,0;0;0,True,"continuous lambda scan over mode-equivalent range i,j=0..64"
0.175,187.2819223114225,4.833333333333334,0.6416666666666666,0.16622458001768367,False,-0.9370664835103302,-6.745141531;-1.897489616;-0.9370664835,0;0;0,True,"continuous lambda scan over mode-equivalent range i,j=0..64"
0.175,187.61936721648814,4.833333333333334,0.6416666666666666,0.16622458001768367,False,-0.9387528293781856,-6.748516034;-1.90086489;-0.9387528294,0;0;0,True,"continuous lambda scan over mode-equivalent range i,j=0..64"
0.175,187.95681212155375,4.833333333333334,0.6416666666666666,0.16622458001768367,False,-0.9404391781655039,-6.751890537;-1.90424016;-0.9404391782,0;0;0,True,"continuous lambda scan over mode-equivalent range i,j=0..64"
0.175,188.2942570266194,4.833333333333334,0.6416666666666666,0.16622458001768367,False,-0.9421255298571016,-6.75526504;-1.907615428;-0.9421255299,0;0;0,True,"continuous lambda scan over mode-equivalent range i,j=0..64"
0.175,188.631701931685,4.833333333333334,0.6416666666666666,0.16622458001768367,False,-0.9438118844379015,-6.758639544;-1.910990693;-0.9438118844,0;0;0,True,"continuous lambda scan over mode-equivalent range i,j=0..64"
0.175,188.96914683675064,4.833333333333334,0.6416666666666666,0.16622458001768367,False,-0.9454982418929316,-6.762014047;-1.914365955;-0.9454982419,0;0;0,True,"continuous lambda scan over mode-equivalent range i,j=0..64"
0.175,189.30659174181625,4.833333333333334,0.6416666666666666,0.16622458001768367,False,-0.9471846022073236,-6.76538855;-1.917741214;-0.9471846022,0;0;0,True,"continuous lambda scan over mode-equivalent range i,j=0..64"
0.175,189.6440366468819,4.833333333333334,0.6416666666666666,0.16622458001768367,False,-0.9488709653663124,-6.768763053;-1.92111647;-0.9488709654,0;0;0,True,"continuous lambda scan over mode-equivalent range i,j=0..64"
0.175,189.98148155194752,4.833333333333334,0.6416666666666666,0.16622458001768367,False,-0.9505573313552358,-6.772137556;-1.924491724;-0.9505573314,0;0;0,True,"continuous lambda scan over mode-equivalent range i,j=0..64"
0.175,190.31892645701313,4.833333333333334,0.6416666666666666,0.16622458001768367,False,-0.952243700159532,-6.775512059;-1.927866975;-0.9522437002,0;0;0,True,"continuous lambda scan over mode-equivalent range i,j=0..64"
0.175,190.65637136207877,4.833333333333334,0.6416666666666666,0.16622458001768367,False,-0.9539300717647411,-6.778886562;-1.931242223;-0.9539300718,0;0;0,True,"continuous lambda scan over mode-equivalent range i,j=0..64"
0.175,190.99381626714438,4.833333333333334,0.6416666666666666,0.16622458001768367,False,-0.955616446156501,-6.782261065;-1.934617468;-0.9556164462,0;0;0,True,"continuous lambda scan over mode-equivalent range i,j=0..64"
0.175,191.33126117221002,4.833333333333334,0.6416666666666666,0.16622458001768367,False,-0.9573028233205505,-6.785635568;-1.937992711;-0.9573028233,0;0;0,True,"continuous lambda scan over mode-equivalent range i,j=0..64"
0.175,191.66870607727563,4.833333333333334,0.6416666666666666,0.16622458001768367,False,-0.9589892032427252,-6.789010071;-1.94136795;-0.9589892032,0;0;0,True,"continuous lambda scan over mode-equivalent range i,j=0..64"
0.175,192.00615098234127,4.833333333333334,0.6416666666666666,0.16622458001768367,False,-0.9606755859089577,-6.792384574;-1.944743187;-0.9606755859,0;0;0,True,"continuous lambda scan over mode-equivalent range i,j=0..64"
0.175,192.3435958874069,4.833333333333334,0.6416666666666666,0.16622458001768367,False,-0.9623619713052775,-6.795759077;-1.948118422;-0.9623619713,0;0;0,True,"continuous lambda scan over mode-equivalent range i,j=0..64"
0.175,192.68104079247252,4.833333333333334,0.6416666666666666,0.16622458001768367,False,-0.9640483594178095,-6.79913358;-1.951493653;-0.9640483594,0;0;0,True,"continuous lambda scan over mode-equivalent range i,j=0..64"
0.175,193.01848569753815,4.833333333333334,0.6416666666666666,0.16622458001768367,False,-0.9657347502327723,-6.802508082;-1.954868883;-0.9657347502,0;0;0,True,"continuous lambda scan over mode-equivalent range i,j=0..64"
0.175,193.35593060260376,4.833333333333334,0.6416666666666666,0.16622458001768367,False,-0.9674211437364797,-6.805882585;-1.958244109;-0.9674211437,0;0;0,True,"continuous lambda scan over mode-equivalent range i,j=0..64"
0.175,193.6933755076694,4.833333333333334,0.6416666666666666,0.16622458001768367,False,-0.9691075399153377,-6.809257088;-1.961619333;-0.9691075399,0;0;0,True,"continuous lambda scan over mode-equivalent range i,j=0..64"
0.175,194.03082041273504,4.833333333333334,0.6416666666666666,0.16622458001768367,False,-0.9707939387558449,-6.812631591;-1.964994554;-0.9707939388,0;0;0,True,"continuous lambda scan over mode-equivalent range i,j=0..64"
0.175,194.36826531780065,4.833333333333334,0.6416666666666666,0.16622458001768367,False,-0.9724803402445912,-6.816006093;-1.968369772;-0.9724803402,0;0;0,True,"continuous lambda scan over mode-equivalent range i,j=0..64"
0.175,194.7057102228663,4.833333333333334,0.6416666666666666,0.16622458001768367,False,-0.9741667443682573,-6.819380596;-1.971744988;-0.9741667444,0;0;0,True,"continuous lambda scan over mode-equivalent range i,j=0..64"
0.175,195.0431551279319,4.833333333333334,0.6416666666666666,0.16622458001768367,False,-0.9758531511136137,-6.822755098;-1.975120201;-0.9758531511,0;0;0,True,"continuous lambda scan over mode-equivalent range i,j=0..64"
0.175,195.38060003299753,4.833333333333334,0.6416666666666666,0.16622458001768367,False,-0.9775395604675202,-6.826129601;-1.978495412;-0.9775395605,0;0;0,True,"continuous lambda scan over mode-equivalent range i,j=0..64"
0.175,195.71804493806314,4.833333333333334,0.6416666666666666,0.16622458001768367,False,-0.9792259724169251,-6.829504104;-1.98187062;-0.9792259724,0;0;0,True,"continuous lambda scan over mode-equivalent range i,j=0..64"
0.175,196.05548984312878,4.833333333333334,0.6416666666666666,0.16622458001768367,False,-0.9809123869488643,-6.832878606;-1.985245826;-0.9809123869,0;0;0,True,"continuous lambda scan over mode-equivalent range i,j=0..64"
0.175,196.39293474819442,4.833333333333334,0.6416666666666666,0.16622458001768367,False,-0.9825988040504604,-6.836253109;-1.988621029;-0.9825988041,0;0;0,True,"continuous lambda scan over mode-equivalent range i,j=0..64"
0.175,196.73037965326003,4.833333333333334,0.6416666666666666,0.16622458001768367,False,-0.9842852237089224,-6.839627611;-1.991996229;-0.9842852237,0;0;0,True,"continuous lambda scan over mode-equivalent range i,j=0..64"
0.175,197.06782455832567,4.833333333333334,0.6416666666666666,0.16622458001768367,False,-0.9859716459115453,-6.843002113;-1.995371427;-0.9859716459,0;0;0,True,"continuous lambda scan over mode-equivalent range i,j=0..64"
0.175,197.40526946339128,4.833333333333334,0.6416666666666666,0.16622458001768367,False,-0.9876580706457075,-6.846376616;-1.998746623;-0.9876580706,0;0;0,True,"continuous lambda scan over mode-equivalent range i,j=0..64"
0.175,197.74271436845692,4.833333333333334,0.6416666666666666,0.16622458001768367,False,-0.9893444978988732,-6.849751118;-2.002121816;-0.9893444979,0;0;0,True,"continuous lambda scan over mode-equivalent range i,j=0..64"
0.175,198.08015927352255,4.833333333333334,0.6416666666666666,0.16622458001768367,False,-0.991030927658589,-6.85312562;-2.005497006;-0.9910309277,0;0;0,True,"continuous lambda scan over mode-equivalent range i,j=0..64"
0.175,198.41760417858816,4.833333333333334,0.6416666666666666,0.16622458001768367,False,-0.9927173599124837,-6.856500123;-2.008872194;-0.9927173599,0;0;0,True,"continuous lambda scan over mode-equivalent range i,j=0..64"
0.175,198.7550490836538,4.833333333333334,0.6416666666666666,0.16622458001768367,False,-0.9944037946482694,-6.859874625;-2.01224738;-0.9944037946,0;0;0,True,"continuous lambda scan over mode-equivalent range i,j=0..64"
0.175,199.0924939887194,4.833333333333334,0.6416666666666666,0.16622458001768367,False,-0.9960902318537385,-6.863249127;-2.015622563;-0.9960902319,0;0;0,True,"continuous lambda scan over mode-equivalent range i,j=0..64"
0.175,199.42993889378505,4.833333333333334,0.6416666666666666,0.16622458001768367,False,-0.9977766715167644,-6.866623629;-2.018997744;-0.9977766715,0;0;0,True,"continuous lambda scan over mode-equivalent range i,j=0..64"
0.175,199.76738379885066,4.833333333333334,0.6416666666666666,0.16622458001768367,False,-0.9994631136253004,-6.869998132;-2.022372922;-0.9994631136,0;0;0,True,"continuous lambda scan over mode-equivalent range i,j=0..64"
0.175,200.1048287039163,4.833333333333334,0.6416666666666666,0.16622458001768367,False,-1.001149558167379,-6.873372634;-2.025748098;-1.001149558,0;0;0,True,"continuous lambda scan over mode-equivalent range i,j=0..64"
0.175,200.44227360898194,4.833333333333334,0.6416666666666666,0.16622458001768367,False,-1.002836005131112,-6.876747136;-2.029123272;-1.002836005,0;0;0,True,"continuous lambda scan over mode-equivalent range i,j=0..64"
0.175,200.77971851404754,4.833333333333334,0.6416666666666666,0.16622458001768367,False,-1.0045224545046876,-6.880121638;-2.032498443;-1.004522455,0;0;0,True,"continuous lambda scan over mode-equivalent range i,j=0..64"
0.175,201.11716341911318,4.833333333333334,0.6416666666666666,0.16622458001768367,False,-1.0062089062763735,-6.88349614;-2.035873612;-1.006208906,0;0;0,True,"continuous lambda scan over mode-equivalent range i,j=0..64"
0.175,201.4546083241788,4.833333333333334,0.6416666666666666,0.16622458001768367,False,-1.007895360434513,-6.886870642;-2.039248778;-1.00789536,0;0;0,True,"continuous lambda scan over mode-equivalent range i,j=0..64"
0.175,201.79205322924443,4.833333333333334,0.6416666666666666,0.16622458001768367,False,-1.0095818169675252,-6.890245144;-2.042623942;-1.009581817,0;0;0,True,"continuous lambda scan over mode-equivalent range i,j=0..64"
0.175,202.12949813431004,4.833333333333334,0.6416666666666666,0.16622458001768367,False,-1.0112682758639056,-6.893619646;-2.045999104;-1.011268276,0;0;0,True,"continuous lambda scan over mode-equivalent range i,j=0..64"
