representative_stress,treatment,evolve_q,time,n,w,q,z
0.11912265277777781,frozen_q,False,0.0,4.833333333333334,0.6416666666666665,0.672614741580259,1.1916666666666664
0.11912265277777781,frozen_q,False,2.5,5.067411785870111,0.49402887157182157,0.672614741580259,1.1052260092247344
0.11912265277777781,frozen_q,False,5.0,5.247415783930962,0.39450324932612546,0.672614741580259,1.0247476334095795
0.11912265277777781,frozen_q,False,7.5,5.3769762288578935,0.32227679814387833,0.672614741580259,0.9674136396648951
0.11912265277777781,frozen_q,False,10.0,5.474751075254927,0.2674861486921901,0.672614741580259,0.9244294427195497
0.11912265277777781,frozen_q,False,12.5,5.550993436658757,0.22461015052695035,0.672614741580259,0.8910630794809594
0.11912265277777781,frozen_q,False,15.0,5.611878357518996,0.1902832409098516,0.672614741580259,0.8645050682378197
0.11912265277777781,frozen_q,False,17.5,5.661381471755794,0.16232013583786,0.672614741580259,0.842965059073013
0.11912265277777781,frozen_q,False,20.0,5.702196145125855,0.13923111568860494,0.672614741580259,0.8252394058522069
0.11912265277777781,frozen_q,False,22.5,5.736221386583388,0.11996058959315185,0.672614741580259,0.8104846904901272
0.11912265277777781,frozen_q,False,25.0,5.764840803305192,0.10373672424552378,0.672614741580259,0.7980891391159515
0.11912265277777781,frozen_q,False,27.5,5.789089263420524,0.08998032811282783,0.672614741580259,0.7875970751333149
0.11912265277777781,frozen_q,False,30.0,5.809758409702662,0.078247238467814,0.672614741580259,0.7786610184961905
0.11912265277777781,frozen_q,False,32.5,5.827465324410311,0.0681905144140704,0.672614741580259,0.7710108278422854
0.11912265277777781,frozen_q,False,35.0,5.842698750940868,0.059534881370518614,0.672614741580259,0.7644330343552802
0.11912265277777781,frozen_q,False,37.5,5.855851145698691,0.05205896501389574,0.672614741580259,0.7587565559540804
0.11912265277777781,frozen_q,False,40.0,5.867241400910485,0.04558265625820884,0.672614741580259,0.7538426094979729
0.11912265277777781,frozen_q,False,42.5,5.877131306845369,0.039957934090974416,0.672614741580259,0.7495774257303236
0.11912265277777781,frozen_q,False,45.0,5.885737704534837,0.035062076571080396,0.672614741580259,0.7458668855607492
0.11912265277777781,frozen_q,False,47.5,5.893241606507955,0.03079255503327853,0.672614741580259,0.7426325051254338
0.11912265277777781,frozen_q,False,50.0,5.89979514818132,0.027063135187192697,0.672614741580259,0.7398083832981545
0.11912265277777781,frozen_q,False,52.5,5.9055269590183705,0.02380086109218759,0.672614741580259,0.7373388465561088
0.11912265277777781,frozen_q,False,55.0,5.910546366398603,0.02094369182318182,0.672614741580259,0.7351766084448821
0.11912265277777781,frozen_q,False,57.5,5.914946714048008,0.018438628924643135,0.672614741580259,0.733281323694016
0.11912265277777781,frozen_q,False,60.0,5.918808033459562,0.016240218120058884,0.672614741580259,0.7316184150870464
0.11912265277777781,frozen_q,False,62.5,5.92219917569367,0.014309339000923392,0.672614741580259,0.7301581519720733
0.11912265277777781,frozen_q,False,65.0,5.925179550389672,0.01261221747101667,0.672614741580259,0.7288748988059787
0.11912265277777781,frozen_q,False,67.5,5.92780060513847,0.011119616608837117,0.672614741580259,0.7277464449193595
0.11912265277777781,frozen_q,False,70.0,5.930106929170047,0.009806166017741988,0.672614741580259,0.726753571478878
0.11912265277777781,frozen_q,False,72.5,5.932137312929688,0.008649803956375946,0.672614741580259,0.7258795497806027
0.11912265277777781,frozen_q,False,75.0,5.933925543528554,0.007631310280037199,0.672614741580259,0.7251098128580757
0.11912265277777781,frozen_q,False,77.5,5.935501102713045,0.006733912305327148,0.672614741580259,0.7244316516482951
0.11912265277777781,frozen_q,False,80.0,5.93688974221255,0.005942952477667551,0.672614741580259,0.7238339719764495
0.11912265277777781,frozen_q,False,82.5,5.938113995502507,0.005245605406128395,0.672614741580259,0.7233070657580319
0.11912265277777781,frozen_q,False,85.0,5.939193602062502,0.004630634749777222,0.672614741580259,0.7228424298543882
0.11912265277777781,frozen_q,False,87.5,5.940145867513541,0.004088188182652996,0.672614741580259,0.7224326109704727
0.11912265277777781,frozen_q,False,90.0,5.940985980851801,0.003609618429984221,0.672614741580259,0.7220710673848817
0.11912265277777781,frozen_q,False,92.5,5.941727280587456,0.003187330054548251,0.672614741580259,0.721752056024663
0.11912265277777781,frozen_q,False,95.0,5.942381490918366,0.002814647074305383,0.672614741580259,0.721470528673996
0.11912265277777781,frozen_q,False,97.5,5.942958922933542,0.002485697876506603,0.672614741580259,0.7212220458566183
0.11912265277777781,frozen_q,False,100.0,5.943468648775423,0.0021953157151080173,0.672614741580259,0.721002702176136
0.11912265277777781,frozen_q,False,102.5,5.943918655295375,0.0019389518921265503,0.672614741580259,0.7208090594791651
0.11912265277777781,frozen_q,False,105.0,5.9443159766264015,0.0017126001174785977,0.672614741580259,0.7206380899227868
0.11912265277777781,frozen_q,False,107.5,5.944666810085237,0.0015127305548070364,0.672614741580259,0.720487126026623
0.11912265277777781,frozen_q,False,110.0,5.944976617642991,0.0013362321237998498,0.672614741580259,0.7203538168998765
0.11912265277777781,frozen_q,False,112.5,5.945250214478397,0.0011803620523117596,0.672614741580259,0.7202360901359578
0.11912265277777781,frozen_q,False,115.0,5.945491846760065,0.0010427016252603095,0.672614741580259,0.7201321182813414
0.11912265277777781,frozen_q,False,117.5,5.9457052597304445,0.0009211174180729494,0.672614741580259,0.7200402895181495
0.11912265277777781,frozen_q,False,120.0,5.945893757417507,0.000813727299842369,0.672614741580259,0.7199591819493173
0.11912265277777781,frozen_q,False,122.5,5.946060255150334,0.0007188705299861998,0.672614741580259,0.7198875409863469
0.11912265277777781,frozen_q,False,125.0,5.946207325687133,0.0006350814947603129,0.672614741580259,0.719824259484774
0.11912265277777781,frozen_q,False,127.5,5.946337239775406,0.000561066599630386,0.672614741580259,0.7197683602916302
0.11912265277777781,frozen_q,False,130.0,5.9464520019588125,0.0004956839002370875,0.672614741580259,0.7197189808076173
0.11912265277777781,frozen_q,False,132.5,5.946553381823938,0.00043792528667332254,0.672614741580259,0.7196753595560561
0.11912265277777781,frozen_q,False,135.0,5.946642941762788,0.00038690066784345786,0.672614741580259,0.7196368242360351
0.11912265277777781,frozen_q,False,137.5,5.946722061324794,0.00034182410945124604,0.672614741580259,0.7196027812324213
0.11912265277777781,frozen_q,False,140.0,5.946791958665958,0.0003020015928360449,0.672614741580259,0.7195727064078726
0.11912265277777781,frozen_q,False,142.5,5.946853709900733,0.0002668202128940989,0.672614741580259,0.71954613655304
0.11912265277777781,frozen_q,False,145.0,5.946908265438188,0.00023573865173976002,0.672614741580259,0.7195226625767388
0.11912265277777781,frozen_q,False,147.5,5.946956461252088,0.00020827884287685192,0.672614741580259,0.7195019265717019
0.11912265277777781,frozen_q,False,150.0,5.946999049116016,0.00018401852414199748,0.672614741580259,0.7194835990265089
0.11912265277777781,frozen_q,False,152.5,5.947036664781269,0.00016258472291257088,0.672614741580259,0.7194674171624855
0.11912265277777781,frozen_q,False,155.0,5.9470699043000215,0.00014364797931061053,0.672614741580259,0.7194531143873348
0.11912265277777781,frozen_q,False,157.5,5.94709926964137,0.00012691725994986615,0.672614741580259,0.7194404797653469
0.11912265277777781,frozen_q,False,160.0,5.947125214381613,0.00011213548737150114,0.672614741580259,0.7194293167976827
0.11912265277777781,frozen_q,False,162.5,5.947148137771006,9.90755648191335e-05,0.672614741580259,0.7194194533308422
0.11912265277777781,frozen_q,False,165.0,5.947168390356863,8.753686870687695e-05,0.672614741580259,0.7194107394410972
0.11912265277777781,frozen_q,False,167.5,5.947186284030638,7.7342165747394e-05,0.672614741580259,0.7194030404702811
0.11912265277777781,frozen_q,False,170.0,5.947202093635654,6.833488389855801e-05,0.672614741580259,0.7193962381471146
0.11912265277777781,frozen_q,False,172.5,5.947216062193573,6.0376686566635933e-05,0.672614741580259,0.7193902277865273
0.11912265277777781,frozen_q,False,175.0,5.9472284042626375,5.3345360075281296e-05,0.672614741580259,0.7193849170439541
0.11912265277777781,frozen_q,False,177.5,5.947239306382071,4.7132942000525674e-05,0.672614741580259,0.719380227342595
0.11912265277777781,frozen_q,False,180.0,5.9472489435154285,4.164404672172691e-05,0.672614741580259,0.7193760791045167
0.11912265277777781,frozen_q,False,182.5,5.947257439608392,3.679441044382931e-05,0.672614741580259,0.7193724326478312
0.11912265277777781,frozen_q,False,185.0,5.94726496827263,3.2509568605295894e-05,0.672614741580259,0.7193691888254319
0.11912265277777781,frozen_q,False,187.5,5.947271630377873,2.8723728846393208e-05,0.672614741580259,0.7193663125599473
0.11912265277777781,frozen_q,False,190.0,5.947277487037454,2.5378774384124973e-05,0.672614741580259,0.7193638008548292
0.11912265277777781,frozen_q,False,192.5,5.947282667837414,2.242336284851562e-05,0.672614741580259,0.7193615754664042
0.11912265277777781,frozen_q,False,195.0,5.947287263186629,1.98121272015982e-05,0.672614741580259,0.7193595913528362
0.11912265277777781,frozen_q,False,197.5,5.947291312222692,1.7504981797636507e-05,0.672614741580259,0.7193578494621773
0.11912265277777781,frozen_q,False,200.0,5.947294886977933,1.5466510910917116e-05,0.672614741580259,0.7193563131778229
0.11912265277777781,frozen_q,False,202.5,5.947298050044814,1.3665425975419557e-05,0.672614741580259,0.7193549511958779
0.11912265277777781,frozen_q,False,205.0,5.947300843815904,1.2074082597313747e-05,0.672614741580259,0.719353748768166
0.11912265277777781,frozen_q,False,207.5,5.9473033106872055,1.066805486489059e-05,0.672614741580259,0.7193526879245965
0.11912265277777781,frozen_q,False,210.0,5.947305490908234,9.425762429202704e-06,0.672614741580259,0.7193517499960036
0.11912265277777781,frozen_q,False,212.5,5.947307413677427,8.32814389035917e-06,0.672614741580259,0.7193509248453497
0.11912265277777781,frozen_q,False,215.0,5.947309118340186,7.358352411925986e-06,0.672614741580259,0.7193501899740687
0.11912265277777781,frozen_q,False,217.5,5.947310628752287,6.501493413258018e-06,0.672614741580259,0.7193495364209662
0.11912265277777781,frozen_q,False,220.0,5.947311928172554,5.74441340753515e-06,0.672614741580259,0.7193489940807055
0.11912265277777781,frozen_q,False,222.5,5.947313114191863,5.075490895541034e-06,0.672614741580259,0.719348476983908
0.11912265277777781,frozen_q,False,225.0,5.947314175484399,4.484461629727643e-06,0.672614741580259,0.7193480067206383
0.11912265277777781,frozen_q,False,227.5,5.94731509733783,3.962257110550089e-06,0.672614741580259,0.7193476070717265
0.11912265277777781,frozen_q,False,230.0,5.947315873452842,3.5008627428938713e-06,0.672614741580259,0.7193472923510819
0.11912265277777781,frozen_q,False,232.5,5.947316593901997,3.0931973626634507e-06,0.672614741580259,0.7193469795673075
0.11912265277777781,frozen_q,False,235.0,5.94731725329396,2.7330033990567077e-06,0.672614741580259,0.7193466803693079
0.11912265277777781,frozen_q,False,237.5,5.947317797716731,2.414753906074354e-06,0.672614741580259,0.71934645419603
0.11912265277777781,frozen_q,False,240.0,5.94731826423419,2.1335618363640957e-06,0.672614741580259,0.7193462688706405
0.11912265277777781,frozen_q,False,242.5,5.947318728235431,1.885111047955678e-06,0.672614741580259,0.7193460533201879
0.11912265277777781,frozen_q,False,245.0,5.9473191144473905,1.6655913933431303e-06,0.672614741580259,0.7193458866278831
0.11912265277777781,frozen_q,False,247.5,5.94731944961863,1.4716352388863312e-06,0.672614741580259,0.7193457454127984
0.11912265277777781,frozen_q,False,250.0,5.947319754908504,1.3002654363110509e-06,0.672614741580259,0.7193456114927267
0.11912265277777781,frozen_q,False,252.5,5.947320019506687,1.1488511859749025e-06,0.672614741580259,0.7193454983087937
0.11912265277777781,frozen_q,False,255.0,5.9473202504311455,1.0150687422672477e-06,0.672614741580259,0.7193454011667791
0.11912265277777781,frozen_q,False,257.5,5.947320459478094,8.968640639732072e-07,0.672614741580259,0.7193453103245088
0.11912265277777781,frozen_q,False,260.0,5.947320644552232,7.924215376301649e-07,0.672614741580259,0.7193452296928969
0.11912265277777781,frozen_q,False,262.5,5.947320806797763,7.001388395210538e-07,0.672614741580259,0.7193451597300642
0.11912265277777781,frozen_q,False,265.0,5.947320949773432,6.186015897388311e-07,0.672614741580259,0.7193450982916454
0.11912265277777781,frozen_q,False,267.5,5.947321076175283,5.465595738599437e-07,0.672614741580259,0.7193450439318105
0.11912265277777781,frozen_q,False,270.0,5.947321187869263,4.828991759534623e-07,0.672614741580259,0.7193449958982281
0.11912265277777781,frozen_q,False,272.5,5.947321286712984,4.2665268122235733e-07,0.672614741580259,0.7193449533010021
0.11912265277777781,frozen_q,False,275.0,5.947321373955668,3.7695391798664814e-07,0.672614741580259,0.7193449157570811
0.11912265277777781,frozen_q,False,277.5,5.9473214510202945,3.3304028778368685e-07,0.672614741580259,0.7193448826060846
0.11912265277777781,frozen_q,False,280.0,5.947321519095475,2.9424589444677516e-07,0.672614741580259,0.7193448533252979
0.11912265277777781,frozen_q,False,282.5,5.947321579256191,2.59969262678994e-07,0.672614741580259,0.7193448274412132
0.11912265277777781,frozen_q,False,285.0,5.947321632416931,2.2968542151309558e-07,0.672614741580259,0.7193448045643146
0.11912265277777781,frozen_q,False,287.5,5.947321679377198,2.029314499931247e-07,0.672614741580259,0.7193447843580193
0.11912265277777781,frozen_q,False,290.0,5.9473217208731,1.7929240343324406e-07,0.672614741580259,0.7193447665011631
0.11912265277777781,frozen_q,False,292.5,5.947321757525407,1.5841288859519414e-07,0.672614741580259,0.719344750728371
0.11912265277777781,frozen_q,False,295.0,5.947321789897558,1.399710758138985e-07,0.672614741580259,0.7193447367980335
0.11912265277777781,frozen_q,False,297.5,5.947321818487897,1.236810157745577e-07,0.672614741580259,0.7193447244977546
0.11912265277777781,frozen_q,False,300.0,5.947321843753658,1.0929083960550218e-07,0.672614741580259,0.7193447136221697
0.11912265277777781,frozen_q,False,302.5,5.947321866078409,9.65744135255885e-08,0.672614741580259,0.7193447040138448
0.11912265277777781,frozen_q,False,305.0,5.947321885786517,8.533571192413185e-08,0.672614741580259,0.7193446955444384
0.11912265277777781,frozen_q,False,307.5,5.947321903209866,7.540173950388503e-08,0.672614741580259,0.7193446880550618
0.11912265277777781,frozen_q,False,310.0,5.9473219186474795,6.662199620342014e-08,0.672614741580259,0.7193446813971912
0.11912265277777781,frozen_q,False,312.5,5.94732193226584,5.886270057747282e-08,0.672614741580259,0.7193446755381262
0.11912265277777781,frozen_q,False,315.0,5.947321944246547,5.200749191123132e-08,0.672614741580259,0.7193446704126278
0.11912265277777781,frozen_q,False,317.5,5.947321954898811,4.5952392050214654e-08,0.672614741580259,0.7193446658154637
0.11912265277777781,frozen_q,False,320.0,5.947321964307658,4.060428637169106e-08,0.672614741580259,0.7193446617547223
0.11912265277777781,frozen_q,False,322.5,5.947321972594291,3.5879231469075746e-08,0.672614741580259,0.7193446581931445
0.11912265277777781,frozen_q,False,325.0,5.947321979927921,3.171247769920473e-08,0.672614741580259,0.7193446550262687
0.11912265277777781,frozen_q,False,327.5,5.947321986391189,2.803198475314711e-08,0.672614741580259,0.7193446522434934
0.11912265277777781,frozen_q,False,330.0,5.947321992079017,2.477506392659585e-08,0.672614741580259,0.7193446498125863
0.11912265277777781,frozen_q,False,332.5,5.947321997102635,2.1904954255789585e-08,0.672614741580259,0.7193446476590779
0.11912265277777781,frozen_q,False,335.0,5.9473220015500585,1.9367250325157454e-08,0.672614741580259,0.7193446457493581
0.11912265277777781,frozen_q,False,337.5,5.94732200551242,1.711822681822245e-08,0.672614741580259,0.7193446440360205
0.11912265277777781,frozen_q,False,340.0,5.947322008996812,1.513364047159354e-08,0.672614741580259,0.7193446425362146
0.11912265277777781,frozen_q,False,342.5,5.947322012078648,1.3377573312573912e-08,0.672614741580259,0.7193446412104456
0.11912265277777781,frozen_q,False,345.0,5.947322014801976,1.1822208998137128e-08,0.672614741580259,0.7193446400424817
0.11912265277777781,frozen_q,False,347.5,5.947322017214437,1.0447678887272654e-08,0.672614741580259,0.7193446390045514
0.11912265277777781,frozen_q,False,350.0,5.94732201934959,9.232137658564679e-09,0.672614741580259,0.7193446380849392
0.11912265277777781,frozen_q,False,352.5,5.947322021240047,8.157427779125593e-09,0.672614741580259,0.7193446372691924
0.11912265277777781,frozen_q,False,355.0,5.947322022908756,7.208412736223858e-09,0.672614741580259,0.7193446365494987
0.11912265277777781,frozen_q,False,357.5,5.947322024381644,6.37019681489913e-09,0.672614741580259,0.7193446359148261
0.11912265277777781,frozen_q,False,360.0,5.947322025680587,5.629250834373566e-09,0.672614741580259,0.7193446353568289
0.11912265277777781,frozen_q,False,362.5,5.947322026819916,4.981781436596611e-09,0.672614741580259,0.7193446348649697
0.11912265277777781,frozen_q,False,365.0,5.947322027820601,4.412989888555346e-09,0.672614741580259,0.7193446344330764
0.11912265277777781,frozen_q,False,367.5,5.947322028700787,3.91208750367333e-09,0.672614741580259,0.7193446340537921
0.11912265277777781,frozen_q,False,370.0,5.947322029479231,3.4678099333030556e-09,0.672614741580259,0.7193446337196258
0.11912265277777781,frozen_q,False,372.5,5.947322030171845,3.0708134209274304e-09,0.672614741580259,0.7193446334240083
0.11912265277777781,frozen_q,False,375.0,5.947322030762684,2.7333540282317023e-09,0.672614741580259,0.7193446331706292
0.11912265277777781,frozen_q,False,377.5,5.947322031281363,2.4370448235695537e-09,0.672614741580259,0.7193446329482591
0.11912265277777781,frozen_q,False,380.0,5.947322031741932,2.1742230256095164e-09,0.672614741580259,0.7193446327505115
0.11912265277777781,frozen_q,False,382.5,5.947322032159899,1.9365161760699257e-09,0.672614741580259,0.7193446325702514
0.11912265277777781,frozen_q,False,385.0,5.947322032547257,1.7200776604713106e-09,0.672614741580259,0.7193446323993322
0.11912265277777781,frozen_q,False,387.5,5.947322032900926,1.5374491586936366e-09,0.672614741580259,0.7193446322282916
0.11912265277777781,frozen_q,False,390.0,5.9473220332457135,1.3746054995545954e-09,0.672614741580259,0.7193446320463479
0.11912265277777781,frozen_q,False,392.5,5.9473220335978985,1.2277969456205145e-09,0.672614741580259,0.7193446318409715
0.11912265277777781,frozen_q,False,395.0,5.94732203397577,1.0932020725298984e-09,0.672614741580259,0.7193446315976945
0.11912265277777781,frozen_q,False,397.5,5.947322034349843,9.70248273007864e-10,0.672614741580259,0.7193446313465759
0.11912265277777781,frozen_q,False,400.0,5.947322034624281,8.627961892761881e-10,0.672614741580259,0.7193446311795898
0.11912265277777781,frozen_q,False,402.5,5.9473220348285025,7.659392448364443e-10,0.672614741580259,0.7193446310722252
0.11912265277777781,frozen_q,False,405.0,5.947322034929869,6.787367741715842e-10,0.672614741580259,0.7193446310580608
0.11912265277777781,frozen_q,False,407.5,5.9473220348872475,6.004620851185319e-10,0.672614741580259,0.7193446311789573
0.11912265277777781,frozen_q,False,410.0,5.947322034784395,5.303559420011951e-10,0.672614741580259,0.7193446313519163
0.11912265277777781,frozen_q,False,412.5,5.9473220347516245,4.67704015275987e-10,0.672614741580259,0.7193446314473385
0.11912265277777781,frozen_q,False,415.0,5.947322034729838,4.1215556173247915e-10,0.672614741580259,0.7193446315246731
0.11912265277777781,frozen_q,False,417.5,5.947322034761187,3.632362554293478e-10,0.672614741580259,0.7193446315422442
0.11912265277777781,frozen_q,False,420.0,5.947322034900006,3.204420552392474e-10,0.672614741580259,0.7193446314462187
0.11912265277777781,frozen_q,False,422.5,5.947322035037085,2.833585199837755e-10,0.672614741580259,0.7193446313462234
0.11912265277777781,frozen_q,False,425.0,5.947322035108057,2.514249182433317e-10,0.672614741580259,0.7193446313071854
0.11912265277777781,frozen_q,False,427.5,5.947322035180032,2.238109271564359e-10,0.672614741580259,0.719344631262824
0.11912265277777781,frozen_q,False,430.0,5.947322035240194,1.9956892946220956e-10,0.672614741580259,0.7193446312269044
0.11912265277777781,frozen_q,False,432.5,5.947322035269735,1.7752245347911752e-10,0.672614741580259,0.7193446312194092
0.11912265277777781,frozen_q,False,435.0,5.947322035386507,1.6353013014134491e-10,0.672614741580259,0.71934463111663
0.11912265277777781,frozen_q,False,437.5,5.947322035557454,1.5582107692978483e-10,0.672614741580259,0.7193446309533923
0.11912265277777781,frozen_q,False,440.0,5.947322035725161,1.5143860355461715e-10,0.672614741580259,0.719344630790067
0.11912265277777781,frozen_q,False,442.5,5.947322035868862,1.4934216480101105e-10,0.672614741580259,0.7193446306484624
0.11912265277777781,frozen_q,False,445.0,5.947322035961871,1.4823073892063032e-10,0.672614741580259,0.7193446305565656
0.11912265277777781,frozen_q,False,447.5,5.947322035971064,1.465097995938072e-10,0.672614741580259,0.719344630549093
0.11912265277777781,frozen_q,False,450.0,5.94732203585638,1.4225828789171694e-10,0.672614741580259,0.7193446306680288
0.11912265277777781,frozen_q,False,452.5,5.947322035570305,1.3319558423855204e-10,0.672614741580259,0.7193446309631667
0.11912265277777781,frozen_q,False,455.0,5.947322035269012,1.2505356519534527e-10,0.672614741580259,0.7193446312726011
0.11912265277777781,frozen_q,False,457.5,5.947322035027307,1.2024335275716392e-10,0.672614741580259,0.7193446315191165
0.11912265277777781,frozen_q,False,460.0,5.94732203473493,1.1372519403758001e-10,0.672614741580259,0.7193446318180116
0.11912265277777781,frozen_q,False,462.5,5.947322034398382,1.0498127767283558e-10,0.672614741580259,0.719344632163304
0.11912265277777781,frozen_q,False,465.0,5.947322034027585,9.350208639212486e-11,0.672614741580259,0.7193446325455799
0.11912265277777781,frozen_q,False,467.5,5.9473220336362305,7.878758992540965e-11,0.672614741580259,0.7193446329516489
0.11912265277777781,frozen_q,False,470.0,5.947322033247818,6.07161086770468e-11,0.672614741580259,0.7193446333581333
0.11912265277777781,frozen_q,False,472.5,5.947322032977538,4.4818099623224254e-11,0.672614741580259,0.719344633644311
0.11912265277777781,frozen_q,False,475.0,5.947322032819464,2.8492254944550674e-11,0.672614741580259,0.7193446338187105
0.11912265277777781,frozen_q,False,477.5,5.94732203282568,1.2568142891232098e-11,0.672614741580259,0.7193446338284191
0.11912265277777781,frozen_q,False,480.0,5.947322033056906,-1.9077973293414095e-12,0.672614741580259,0.7193446336116684
0.11912265277777781,frozen_q,False,482.5,5.947322033583076,-1.3657701627604532e-11,0.672614741580259,0.719344633097249
0.11912265277777781,frozen_q,False,485.0,5.947322034483874,-2.1157727106825553e-11,0.672614741580259,0.7193446322039505
0.11912265277777781,frozen_q,False,487.5,5.9473220354379395,-2.7939755453337472e-11,0.672614741580259,0.7193446312566673
0.11912265277777781,frozen_q,False,490.0,5.947322036276645,-3.542729425527339e-11,0.672614741580259,0.7193446304254497
0.11912265277777781,frozen_q,False,492.5,5.947322037184801,-4.033445211138266e-11,0.672614741580259,0.7193446295222006
0.11912265277777781,frozen_q,False,495.0,5.947322038113917,-4.2241111444220283e-11,0.672614741580259,0.7193446285949909
0.11912265277777781,frozen_q,False,497.5,5.9473220390019765,-4.0745464461727055e-11,0.672614741580259,0.719344627705436
0.11912265277777781,frozen_q,False,500.0,5.947322039772315,-3.5471099926222265e-11,0.672614741580259,0.719344626929823
0.11912265277777781,frozen_q,False,502.5,5.9473220403435505,-2.6363125437322054e-11,0.672614741580259,0.7193446263494796
0.11912265277777781,frozen_q,False,505.0,5.947322040786604,-1.783356541299303e-11,0.672614741580259,0.7193446258978964
0.11912265277777781,frozen_q,False,507.5,5.947322040910074,-7.947220966989234e-12,0.672614741580259,0.71934462576454
0.11912265277777781,frozen_q,False,510.0,5.947322040605946,2.495135169847105e-12,0.672614741580259,0.7193446260582259
0.11912265277777781,frozen_q,False,512.5,5.947322039752016,1.2473763512847502e-11,0.672614741580259,0.7193446269021775
0.11912265277777781,frozen_q,False,515.0,5.947322038211188,2.0732381255774518e-11,0.672614741580259,0.7193446284347468
0.11912265277777781,frozen_q,False,517.5,5.947322035830744,2.5760585703079182e-11,0.672614741580259,0.719344630810162
0.11912265277777781,frozen_q,False,520.0,5.947322033375585,3.08579986188339e-11,0.672614741580259,0.7193446332602242
0.11912265277777781,frozen_q,False,522.5,5.947322031271129,3.7280554792891465e-11,0.672614741580259,0.7193446353582579
0.11912265277777781,frozen_q,False,525.0,5.947322029149085,4.17553009828265e-11,0.672614741580259,0.719344637475827
0.11912265277777781,frozen_q,False,527.5,5.947322027179369,4.3713861757233964e-11,0.672614741580259,0.7193446394435844
0.11912265277777781,frozen_q,False,530.0,5.947322025571912,4.256798637998475e-11,0.672614741580259,0.7193446410521867
0.11912265277777781,frozen_q,False,532.5,5.9473220245797345,3.771265418361309e-11,0.672614741580259,0.7193446420492199
0.11912265277777781,frozen_q,False,535.0,5.947322024427858,2.889727966272143e-11,0.672614741580259,0.7193446422099119
0.11912265277777781,frozen_q,False,537.5,5.947322024255928,2.1490745474455195e-11,0.672614741580259,0.7193446423892486
0.11912265277777781,frozen_q,False,540.0,5.947322024894713,1.2722996787077457e-11,0.672614741580259,0.7193446417592312
0.11912265277777781,frozen_q,False,542.5,5.947322026542925,3.230914444164502e-12,0.672614741580259,0.7193446401205111
0.11912265277777781,frozen_q,False,545.0,5.947322029417274,-6.148730011560126e-12,0.672614741580259,0.719344637255542
0.11912265277777781,frozen_q,False,547.5,5.947322033752847,-1.4362827065492616e-11,0.672614741580259,0.7193446329281824
0.11912265277777781,frozen_q,False,550.0,5.947322039803517,-2.0125481958415817e-11,0.672614741580259,0.7193446268832757
0.11912265277777781,frozen_q,False,552.5,5.947322045855554,-2.6091406977555367e-11,0.672614741580259,0.7193446208372046
0.11912265277777781,frozen_q,False,555.0,5.9473220509015,-3.320148106306352e-11,0.672614741580259,0.7193446157983687
0.11912265277777781,frozen_q,False,557.5,5.947322055603479,-3.863567170792799e-11,0.672614741580259,0.7193446111018237
0.11912265277777781,frozen_q,False,560.0,5.9473220594601806,-4.1771843048050385e-11,0.672614741580259,0.7193446072482582
0.11912265277777781,frozen_q,False,562.5,5.947322061865145,-4.193837902030881e-11,0.672614741580259,0.7193446048434605
0.11912265277777781,frozen_q,False,565.0,5.94732206209907,-3.841478486522963e-11,0.672614741580259,0.7193446046060121
0.11912265277777781,frozen_q,False,567.5,5.947322059597509,-3.084011128327724e-11,0.672614741580259,0.7193446070999981
0.11912265277777781,frozen_q,False,570.0,5.947322057873491,-2.5034036237443633e-11,0.672614741580259,0.7193446088182104
0.11912265277777781,frozen_q,False,572.5,5.947322054229307,-1.7772792323259398e-11,0.672614741580259,0.7193446124551327
0.11912265277777781,frozen_q,False,575.0,5.947322048372245,-9.560404248061998e-12,0.672614741580259,0.7193446183039827
0.11912265277777781,frozen_q,False,577.5,5.947322040008594,-1.0775770304042792e-12,0.672614741580259,0.7193446266591501
0.11912265277777781,frozen_q,False,580.0,5.947322028845929,6.802939979251727e-12,0.672614741580259,0.7193446378139351
0.11912265277777781,frozen_q,False,582.5,5.9473220145953825,1.3000989077841005e-11,0.672614741580259,0.7193446520582836
0.11912265277777781,frozen_q,False,585.0,5.947322000770488,1.955901755223837e-11,0.672614741580259,0.7193446658766196
0.11912265277777781,frozen_q,False,587.5,5.947321989579191,2.7123738829800153e-11,0.672614741580259,0.7193446770603525
0.11912265277777781,frozen_q,False,590.0,5.947321980089632,3.3312529381967565e-11,0.672614741580259,0.7193446865437222
0.11912265277777781,frozen_q,False,592.5,5.947321973643949,3.746647466072631e-11,0.672614741580259,0.7193446929852514
0.11912265277777781,frozen_q,False,595.0,5.947321971839814,3.8854413162685387e-11,0.672614741580259,0.719344694787999
0.11912265277777781,frozen_q,False,597.5,5.947321976548164,3.667118234902265e-11,0.672614741580259,0.719344690081832
0.11912265277777781,frozen_q,False,600.0,5.9473219890817965,3.046729155101717e-11,0.672614741580259,0.7193446775544031
0.11912265277777781,frozen_q,False,602.5,5.947321998113523,2.6294738515611204e-11,0.672614741580259,0.7193446685268492
0.11912265277777781,frozen_q,False,605.0,5.9473220113477945,2.0622491923802106e-11,0.672614741580259,0.71934465529825
0.11912265277777781,frozen_q,False,607.5,5.947322028985502,1.3825791356780662e-11,0.672614741580259,0.7193446376673394
0.11912265277777781,frozen_q,False,610.0,5.947322051126649,6.4322343113339104e-12,0.672614741580259,0.7193446155335854
0.11912265277777781,frozen_q,False,612.5,5.947322077757387,-8.643811335280533e-13,0.672614741580259,0.7193445889101444
0.11912265277777781,frozen_q,False,615.0,5.947322108737043,-7.19021364994535e-12,0.672614741580259,0.7193445579368141
0.11912265277777781,frozen_q,False,617.5,5.947322137717346,-1.4004301100931727e-11,0.672614741580259,0.7193445289633256
0.11912265277777781,frozen_q,False,620.0,5.947322160299286,-2.168262273654555e-11,0.672614741580259,0.719344506389064
0.11912265277777781,frozen_q,False,622.5,5.947322176949625,-2.828435410745275e-11,0.672614741580259,0.7193444897453259
0.11912265277777781,frozen_q,False,625.0,5.947322184343651,-3.313769442464722e-11,0.672614741580259,0.7193444823561534
0.11912265277777781,frozen_q,False,627.5,5.947322178580545,-3.548166581652449e-11,0.672614741580259,0.7193444881216038
0.11912265277777781,frozen_q,False,630.0,5.947322155145746,-3.446254825302287e-11,0.672614741580259,0.7193445115553837
0.11912265277777781,frozen_q,False,632.5,5.947322108794361,-2.923258391008147e-11,0.672614741580259,0.7193445579015387
0.11912265277777781,frozen_q,False,635.0,5.94732203435974,-2.4068488377553992e-11,0.672614741580259,0.7193446323309958
0.11912265277777781,frozen_q,False,637.5,5.947322033147767,-2.0773973373811128e-11,0.672614741580259,0.7193446335396739
0.11912265277777781,frozen_q,False,640.0,5.947322039734116,-1.8622747707644764e-11,0.672614741580259,0.7193446269511735
0.11912265277777781,frozen_q,False,642.5,5.947322034629766,-1.6691983308088525e-11,0.672614741580259,0.7193446320535926
0.11912265277777781,frozen_q,False,645.0,5.947322029953187,-1.4748607657812763e-11,0.672614741580259,0.7193446367282283
0.11912265277777781,frozen_q,False,647.5,5.947322017332658,-1.2922878551767866e-11,0.672614741580259,0.7193446493469321
0.11912265277777781,frozen_q,False,650.0,5.947322040141772,-1.1303947316118352e-11,0.672614741580259,0.7193446265361986
0.11912265277777781,frozen_q,False,652.5,5.947322013139509,-9.92866524807279e-12,0.672614741580259,0.7193446535370868
0.11912265277777781,frozen_q,False,655.0,5.947322034558667,-8.770479300511905e-12,0.672614741580259,0.7193446321167706
0.11912265277777781,frozen_q,False,657.5,5.947322030869211,-7.747138797114948e-12,0.672614741580259,0.7193446358052031
0.11912265277777781,frozen_q,False,660.0,5.947322035739624,-6.844651888584072e-12,0.672614741580259,0.7193446309338872
0.11912265277777781,frozen_q,False,662.5,5.947322033955821,-6.0488826240161065e-12,0.672614741580259,0.7193446327168947
0.11912265277777781,frozen_q,False,665.0,5.947322035537185,-5.345221322285768e-12,0.672614741580259,0.7193446311348267
0.11912265277777781,frozen_q,False,667.5,5.947322035652048,-4.722999231713425e-12,0.672614741580259,0.7193446310193418
0.11912265277777781,frozen_q,False,670.0,5.947322036741711,-4.150606838920397e-12,0.672614741580259,0.7193446299291067
0.11912265277777781,frozen_q,False,672.5,5.947322037337803,-3.6379472152349676e-12,0.672614741580259,0.7193446293325021
0.11912265277777781,frozen_q,False,675.0,5.947322037264056,-3.1868424829041546e-12,0.672614741580259,0.7193446294057982
0.11912265277777781,frozen_q,False,677.5,5.947322036520473,-2.7972926419279568e-12,0.672614741580259,0.7193446301489916
0.11912265277777781,frozen_q,False,680.0,5.947322035695911,-2.452280633110558e-12,0.672614741580259,0.7193446309732083
0.11912265277777781,frozen_q,False,682.5,5.947322035682012,-2.1260394336368858e-12,0.672614741580259,0.7193446309867813
0.11912265277777781,frozen_q,False,685.0,5.947322035657755,-1.842295251654079e-12,0.672614741580259,0.7193446310107545
0.11912265277777781,frozen_q,False,687.5,5.947322035623138,-1.6010480871621384e-12,0.672614741580259,0.71934463104513
0.11912265277777781,frozen_q,False,690.0,5.947322035578163,-1.4022979401610637e-12,0.672614741580259,0.719344631089906
0.11912265277777781,frozen_q,False,692.5,5.947322035558443,-1.2106008547516122e-12,0.672614741580259,0.7193446311094345
0.11912265277777781,frozen_q,False,695.0,5.94732203555124,-1.038632924461496e-12,0.672614741580259,0.7193446311164656
0.11912265277777781,frozen_q,False,697.5,5.947322035549973,-8.929435447263537e-13,0.672614741580259,0.7193446311175865
0.11912265277777781,frozen_q,False,700.0,5.947322035554645,-7.735327155461855e-13,0.672614741580259,0.7193446311127952
0.11912265277777781,frozen_q,False,702.5,5.947322035561828,-6.991389424896892e-13,0.672614741580259,0.7193446311055381
0.11912265277777781,frozen_q,False,705.0,5.947322035561747,-6.86021216120854e-13,0.672614741580259,0.7193446311056059
0.11912265277777781,frozen_q,False,707.5,5.947322035561666,-6.729034897520187e-13,0.672614741580259,0.7193446311056736
0.11912265277777781,frozen_q,False,710.0,5.947322035561586,-6.597857633831834e-13,0.672614741580259,0.7193446311057404
0.11912265277777781,frozen_q,False,712.5,5.9473220355615055,-6.466680370143481e-13,0.672614741580259,0.7193446311058082
0.11912265277777781,frozen_q,False,715.0,5.947322035561425,-6.335503106455129e-13,0.672614741580259,0.7193446311058759
0.11912265277777781,frozen_q,False,717.5,5.947322035561344,-6.204325842766776e-13,0.672614741580259,0.7193446311059435
0.11912265277777781,frozen_q,False,720.0,5.947322035561263,-6.073148579078424e-13,0.672614741580259,0.7193446311060112
0.11912265277777781,frozen_q,False,722.5,5.947322035561182,-5.94197131539007e-13,0.672614741580259,0.7193446311060789
0.11912265277777781,frozen_q,False,725.0,5.947322035561102,-5.810794051701718e-13,0.672614741580259,0.7193446311061458
0.11912265277777781,frozen_q,False,727.5,5.9473220355610215,-5.679616788013366e-13,0.672614741580259,0.7193446311062135
0.11912265277777781,frozen_q,False,730.0,5.947322035560941,-5.548439524325012e-13,0.672614741580259,0.7193446311062812
0.11912265277777781,frozen_q,False,732.5,5.94732203556086,-5.417262260636659e-13,0.672614741580259,0.7193446311063488
0.11912265277777781,frozen_q,False,735.0,5.947322035560779,-5.286084996948307e-13,0.672614741580259,0.7193446311064166
0.11912265277777781,frozen_q,False,737.5,5.947322035560698,-5.154907733259955e-13,0.672614741580259,0.7193446311064843
0.11912265277777781,frozen_q,False,740.0,5.947322035560618,-5.023730469571602e-13,0.672614741580259,0.7193446311065511
0.11912265277777781,frozen_q,False,742.5,5.947322035560537,-4.892553205883249e-13,0.672614741580259,0.7193446311066188
0.11912265277777781,frozen_q,False,745.0,5.947322035560457,-4.761375942194896e-13,0.672614741580259,0.7193446311066866
0.11912265277777781,frozen_q,False,747.5,5.947322035560376,-4.630198678506543e-13,0.672614741580259,0.7193446311067543
0.11912265277777781,frozen_q,False,750.0,5.947322035560295,-4.499021414818191e-13,0.672614741580259,0.7193446311068219
0.11912265277777781,frozen_q,False,752.5,5.947322035560215,-4.3678441511298384e-13,0.672614741580259,0.7193446311068887
0.11912265277777781,frozen_q,False,755.0,5.947322035560134,-4.236666887441485e-13,0.672614741580259,0.7193446311069565
0.11912265277777781,frozen_q,False,757.5,5.947322035560053,-4.105489623753133e-13,0.672614741580259,0.7193446311070242
0.11912265277777781,frozen_q,False,760.0,5.9473220355599725,-3.97431236006478e-13,0.672614741580259,0.7193446311070919
0.11912265277777781,frozen_q,False,762.5,5.947322035559892,-3.8431350963764273e-13,0.672614741580259,0.7193446311071596
0.11912265277777781,frozen_q,False,765.0,5.947322035559811,-3.7119578326880745e-13,0.672614741580259,0.7193446311072272
0.11912265277777781,frozen_q,False,767.5,5.947322035559731,-3.5807805689997223e-13,0.672614741580259,0.7193446311072941
0.11912265277777781,frozen_q,False,770.0,5.94732203555965,-3.449603305311369e-13,0.672614741580259,0.7193446311073618
0.11912265277777781,frozen_q,False,772.5,5.947322035559569,-3.3184260416230167e-13,0.672614741580259,0.7193446311074295
0.11912265277777781,frozen_q,False,775.0,5.9473220355594885,-3.187248777934664e-13,0.672614741580259,0.7193446311074972
0.11912265277777781,frozen_q,False,777.5,5.947322035559408,-3.056071514246311e-13,0.672614741580259,0.719344631107565
0.11912265277777781,frozen_q,False,780.0,5.947322035559328,-2.9248942505579584e-13,0.672614741580259,0.7193446311076318
0.11912265277777781,frozen_q,False,782.5,5.947322035559247,-2.7937169868696056e-13,0.672614741580259,0.7193446311076994
0.11912265277777781,frozen_q,False,785.0,5.947322035559166,-2.6625397231812533e-13,0.672614741580259,0.7193446311077671
0.11912265277777781,frozen_q,False,787.5,5.947322035559085,-2.5313624594929e-13,0.672614741580259,0.7193446311078349
0.11912265277777781,frozen_q,False,790.0,5.947322035559004,-2.400185195804548e-13,0.672614741580259,0.7193446311079026
0.11912265277777781,frozen_q,False,792.5,5.947322035558924,-2.269007932116195e-13,0.672614741580259,0.7193446311079703
0.11912265277777781,frozen_q,False,795.0,5.947322035558844,-2.1378306684278422e-13,0.672614741580259,0.7193446311080371
0.11912265277777781,frozen_q,False,797.5,5.947322035558763,-2.0066534047394894e-13,0.672614741580259,0.7193446311081048
0.11912265277777781,frozen_q,False,800.0,5.947322035558682,-1.875476141051137e-13,0.672614741580259,0.7193446311081725
0.11912265277777781,frozen_q,False,802.5,5.947322035558601,-1.744298877362784e-13,0.672614741580259,0.7193446311082402
0.11912265277777781,frozen_q,False,805.0,5.94732203555852,-1.6131216136744313e-13,0.672614741580259,0.7193446311083079
0.11912265277777781,frozen_q,False,807.5,5.9473220355584395,-1.4819443499860786e-13,0.672614741580259,0.7193446311083757
0.11912265277777781,frozen_q,False,810.0,5.94732203555836,-1.350767086297726e-13,0.672614741580259,0.7193446311084425
0.11912265277777781,frozen_q,False,812.5,5.947322035558279,-1.2195898226093733e-13,0.672614741580259,0.7193446311085102
0.11912265277777781,frozen_q,False,815.0,5.947322035558198,-1.0884125589210205e-13,0.672614741580259,0.7193446311085778
0.11912265277777781,frozen_q,False,817.5,5.947322035558226,-1.044110117893366e-13,0.672614741580259,0.719344631108545
0.11912265277777781,frozen_q,False,820.0,5.947322035558285,-1.0243291851748651e-13,0.672614741580259,0.7193446311084845
0.11912265277777781,frozen_q,False,822.5,5.9473220355583445,-1.0045482524563642e-13,0.672614741580259,0.719344631108423
0.11912265277777781,frozen_q,False,825.0,5.947322035558403,-9.847673197378632e-14,0.672614741580259,0.7193446311083623
0.11912265277777781,frozen_q,False,827.5,5.947322035558463,-9.649863870193624e-14,0.672614741580259,0.7193446311083008
0.11912265277777781,frozen_q,False,830.0,5.947322035558521,-9.452054543008615e-14,0.672614741580259,0.7193446311082402
0.11912265277777781,frozen_q,False,832.5,5.947322035558581,-9.254245215823606e-14,0.672614741580259,0.7193446311081788
0.11912265277777781,frozen_q,False,835.0,5.947322035558639,-9.056435888638597e-14,0.672614741580259,0.7193446311081182
0.11912265277777781,frozen_q,False,837.5,5.947322035558698,-8.858626561453587e-14,0.672614741580259,0.7193446311080576
0.11912265277777781,frozen_q,False,840.0,5.9473220355587575,-8.66081723426858e-14,0.672614741580259,0.7193446311079961
0.11912265277777781,frozen_q,False,842.5,5.947322035558816,-8.46300790708357e-14,0.672614741580259,0.7193446311079355
0.11912265277777781,frozen_q,False,845.0,5.947322035558876,-8.265198579898561e-14,0.672614741580259,0.7193446311078739
0.11912265277777781,frozen_q,False,847.5,5.947322035558934,-8.067389252713552e-14,0.672614741580259,0.7193446311078134
0.11912265277777781,frozen_q,False,850.0,5.947322035558994,-7.869579925528542e-14,0.672614741580259,0.7193446311077519
0.11912265277777781,frozen_q,False,852.5,5.947322035559052,-7.671770598343534e-14,0.672614741580259,0.7193446311076913
0.11912265277777781,frozen_q,False,855.0,5.947322035559112,-7.473961271158525e-14,0.672614741580259,0.7193446311076298
0.11912265277777781,frozen_q,False,857.5,5.9473220355591705,-7.276151943973516e-14,0.672614741580259,0.7193446311075692
0.11912265277777781,frozen_q,False,860.0,5.94732203555923,-7.078342616788507e-14,0.672614741580259,0.7193446311075078
0.11912265277777781,frozen_q,False,862.5,5.947322035559289,-6.880533289603497e-14,0.672614741580259,0.7193446311074472
0.11912265277777781,frozen_q,False,865.0,5.947322035559348,-6.68272396241849e-14,0.672614741580259,0.7193446311073857
0.11912265277777781,frozen_q,False,867.5,5.947322035559407,-6.48491463523348e-14,0.672614741580259,0.719344631107325
0.11912265277777781,frozen_q,False,870.0,5.947322035559465,-6.287105308048471e-14,0.672614741580259,0.7193446311072644
0.11912265277777781,frozen_q,False,872.5,5.947322035559525,-6.089295980863462e-14,0.672614741580259,0.7193446311072029
0.11912265277777781,frozen_q,False,875.0,5.9473220355595835,-5.891486653678452e-14,0.672614741580259,0.7193446311071424
0.11912265277777781,frozen_q,False,877.5,5.947322035559643,-5.693677326493444e-14,0.672614741580259,0.7193446311070809
0.11912265277777781,frozen_q,False,880.0,5.947322035559702,-5.495867999308435e-14,0.672614741580259,0.7193446311070203
0.11912265277777781,frozen_q,False,882.5,5.947322035559761,-5.298058672123426e-14,0.672614741580259,0.7193446311069588
0.11912265277777781,frozen_q,False,885.0,5.94732203555982,-5.1002493449384166e-14,0.672614741580259,0.7193446311068982
0.11912265277777781,frozen_q,False,887.5,5.947322035559879,-4.902440017753408e-14,0.672614741580259,0.7193446311068368
0.11912265277777781,frozen_q,False,890.0,5.947322035559938,-4.704630690568399e-14,0.672614741580259,0.7193446311067762
0.11912265277777781,frozen_q,False,892.5,5.947322035559997,-4.50682136338339e-14,0.672614741580259,0.7193446311067146
0.11912265277777781,frozen_q,False,895.0,5.947322035560056,-4.3090120361983814e-14,0.672614741580259,0.719344631106654
0.11912265277777781,frozen_q,False,897.5,5.9473220355601155,-4.111202709013372e-14,0.672614741580259,0.7193446311065925
0.11912265277777781,frozen_q,False,900.0,5.947322035560174,-3.913393381828363e-14,0.672614741580259,0.7193446311065319
0.11912265277777781,frozen_q,False,902.5,5.947322035560233,-3.715584054643354e-14,0.672614741580259,0.7193446311064714
0.11912265277777781,frozen_q,False,905.0,5.947322035560292,-3.517774727458345e-14,0.672614741580259,0.7193446311064099
0.11912265277777781,frozen_q,False,907.5,5.947322035560351,-3.3199654002733364e-14,0.672614741580259,0.7193446311063493
0.11912265277777781,frozen_q,False,910.0,5.94732203556041,-3.122156073088327e-14,0.672614741580259,0.7193446311062878
0.11912265277777781,frozen_q,False,912.5,5.947322035560469,-2.924346745903318e-14,0.672614741580259,0.7193446311062272
0.11912265277777781,frozen_q,False,915.0,5.9473220355605285,-2.7265374187183093e-14,0.672614741580259,0.7193446311061658
0.11912265277777781,frozen_q,False,917.5,5.947322035560587,-2.5287280915333e-14,0.672614741580259,0.7193446311061051
0.11912265277777781,frozen_q,False,920.0,5.947322035560647,-2.330918764348291e-14,0.672614741580259,0.7193446311060436
0.11912265277777781,frozen_q,False,922.5,5.947322035560705,-2.133109437163282e-14,0.672614741580259,0.719344631105983
0.11912265277777781,frozen_q,False,925.0,5.947322035560765,-1.9353001099782732e-14,0.672614741580259,0.7193446311059215
0.11912265277777781,frozen_q,False,927.5,5.947322035560823,-1.7374907827932643e-14,0.672614741580259,0.7193446311058609
0.11912265277777781,frozen_q,False,930.0,5.947322035560865,-1.596720151142244e-14,0.672614741580259,0.7193446311058178
0.11912265277777781,frozen_q,False,932.5,5.947322035560864,-1.5932688849479738e-14,0.672614741580259,0.7193446311058187
0.11912265277777781,frozen_q,False,935.0,5.947322035560863,-1.5898176187537033e-14,0.672614741580259,0.7193446311058195
0.11912265277777781,frozen_q,False,937.5,5.9473220355608625,-1.5863663525594328e-14,0.672614741580259,0.7193446311058204
0.11912265277777781,frozen_q,False,940.0,5.947322035560862,-1.582915086365162e-14,0.672614741580259,0.7193446311058213
0.11912265277777781,frozen_q,False,942.5,5.947322035560861,-1.5794638201708915e-14,0.672614741580259,0.719344631105822
0.11912265277777781,frozen_q,False,945.0,5.94732203556086,-1.576012553976621e-14,0.672614741580259,0.7193446311058229
0.11912265277777781,frozen_q,False,947.5,5.947322035560859,-1.5725612877823505e-14,0.672614741580259,0.7193446311058238
0.11912265277777781,frozen_q,False,950.0,5.947322035560858,-1.56911002158808e-14,0.672614741580259,0.7193446311058246
0.11912265277777781,frozen_q,False,952.5,5.947322035560857,-1.5656587553938098e-14,0.672614741580259,0.7193446311058255
0.11912265277777781,frozen_q,False,955.0,5.947322035560856,-1.5622074891995393e-14,0.672614741580259,0.7193446311058264
0.11912265277777781,frozen_q,False,957.5,5.947322035560855,-1.5587562230052688e-14,0.672614741580259,0.7193446311058271
0.11912265277777781,frozen_q,False,960.0,5.9473220355608545,-1.555304956810998e-14,0.672614741580259,0.719344631105828
0.11912265277777781,frozen_q,False,962.5,5.947322035560854,-1.5518536906167275e-14,0.672614741580259,0.7193446311058289
0.11912265277777781,frozen_q,False,965.0,5.947322035560853,-1.548402424422457e-14,0.672614741580259,0.7193446311058297
0.11912265277777781,frozen_q,False,967.5,5.947322035560852,-1.5449511582281865e-14,0.672614741580259,0.7193446311058306
0.11912265277777781,frozen_q,False,970.0,5.947322035560851,-1.541499892033916e-14,0.672614741580259,0.7193446311058315
0.11912265277777781,frozen_q,False,972.5,5.94732203556085,-1.5380486258396458e-14,0.672614741580259,0.7193446311058324
0.11912265277777781,frozen_q,False,975.0,5.947322035560849,-1.5345973596453753e-14,0.672614741580259,0.7193446311058331
0.11912265277777781,frozen_q,False,977.5,5.947322035560848,-1.5311460934511048e-14,0.672614741580259,0.719344631105834
0.11912265277777781,frozen_q,False,980.0,5.947322035560847,-1.527694827256834e-14,0.672614741580259,0.7193446311058349
0.11912265277777781,frozen_q,False,982.5,5.9473220355608465,-1.5242435610625635e-14,0.672614741580259,0.7193446311058357
0.11912265277777781,frozen_q,False,985.0,5.947322035560846,-1.520792294868293e-14,0.672614741580259,0.7193446311058366
0.11912265277777781,frozen_q,False,987.5,5.947322035560845,-1.5173410286740225e-14,0.672614741580259,0.7193446311058375
0.11912265277777781,frozen_q,False,990.0,5.947322035560844,-1.5138897624797523e-14,0.672614741580259,0.7193446311058382
0.11912265277777781,frozen_q,False,992.5,5.947322035560843,-1.5104384962854818e-14,0.672614741580259,0.7193446311058391
0.11912265277777781,frozen_q,False,995.0,5.947322035560842,-1.5069872300912113e-14,0.672614741580259,0.71934463110584
0.11912265277777781,frozen_q,False,997.5,5.947322035560841,-1.5035359638969408e-14,0.672614741580259,0.7193446311058408
0.11912265277777781,frozen_q,False,1000.0,5.94732203556084,-1.50008469770267e-14,0.672614741580259,0.7193446311058417
0.11912265277777781,frozen_q,False,1002.5,5.947322035560839,-1.4966334315083994e-14,0.672614741580259,0.7193446311058426
0.11912265277777781,frozen_q,False,1005.0,5.9473220355608385,-1.493182165314129e-14,0.672614741580259,0.7193446311058433
0.11912265277777781,frozen_q,False,1007.5,5.947322035560838,-1.4897308991198584e-14,0.672614741580259,0.7193446311058442
0.11912265277777781,frozen_q,False,1010.0,5.947322035560837,-1.4862796329255882e-14,0.672614741580259,0.7193446311058451
0.11912265277777781,frozen_q,False,1012.5,5.947322035560836,-1.4828283667313177e-14,0.672614741580259,0.719344631105846
0.11912265277777781,frozen_q,False,1015.0,5.947322035560835,-1.4793771005370472e-14,0.672614741580259,0.7193446311058468
0.11912265277777781,frozen_q,False,1017.5,5.947322035560834,-1.4759258343427767e-14,0.672614741580259,0.7193446311058477
0.11912265277777781,frozen_q,False,1020.0,5.947322035560833,-1.472474568148506e-14,0.672614741580259,0.7193446311058486
0.11912265277777781,frozen_q,False,1022.5,5.947322035560832,-1.4690233019542354e-14,0.672614741580259,0.7193446311058493
0.11912265277777781,frozen_q,False,1025.0,5.947322035560831,-1.465572035759965e-14,0.672614741580259,0.7193446311058502
0.11912265277777781,frozen_q,False,1027.5,5.9473220355608305,-1.4621207695656944e-14,0.672614741580259,0.7193446311058511
0.11912265277777781,frozen_q,False,1030.0,5.94732203556083,-1.4586695033714242e-14,0.672614741580259,0.7193446311058519
0.11912265277777781,frozen_q,False,1032.5,5.947322035560829,-1.4552182371771537e-14,0.672614741580259,0.7193446311058528
0.11912265277777781,frozen_q,False,1035.0,5.947322035560828,-1.4517669709828832e-14,0.672614741580259,0.7193446311058537
0.11912265277777781,frozen_q,False,1037.5,5.947322035560827,-1.4483157047886127e-14,0.672614741580259,0.7193446311058544
0.11912265277777781,frozen_q,False,1040.0,5.947322035560826,-1.444864438594342e-14,0.672614741580259,0.7193446311058553
0.11912265277777781,frozen_q,False,1042.5,5.947322035560825,-1.4414131724000714e-14,0.672614741580259,0.7193446311058562
0.11912265277777781,frozen_q,False,1045.0,5.947322035560824,-1.437961906205801e-14,0.672614741580259,0.7193446311058571
0.11912265277777781,frozen_q,False,1047.5,5.947322035560823,-1.4345106400115304e-14,0.672614741580259,0.7193446311058579
0.11912265277777781,frozen_q,False,1050.0,5.9473220355608225,-1.4310593738172602e-14,0.672614741580259,0.7193446311058588
0.11912265277777781,frozen_q,False,1052.5,5.947322035560822,-1.4276081076229897e-14,0.672614741580259,0.7193446311058597
0.11912265277777781,frozen_q,False,1055.0,5.947322035560821,-1.4241568414287192e-14,0.672614741580259,0.7193446311058604
0.11912265277777781,frozen_q,False,1057.5,5.94732203556082,-1.4207055752344485e-14,0.672614741580259,0.7193446311058613
0.11912265277777781,frozen_q,False,1060.0,5.947322035560819,-1.417254309040178e-14,0.672614741580259,0.7193446311058622
0.11912265277777781,frozen_q,False,1062.5,5.947322035560818,-1.4138030428459075e-14,0.672614741580259,0.719344631105863
0.11912265277777781,frozen_q,False,1065.0,5.947322035560817,-1.410351776651637e-14,0.672614741580259,0.7193446311058639
0.11912265277777781,frozen_q,False,1067.5,5.947322035560816,-1.4069005104573665e-14,0.672614741580259,0.7193446311058648
0.11912265277777781,frozen_q,False,1070.0,5.947322035560815,-1.403449244263096e-14,0.672614741580259,0.7193446311058656
0.11912265277777781,frozen_q,False,1072.5,5.9473220355608145,-1.3999979780688255e-14,0.672614741580259,0.7193446311058664
0.11912265277777781,frozen_q,False,1075.0,5.947322035560814,-1.396546711874555e-14,0.672614741580259,0.7193446311058673
0.11912265277777781,frozen_q,False,1077.5,5.947322035560813,-1.3930954456802845e-14,0.672614741580259,0.7193446311058681
0.11912265277777781,frozen_q,False,1080.0,5.947322035560812,-1.3896441794860142e-14,0.672614741580259,0.719344631105869
0.11912265277777781,frozen_q,False,1082.5,5.947322035560811,-1.3861929132917435e-14,0.672614741580259,0.7193446311058699
0.11912265277777781,frozen_q,False,1085.0,5.94732203556081,-1.382741647097473e-14,0.672614741580259,0.7193446311058708
0.11912265277777781,frozen_q,False,1087.5,5.947322035560809,-1.3792903809032025e-14,0.672614741580259,0.7193446311058715
0.11912265277777781,frozen_q,False,1090.0,5.947322035560808,-1.375839114708932e-14,0.672614741580259,0.7193446311058724
0.11912265277777781,frozen_q,False,1092.5,5.947322035560807,-1.3723878485146615e-14,0.672614741580259,0.7193446311058733
0.11912265277777781,frozen_q,False,1095.0,5.9473220355608065,-1.368936582320391e-14,0.672614741580259,0.7193446311058741
0.11912265277777781,frozen_q,False,1097.5,5.9473220355608065,-1.3654853161261205e-14,0.672614741580259,0.7193446311058741
0.11912265277777781,frozen_q,False,1100.0,5.947322035560806,-1.3620340499318501e-14,0.672614741580259,0.719344631105875
0.11912265277777781,frozen_q,False,1102.5,5.947322035560805,-1.3585827837375795e-14,0.672614741580259,0.7193446311058758
0.11912265277777781,frozen_q,False,1105.0,5.947322035560804,-1.355131517543309e-14,0.672614741580259,0.7193446311058767
0.11912265277777781,frozen_q,False,1107.5,5.947322035560803,-1.3516802513490385e-14,0.672614741580259,0.7193446311058775
0.11912265277777781,frozen_q,False,1110.0,5.947322035560802,-1.348228985154768e-14,0.672614741580259,0.7193446311058783
0.11912265277777781,frozen_q,False,1112.5,5.947322035560801,-1.3447777189604975e-14,0.672614741580259,0.7193446311058792
0.11912265277777781,frozen_q,False,1115.0,5.9473220355608,-1.341326452766227e-14,0.672614741580259,0.7193446311058801
0.11912265277777781,frozen_q,False,1117.5,5.947322035560799,-1.3378751865719566e-14,0.672614741580259,0.719344631105881
0.11912265277777781,frozen_q,False,1120.0,5.9473220355607985,-1.3344239203776861e-14,0.672614741580259,0.7193446311058818
0.11912265277777781,frozen_q,False,1122.5,5.947322035560798,-1.3309726541834155e-14,0.672614741580259,0.7193446311058826
0.11912265277777781,frozen_q,False,1125.0,5.947322035560797,-1.327521387989145e-14,0.672614741580259,0.7193446311058835
0.11912265277777781,frozen_q,False,1127.5,5.947322035560796,-1.3240701217948744e-14,0.672614741580259,0.7193446311058843
0.11912265277777781,frozen_q,False,1130.0,5.947322035560795,-1.320618855600604e-14,0.672614741580259,0.7193446311058852
0.11912265277777781,frozen_q,False,1132.5,5.947322035560794,-1.3171675894063334e-14,0.672614741580259,0.7193446311058861
0.11912265277777781,frozen_q,False,1135.0,5.947322035560793,-1.313716323212063e-14,0.672614741580259,0.7193446311058869
0.11912265277777781,frozen_q,False,1137.5,5.947322035560792,-1.3102650570177926e-14,0.672614741580259,0.7193446311058878
0.11912265277777781,frozen_q,False,1140.0,5.947322035560791,-1.3068137908235221e-14,0.672614741580259,0.7193446311058886
0.11912265277777781,frozen_q,False,1142.5,5.9473220355607905,-1.3033625246292514e-14,0.672614741580259,0.7193446311058894
0.11912265277777781,frozen_q,False,1145.0,5.94732203556079,-1.299911258434981e-14,0.672614741580259,0.7193446311058903
0.11912265277777781,frozen_q,False,1147.5,5.947322035560789,-1.2964599922407104e-14,0.672614741580259,0.7193446311058912
0.11912265277777781,frozen_q,False,1150.0,5.947322035560788,-1.2930087260464399e-14,0.672614741580259,0.719344631105892
0.11912265277777781,frozen_q,False,1152.5,5.947322035560787,-1.2895574598521694e-14,0.672614741580259,0.7193446311058929
0.11912265277777781,frozen_q,False,1155.0,5.947322035560786,-1.2861061936578989e-14,0.672614741580259,0.7193446311058938
0.11912265277777781,frozen_q,False,1157.5,5.947322035560785,-1.2826549274636286e-14,0.672614741580259,0.7193446311058946
0.11912265277777781,frozen_q,False,1160.0,5.947322035560784,-1.279203661269358e-14,0.672614741580259,0.7193446311058954
0.11912265277777781,frozen_q,False,1162.5,5.947322035560783,-1.2757523950750874e-14,0.672614741580259,0.7193446311058963
0.11912265277777781,frozen_q,False,1165.0,5.9473220355607825,-1.2723011288808169e-14,0.672614741580259,0.7193446311058972
0.11912265277777781,frozen_q,False,1167.5,5.947322035560782,-1.2688498626865464e-14,0.672614741580259,0.719344631105898
0.11912265277777781,frozen_q,False,1170.0,5.947322035560781,-1.2653985964922759e-14,0.672614741580259,0.7193446311058989
0.11912265277777781,frozen_q,False,1172.5,5.94732203556078,-1.2619473302980054e-14,0.672614741580259,0.7193446311058997
0.11912265277777781,frozen_q,False,1175.0,5.947322035560779,-1.2584960641037349e-14,0.672614741580259,0.7193446311059005
0.11912265277777781,frozen_q,False,1177.5,5.947322035560778,-1.2550447979094645e-14,0.672614741580259,0.7193446311059014
0.11912265277777781,frozen_q,False,1180.0,5.947322035560777,-1.251593531715194e-14,0.672614741580259,0.7193446311059023
0.11912265277777781,frozen_q,False,1182.5,5.947322035560776,-1.2481422655209234e-14,0.672614741580259,0.7193446311059031
0.11912265277777781,frozen_q,False,1185.0,5.947322035560775,-1.2446909993266529e-14,0.672614741580259,0.719344631105904
0.11912265277777781,frozen_q,False,1187.5,5.9473220355607745,-1.2412397331323824e-14,0.672614741580259,0.7193446311059049
0.11912265277777781,frozen_q,False,1190.0,5.947322035560774,-1.2377884669381119e-14,0.672614741580259,0.7193446311059056
0.11912265277777781,frozen_q,False,1192.5,5.947322035560773,-1.2343372007438414e-14,0.672614741580259,0.7193446311059065
0.11912265277777781,frozen_q,False,1195.0,5.947322035560772,-1.2308859345495709e-14,0.672614741580259,0.7193446311059074
0.11912265277777781,frozen_q,False,1197.5,5.947322035560771,-1.2274346683553005e-14,0.672614741580259,0.7193446311059083
0.11912265277777781,frozen_q,False,1200.0,5.94732203556077,-1.22398340216103e-14,0.672614741580259,0.7193446311059091
0.11912265277777781,frozen_q,False,1202.5,5.947322035560769,-1.2205321359667594e-14,0.672614741580259,0.71934463110591
0.11912265277777781,frozen_q,False,1205.0,5.947322035560768,-1.2170808697724889e-14,0.672614741580259,0.7193446311059108
0.11912265277777781,frozen_q,False,1207.5,5.947322035560767,-1.2136296035782184e-14,0.672614741580259,0.7193446311059116
0.11912265277777781,frozen_q,False,1210.0,5.9473220355607666,-1.2101783373839478e-14,0.672614741580259,0.7193446311059125
0.11912265277777781,frozen_q,False,1212.5,5.947322035560766,-1.2067270711896773e-14,0.672614741580259,0.7193446311059134
0.11912265277777781,frozen_q,False,1215.0,5.947322035560765,-1.2032758049954068e-14,0.672614741580259,0.7193446311059142
0.11912265277777781,frozen_q,False,1217.5,5.947322035560764,-1.1998245388011365e-14,0.672614741580259,0.7193446311059151
0.11912265277777781,frozen_q,False,1220.0,5.947322035560763,-1.196373272606866e-14,0.672614741580259,0.719344631105916
0.11912265277777781,frozen_q,False,1222.5,5.947322035560762,-1.1929220064125953e-14,0.672614741580259,0.7193446311059167
0.11912265277777781,frozen_q,False,1225.0,5.947322035560761,-1.1894707402183248e-14,0.672614741580259,0.7193446311059176
0.11912265277777781,frozen_q,False,1227.5,5.94732203556076,-1.1860194740240543e-14,0.672614741580259,0.7193446311059185
0.11912265277777781,frozen_q,False,1230.0,5.9473220355607594,-1.1825682078297838e-14,0.672614741580259,0.7193446311059194
0.11912265277777781,frozen_q,False,1232.5,5.947322035560759,-1.1791169416355133e-14,0.672614741580259,0.7193446311059202
0.11912265277777781,frozen_q,False,1235.0,5.947322035560758,-1.1756656754412428e-14,0.672614741580259,0.7193446311059211
0.11912265277777781,frozen_q,False,1237.5,5.947322035560757,-1.1722144092469725e-14,0.672614741580259,0.719344631105922
0.11912265277777781,frozen_q,False,1240.0,5.947322035560756,-1.168763143052702e-14,0.672614741580259,0.7193446311059227
0.11912265277777781,frozen_q,False,1242.5,5.947322035560755,-1.1653118768584313e-14,0.672614741580259,0.7193446311059236
0.11912265277777781,frozen_q,False,1245.0,5.947322035560754,-1.1618606106641608e-14,0.672614741580259,0.7193446311059245
0.11912265277777781,frozen_q,False,1247.5,5.947322035560753,-1.1584093444698903e-14,0.672614741580259,0.7193446311059253
0.11912265277777781,frozen_q,False,1250.0,5.947322035560752,-1.1549580782756198e-14,0.672614741580259,0.7193446311059262
0.11912265277777781,frozen_q,False,1252.5,5.9473220355607515,-1.1515068120813493e-14,0.672614741580259,0.7193446311059271
0.11912265277777781,frozen_q,False,1255.0,5.947322035560751,-1.1480555458870788e-14,0.672614741580259,0.7193446311059278
0.11912265277777781,frozen_q,False,1257.5,5.94732203556075,-1.1446042796928085e-14,0.672614741580259,0.7193446311059287
0.11912265277777781,frozen_q,False,1260.0,5.947322035560749,-1.141153013498538e-14,0.672614741580259,0.7193446311059296
0.11912265277777781,frozen_q,False,1262.5,5.947322035560748,-1.1377017473042673e-14,0.672614741580259,0.7193446311059304
0.11912265277777781,frozen_q,False,1265.0,5.947322035560747,-1.1342504811099968e-14,0.672614741580259,0.7193446311059313
0.11912265277777781,frozen_q,False,1267.5,5.947322035560746,-1.1307992149157263e-14,0.672614741580259,0.7193446311059322
0.11912265277777781,frozen_q,False,1270.0,5.947322035560745,-1.1273479487214558e-14,0.672614741580259,0.719344631105933
0.11912265277777781,frozen_q,False,1272.5,5.947322035560744,-1.1238966825271853e-14,0.672614741580259,0.7193446311059338
0.11912265277777781,frozen_q,False,1275.0,5.9473220355607435,-1.1204454163329148e-14,0.672614741580259,0.7193446311059347
0.11912265277777781,frozen_q,False,1277.5,5.947322035560743,-1.1169941501386444e-14,0.672614741580259,0.7193446311059356
0.11912265277777781,frozen_q,False,1280.0,5.947322035560742,-1.113542883944374e-14,0.672614741580259,0.7193446311059364
0.11912265277777781,frozen_q,False,1282.5,5.947322035560741,-1.1100916177501034e-14,0.672614741580259,0.7193446311059373
0.11912265277777781,frozen_q,False,1285.0,5.94732203556074,-1.1066403515558328e-14,0.672614741580259,0.7193446311059382
0.11912265277777781,frozen_q,False,1287.5,5.947322035560739,-1.1031890853615623e-14,0.672614741580259,0.7193446311059389
0.11912265277777781,frozen_q,False,1290.0,5.947322035560739,-1.0997378191672918e-14,0.672614741580259,0.7193446311059389
0.11912265277777781,frozen_q,False,1292.5,5.947322035560738,-1.0962865529730213e-14,0.672614741580259,0.7193446311059398
0.11912265277777781,frozen_q,False,1295.0,5.947322035560737,-1.0928352867787508e-14,0.672614741580259,0.7193446311059406
0.11912265277777781,frozen_q,False,1297.5,5.947322035560736,-1.0893840205844804e-14,0.672614741580259,0.7193446311059415
0.11912265277777781,frozen_q,False,1300.0,5.9473220355607355,-1.0859327543902099e-14,0.672614741580259,0.7193446311059424
0.11912265277777781,frozen_q,False,1302.5,5.947322035560735,-1.0824814881959394e-14,0.672614741580259,0.7193446311059433
0.11912265277777781,frozen_q,False,1305.0,5.947322035560734,-1.0790302220016687e-14,0.672614741580259,0.719344631105944
0.11912265277777781,frozen_q,False,1307.5,5.947322035560733,-1.0755789558073982e-14,0.672614741580259,0.7193446311059449
0.11912265277777781,frozen_q,False,1310.0,5.947322035560732,-1.0721276896131277e-14,0.672614741580259,0.7193446311059458
0.11912265277777781,frozen_q,False,1312.5,5.947322035560731,-1.0686764234188572e-14,0.672614741580259,0.7193446311059466
0.11912265277777781,frozen_q,False,1315.0,5.94732203556073,-1.0652251572245869e-14,0.672614741580259,0.7193446311059475
0.11912265277777781,frozen_q,False,1317.5,5.947322035560729,-1.0617738910303164e-14,0.672614741580259,0.7193446311059484
0.11912265277777781,frozen_q,False,1320.0,5.947322035560728,-1.0583226248360459e-14,0.672614741580259,0.7193446311059492
0.11912265277777781,frozen_q,False,1322.5,5.9473220355607275,-1.0548713586417754e-14,0.672614741580259,0.71934463110595
0.11912265277777781,frozen_q,False,1325.0,5.947322035560727,-1.0514200924475047e-14,0.672614741580259,0.7193446311059509
0.11912265277777781,frozen_q,False,1327.5,5.947322035560726,-1.0479688262532342e-14,0.672614741580259,0.7193446311059517
0.11912265277777781,frozen_q,False,1330.0,5.947322035560725,-1.0445175600589637e-14,0.672614741580259,0.7193446311059526
0.11912265277777781,frozen_q,False,1332.5,5.947322035560724,-1.0410662938646932e-14,0.672614741580259,0.7193446311059535
0.11912265277777781,frozen_q,False,1335.0,5.947322035560723,-1.0376150276704229e-14,0.672614741580259,0.7193446311059543
0.11912265277777781,frozen_q,False,1337.5,5.947322035560722,-1.0341637614761524e-14,0.672614741580259,0.7193446311059551
0.11912265277777781,frozen_q,False,1340.0,5.947322035560721,-1.0307124952818819e-14,0.672614741580259,0.719344631105956
0.11912265277777781,frozen_q,False,1342.5,5.94732203556072,-1.0272612290876114e-14,0.672614741580259,0.7193446311059569
0.11912265277777781,frozen_q,False,1345.0,5.9473220355607195,-1.0238099628933407e-14,0.672614741580259,0.7193446311059577
0.11912265277777781,frozen_q,False,1347.5,5.947322035560719,-1.0203586966990702e-14,0.672614741580259,0.7193446311059586
0.11912265277777781,frozen_q,False,1350.0,5.947322035560718,-1.0169074305047997e-14,0.672614741580259,0.7193446311059595
0.11912265277777781,frozen_q,False,1352.5,5.947322035560717,-1.0134561643105292e-14,0.672614741580259,0.7193446311059603
0.11912265277777781,frozen_q,False,1355.0,5.947322035560716,-1.0100048981162588e-14,0.672614741580259,0.7193446311059611
0.11912265277777781,frozen_q,False,1357.5,5.947322035560715,-1.0065536319219883e-14,0.672614741580259,0.719344631105962
0.11912265277777781,frozen_q,False,1360.0,5.947322035560714,-1.0031023657277178e-14,0.672614741580259,0.7193446311059628
0.11912265277777781,frozen_q,False,1362.5,5.947322035560713,-9.996510995334473e-15,0.672614741580259,0.7193446311059637
0.11912265277777781,frozen_q,False,1365.0,5.947322035560712,-9.961998333391767e-15,0.672614741580259,0.7193446311059646
0.11912265277777781,frozen_q,False,1367.5,5.9473220355607115,-9.927485671449062e-15,0.672614741580259,0.7193446311059654
0.11912265277777781,frozen_q,False,1370.0,5.947322035560711,-9.892973009506357e-15,0.672614741580259,0.7193446311059662
0.11912265277777781,frozen_q,False,1372.5,5.94732203556071,-9.858460347563652e-15,0.672614741580259,0.7193446311059671
0.11912265277777781,frozen_q,False,1375.0,5.947322035560709,-9.823947685620948e-15,0.672614741580259,0.7193446311059679
0.11912265277777781,frozen_q,False,1377.5,5.947322035560708,-9.789435023678243e-15,0.672614741580259,0.7193446311059688
0.11912265277777781,frozen_q,False,1380.0,5.947322035560707,-9.754922361735538e-15,0.672614741580259,0.7193446311059697
0.11912265277777781,frozen_q,False,1382.5,5.947322035560706,-9.720409699792833e-15,0.672614741580259,0.7193446311059706
0.11912265277777781,frozen_q,False,1385.0,5.947322035560705,-9.685897037850126e-15,0.672614741580259,0.7193446311059714
0.11912265277777781,frozen_q,False,1387.5,5.947322035560704,-9.651384375907421e-15,0.672614741580259,0.7193446311059722
0.11912265277777781,frozen_q,False,1390.0,5.9473220355607035,-9.616871713964716e-15,0.672614741580259,0.7193446311059731
0.11912265277777781,frozen_q,False,1392.5,5.947322035560703,-9.582359052022011e-15,0.672614741580259,0.7193446311059739
0.11912265277777781,frozen_q,False,1395.0,5.947322035560702,-9.547846390079308e-15,0.672614741580259,0.7193446311059748
0.11912265277777781,frozen_q,False,1397.5,5.947322035560701,-9.513333728136603e-15,0.672614741580259,0.7193446311059757
0.11912265277777781,frozen_q,False,1400.0,5.9473220355607,-9.478821066193898e-15,0.672614741580259,0.7193446311059765
0.11912265277777781,frozen_q,False,1402.5,5.947322035560699,-9.444308404251193e-15,0.672614741580259,0.7193446311059774
0.11912265277777781,frozen_q,False,1405.0,5.947322035560698,-9.409795742308486e-15,0.672614741580259,0.7193446311059782
0.11912265277777781,frozen_q,False,1407.5,5.947322035560697,-9.375283080365781e-15,0.672614741580259,0.719344631105979
0.11912265277777781,frozen_q,False,1410.0,5.947322035560696,-9.340770418423076e-15,0.672614741580259,0.7193446311059799
0.11912265277777781,frozen_q,False,1412.5,5.9473220355606955,-9.306257756480371e-15,0.672614741580259,0.7193446311059808
0.11912265277777781,frozen_q,False,1415.0,5.947322035560695,-9.271745094537668e-15,0.672614741580259,0.7193446311059817
0.11912265277777781,frozen_q,False,1417.5,5.947322035560694,-9.237232432594963e-15,0.672614741580259,0.7193446311059825
0.11912265277777781,frozen_q,False,1420.0,5.947322035560693,-9.202719770652258e-15,0.672614741580259,0.7193446311059833
0.11912265277777781,frozen_q,False,1422.5,5.947322035560692,-9.168207108709553e-15,0.672614741580259,0.7193446311059842
0.11912265277777781,frozen_q,False,1425.0,5.947322035560691,-9.133694446766846e-15,0.672614741580259,0.719344631105985
0.11912265277777781,frozen_q,False,1427.5,5.94732203556069,-9.099181784824141e-15,0.672614741580259,0.7193446311059859
0.11912265277777781,frozen_q,False,1430.0,5.947322035560689,-9.064669122881436e-15,0.672614741580259,0.7193446311059868
0.11912265277777781,frozen_q,False,1432.5,5.947322035560688,-9.030156460938731e-15,0.672614741580259,0.7193446311059876
0.11912265277777781,frozen_q,False,1435.0,5.9473220355606875,-8.995643798996027e-15,0.672614741580259,0.7193446311059885
0.11912265277777781,frozen_q,False,1437.5,5.947322035560687,-8.961131137053322e-15,0.672614741580259,0.7193446311059893
0.11912265277777781,frozen_q,False,1440.0,5.947322035560686,-8.926618475110617e-15,0.672614741580259,0.7193446311059901
0.11912265277777781,frozen_q,False,1442.5,5.947322035560685,-8.892105813167912e-15,0.672614741580259,0.719344631105991
0.11912265277777781,frozen_q,False,1445.0,5.947322035560684,-8.857593151225206e-15,0.672614741580259,0.7193446311059919
0.11912265277777781,frozen_q,False,1447.5,5.947322035560683,-8.8230804892825e-15,0.672614741580259,0.7193446311059927
0.11912265277777781,frozen_q,False,1450.0,5.947322035560682,-8.788567827339796e-15,0.672614741580259,0.7193446311059936
0.11912265277777781,frozen_q,False,1452.5,5.947322035560681,-8.75405516539709e-15,0.672614741580259,0.7193446311059944
0.11912265277777781,frozen_q,False,1455.0,5.94732203556068,-8.719542503454387e-15,0.672614741580259,0.7193446311059953
0.11912265277777781,frozen_q,False,1457.5,5.9473220355606795,-8.685029841511682e-15,0.672614741580259,0.7193446311059961
0.11912265277777781,frozen_q,False,1460.0,5.947322035560679,-8.650517179568977e-15,0.672614741580259,0.719344631105997
0.11912265277777781,frozen_q,False,1462.5,5.947322035560678,-8.616004517626272e-15,0.672614741580259,0.7193446311059979
0.11912265277777781,frozen_q,False,1465.0,5.947322035560677,-8.581491855683566e-15,0.672614741580259,0.7193446311059987
0.11912265277777781,frozen_q,False,1467.5,5.947322035560676,-8.54697919374086e-15,0.672614741580259,0.7193446311059996
0.11912265277777781,frozen_q,False,1470.0,5.947322035560675,-8.512466531798155e-15,0.672614741580259,0.7193446311060004
0.11912265277777781,frozen_q,False,1472.5,5.947322035560674,-8.47795386985545e-15,0.672614741580259,0.7193446311060012
0.11912265277777781,frozen_q,False,1475.0,5.947322035560673,-8.443441207912747e-15,0.672614741580259,0.7193446311060021
0.11912265277777781,frozen_q,False,1477.5,5.947322035560672,-8.408928545970042e-15,0.672614741580259,0.719344631106003
0.11912265277777781,frozen_q,False,1480.0,5.947322035560672,-8.374415884027337e-15,0.672614741580259,0.7193446311060029
0.11912265277777781,frozen_q,False,1482.5,5.9473220355606715,-8.339903222084632e-15,0.672614741580259,0.7193446311060038
0.11912265277777781,frozen_q,False,1485.0,5.947322035560671,-8.305390560141927e-15,0.672614741580259,0.7193446311060047
0.11912265277777781,frozen_q,False,1487.5,5.94732203556067,-8.27087789819922e-15,0.672614741580259,0.7193446311060054
0.11912265277777781,frozen_q,False,1490.0,5.947322035560669,-8.236365236256515e-15,0.672614741580259,0.7193446311060063
0.11912265277777781,frozen_q,False,1492.5,5.947322035560668,-8.20185257431381e-15,0.672614741580259,0.7193446311060072
0.11912265277777781,frozen_q,False,1495.0,5.947322035560667,-8.167339912371107e-15,0.672614741580259,0.7193446311060081
0.11912265277777781,frozen_q,False,1497.5,5.947322035560666,-8.132827250428402e-15,0.672614741580259,0.7193446311060089
0.11912265277777781,frozen_q,False,1500.0,5.947322035560665,-8.098314588485697e-15,0.672614741580259,0.7193446311060098
0.11912265277777781,frozen_q,False,1502.5,5.947322035560664,-8.063801926542992e-15,0.672614741580259,0.7193446311060107
0.11912265277777781,frozen_q,False,1505.0,5.9473220355606635,-8.029289264600287e-15,0.672614741580259,0.7193446311060114
0.11912265277777781,frozen_q,False,1507.5,5.947322035560663,-7.994776602657582e-15,0.672614741580259,0.7193446311060123
0.11912265277777781,frozen_q,False,1510.0,5.947322035560662,-7.960263940714877e-15,0.672614741580259,0.7193446311060132
0.11912265277777781,frozen_q,False,1512.5,5.947322035560661,-7.925751278772172e-15,0.672614741580259,0.719344631106014
0.11912265277777781,frozen_q,False,1515.0,5.94732203556066,-7.891238616829467e-15,0.672614741580259,0.7193446311060149
0.11912265277777781,frozen_q,False,1517.5,5.947322035560659,-7.856725954886761e-15,0.672614741580259,0.7193446311060158
0.11912265277777781,frozen_q,False,1520.0,5.947322035560658,-7.822213292944056e-15,0.672614741580259,0.7193446311060165
0.11912265277777781,frozen_q,False,1522.5,5.947322035560657,-7.787700631001351e-15,0.672614741580259,0.7193446311060174
0.11912265277777781,frozen_q,False,1525.0,5.947322035560656,-7.753187969058646e-15,0.672614741580259,0.7193446311060183
0.11912265277777781,frozen_q,False,1527.5,5.9473220355606555,-7.718675307115941e-15,0.672614741580259,0.7193446311060192
0.11912265277777781,frozen_q,False,1530.0,5.947322035560655,-7.684162645173236e-15,0.672614741580259,0.71934463110602
0.11912265277777781,frozen_q,False,1532.5,5.947322035560654,-7.649649983230531e-15,0.672614741580259,0.7193446311060209
0.11912265277777781,frozen_q,False,1535.0,5.947322035560653,-7.615137321287826e-15,0.672614741580259,0.7193446311060218
0.11912265277777781,frozen_q,False,1537.5,5.947322035560652,-7.580624659345121e-15,0.672614741580259,0.7193446311060225
0.11912265277777781,frozen_q,False,1540.0,5.947322035560651,-7.546111997402416e-15,0.672614741580259,0.7193446311060234
0.11912265277777781,frozen_q,False,1542.5,5.94732203556065,-7.511599335459711e-15,0.672614741580259,0.7193446311060243
0.11912265277777781,frozen_q,False,1545.0,5.947322035560649,-7.477086673517006e-15,0.672614741580259,0.7193446311060251
0.11912265277777781,frozen_q,False,1547.5,5.947322035560648,-7.442574011574301e-15,0.672614741580259,0.719344631106026
0.11912265277777781,frozen_q,False,1550.0,5.9473220355606475,-7.408061349631596e-15,0.672614741580259,0.7193446311060269
0.11912265277777781,frozen_q,False,1552.5,5.947322035560647,-7.373548687688891e-15,0.672614741580259,0.7193446311060276
0.11912265277777781,frozen_q,False,1555.0,5.947322035560646,-7.339036025746186e-15,0.672614741580259,0.7193446311060285
0.11912265277777781,frozen_q,False,1557.5,5.947322035560645,-7.304523363803481e-15,0.672614741580259,0.7193446311060294
0.11912265277777781,frozen_q,False,1560.0,5.947322035560644,-7.270010701860776e-15,0.672614741580259,0.7193446311060302
0.11912265277777781,frozen_q,False,1562.5,5.947322035560643,-7.235498039918071e-15,0.672614741580259,0.7193446311060311
0.11912265277777781,frozen_q,False,1565.0,5.947322035560642,-7.200985377975366e-15,0.672614741580259,0.719344631106032
0.11912265277777781,frozen_q,False,1567.5,5.947322035560641,-7.166472716032661e-15,0.672614741580259,0.7193446311060329
0.11912265277777781,frozen_q,False,1570.0,5.94732203556064,-7.131960054089956e-15,0.672614741580259,0.7193446311060336
0.11912265277777781,frozen_q,False,1572.5,5.9473220355606395,-7.09744739214725e-15,0.672614741580259,0.7193446311060345
0.11912265277777781,frozen_q,False,1575.0,5.947322035560639,-7.062934730204545e-15,0.672614741580259,0.7193446311060354
0.11912265277777781,frozen_q,False,1577.5,5.947322035560638,-7.028422068261841e-15,0.672614741580259,0.7193446311060362
0.11912265277777781,frozen_q,False,1580.0,5.947322035560637,-6.993909406319136e-15,0.672614741580259,0.7193446311060371
0.11912265277777781,frozen_q,False,1582.5,5.947322035560636,-6.95939674437643e-15,0.672614741580259,0.719344631106038
0.11912265277777781,frozen_q,False,1585.0,5.947322035560635,-6.924884082433725e-15,0.672614741580259,0.7193446311060387
0.11912265277777781,frozen_q,False,1587.5,5.947322035560634,-6.890371420491021e-15,0.672614741580259,0.7193446311060396
0.11912265277777781,frozen_q,False,1590.0,5.947322035560633,-6.855858758548316e-15,0.672614741580259,0.7193446311060405
0.11912265277777781,frozen_q,False,1592.5,5.947322035560632,-6.82134609660561e-15,0.672614741580259,0.7193446311060413
0.11912265277777781,frozen_q,False,1595.0,5.9473220355606315,-6.786833434662905e-15,0.672614741580259,0.7193446311060422
0.11912265277777781,frozen_q,False,1597.5,5.947322035560631,-6.7523207727202006e-15,0.672614741580259,0.7193446311060431
0.11912265277777781,frozen_q,False,1600.0,5.94732203556063,-6.7178081107774955e-15,0.672614741580259,0.719344631106044
0.11912265277777781,frozen_q,False,1602.5,5.947322035560629,-6.68329544883479e-15,0.672614741580259,0.7193446311060447
0.11912265277777781,frozen_q,False,1605.0,5.947322035560628,-6.648782786892085e-15,0.672614741580259,0.7193446311060456
0.11912265277777781,frozen_q,False,1607.5,5.947322035560627,-6.6142701249493804e-15,0.672614741580259,0.7193446311060465
0.11912265277777781,frozen_q,False,1610.0,5.947322035560626,-6.5797574630066754e-15,0.672614741580259,0.7193446311060473
0.11912265277777781,frozen_q,False,1612.5,5.947322035560625,-6.5452448010639696e-15,0.672614741580259,0.7193446311060482
0.11912265277777781,frozen_q,False,1615.0,5.947322035560624,-6.5107321391212646e-15,0.672614741580259,0.7193446311060491
0.11912265277777781,frozen_q,False,1617.5,5.9473220355606236,-6.47621947717856e-15,0.672614741580259,0.7193446311060498
0.11912265277777781,frozen_q,False,1620.0,5.947322035560623,-6.441706815235855e-15,0.672614741580259,0.7193446311060507
0.11912265277777781,frozen_q,False,1622.5,5.947322035560622,-6.4071941532931495e-15,0.672614741580259,0.7193446311060516
0.11912265277777781,frozen_q,False,1625.0,5.947322035560621,-6.3726814913504444e-15,0.672614741580259,0.7193446311060524
0.11912265277777781,frozen_q,False,1627.5,5.94732203556062,-6.33816882940774e-15,0.672614741580259,0.7193446311060533
0.11912265277777781,frozen_q,False,1630.0,5.947322035560619,-6.303656167465035e-15,0.672614741580259,0.7193446311060542
0.11912265277777781,frozen_q,False,1632.5,5.947322035560618,-6.269143505522329e-15,0.672614741580259,0.719344631106055
0.11912265277777781,frozen_q,False,1635.0,5.947322035560617,-6.234630843579624e-15,0.672614741580259,0.7193446311060558
0.11912265277777781,frozen_q,False,1637.5,5.9473220355606164,-6.20011818163692e-15,0.672614741580259,0.7193446311060567
0.11912265277777781,frozen_q,False,1640.0,5.947322035560616,-6.165605519694215e-15,0.672614741580259,0.7193446311060576
0.11912265277777781,frozen_q,False,1642.5,5.947322035560615,-6.131092857751509e-15,0.672614741580259,0.7193446311060584
0.11912265277777781,frozen_q,False,1645.0,5.947322035560614,-6.096580195808804e-15,0.672614741580259,0.7193446311060593
0.11912265277777781,frozen_q,False,1647.5,5.947322035560613,-6.0620675338661e-15,0.672614741580259,0.7193446311060602
0.11912265277777781,frozen_q,False,1650.0,5.947322035560612,-6.027554871923395e-15,0.672614741580259,0.719344631106061
0.11912265277777781,frozen_q,False,1652.5,5.947322035560611,-5.993042209980689e-15,0.672614741580259,0.7193446311060618
0.11912265277777781,frozen_q,False,1655.0,5.94732203556061,-5.958529548037985e-15,0.672614741580259,0.7193446311060627
0.11912265277777781,frozen_q,False,1657.5,5.947322035560609,-5.92401688609528e-15,0.672614741580259,0.7193446311060635
0.11912265277777781,frozen_q,False,1660.0,5.9473220355606085,-5.889504224152575e-15,0.672614741580259,0.7193446311060644
0.11912265277777781,frozen_q,False,1662.5,5.947322035560608,-5.854991562209869e-15,0.672614741580259,0.7193446311060653
0.11912265277777781,frozen_q,False,1665.0,5.947322035560607,-5.820478900267165e-15,0.672614741580259,0.7193446311060661
0.11912265277777781,frozen_q,False,1667.5,5.947322035560606,-5.78596623832446e-15,0.672614741580259,0.719344631106067
0.11912265277777781,frozen_q,False,1670.0,5.947322035560605,-5.751453576381755e-15,0.672614741580259,0.7193446311060678
0.11912265277777781,frozen_q,False,1672.5,5.947322035560605,-5.716940914439049e-15,0.672614741580259,0.7193446311060677
0.11912265277777781,frozen_q,False,1675.0,5.947322035560604,-5.682428252496345e-15,0.672614741580259,0.7193446311060686
0.11912265277777781,frozen_q,False,1677.5,5.947322035560603,-5.64791559055364e-15,0.672614741580259,0.7193446311060695
0.11912265277777781,frozen_q,False,1680.0,5.947322035560602,-5.6134029286109346e-15,0.672614741580259,0.7193446311060704
0.11912265277777781,frozen_q,False,1682.5,5.947322035560601,-5.578890266668229e-15,0.672614741580259,0.7193446311060712
0.11912265277777781,frozen_q,False,1685.0,5.9473220355606005,-5.5443776047255245e-15,0.672614741580259,0.719344631106072
0.11912265277777781,frozen_q,False,1687.5,5.9473220355606,-5.5098649427828195e-15,0.672614741580259,0.7193446311060729
0.11912265277777781,frozen_q,False,1690.0,5.947322035560599,-5.4753522808401145e-15,0.672614741580259,0.7193446311060737
0.11912265277777781,frozen_q,False,1692.5,5.947322035560598,-5.4408396188974095e-15,0.672614741580259,0.7193446311060746
0.11912265277777781,frozen_q,False,1695.0,5.947322035560597,-5.4063269569547044e-15,0.672614741580259,0.7193446311060755
0.11912265277777781,frozen_q,False,1697.5,5.947322035560596,-5.371814295011999e-15,0.672614741580259,0.7193446311060763
0.11912265277777781,frozen_q,False,1700.0,5.947322035560595,-5.337301633069294e-15,0.672614741580259,0.7193446311060772
0.11912265277777781,frozen_q,False,1702.5,5.947322035560594,-5.302788971126589e-15,0.672614741580259,0.719344631106078
0.11912265277777781,frozen_q,False,1705.0,5.947322035560593,-5.268276309183884e-15,0.672614741580259,0.7193446311060788
0.11912265277777781,frozen_q,False,1707.5,5.9473220355605925,-5.233763647241179e-15,0.672614741580259,0.7193446311060797
0.11912265277777781,frozen_q,False,1710.0,5.947322035560592,-5.199250985298474e-15,0.672614741580259,0.7193446311060806
0.11912265277777781,frozen_q,False,1712.5,5.947322035560591,-5.164738323355769e-15,0.672614741580259,0.7193446311060815
0.11912265277777781,frozen_q,False,1715.0,5.94732203556059,-5.130225661413064e-15,0.672614741580259,0.7193446311060823
0.11912265277777781,frozen_q,False,1717.5,5.947322035560589,-5.095712999470359e-15,0.672614741580259,0.7193446311060832
0.11912265277777781,frozen_q,False,1720.0,5.947322035560588,-5.061200337527654e-15,0.672614741580259,0.719344631106084
0.11912265277777781,frozen_q,False,1722.5,5.947322035560587,-5.026687675584949e-15,0.672614741580259,0.7193446311060848
0.11912265277777781,frozen_q,False,1725.0,5.947322035560586,-4.992175013642244e-15,0.672614741580259,0.7193446311060857
0.11912265277777781,frozen_q,False,1727.5,5.947322035560585,-4.957662351699539e-15,0.672614741580259,0.7193446311060866
0.11912265277777781,frozen_q,False,1730.0,5.9473220355605845,-4.923149689756834e-15,0.672614741580259,0.7193446311060874
0.11912265277777781,frozen_q,False,1732.5,5.947322035560584,-4.888637027814129e-15,0.672614741580259,0.7193446311060883
0.11912265277777781,frozen_q,False,1735.0,5.947322035560583,-4.854124365871424e-15,0.672614741580259,0.7193446311060891
0.11912265277777781,frozen_q,False,1737.5,5.947322035560582,-4.819611703928719e-15,0.672614741580259,0.7193446311060899
0.11912265277777781,frozen_q,False,1740.0,5.947322035560581,-4.785099041986014e-15,0.672614741580259,0.7193446311060908
0.11912265277777781,frozen_q,False,1742.5,5.94732203556058,-4.750586380043309e-15,0.672614741580259,0.7193446311060917
0.11912265277777781,frozen_q,False,1745.0,5.947322035560579,-4.716073718100604e-15,0.672614741580259,0.7193446311060925
0.11912265277777781,frozen_q,False,1747.5,5.947322035560578,-4.681561056157899e-15,0.672614741580259,0.7193446311060934
0.11912265277777781,frozen_q,False,1750.0,5.947322035560577,-4.647048394215194e-15,0.672614741580259,0.7193446311060943
0.11912265277777781,frozen_q,False,1752.5,5.9473220355605765,-4.612535732272489e-15,0.672614741580259,0.7193446311060951
0.11912265277777781,frozen_q,False,1755.0,5.947322035560576,-4.578023070329784e-15,0.672614741580259,0.7193446311060959
0.11912265277777781,frozen_q,False,1757.5,5.947322035560575,-4.543510408387079e-15,0.672614741580259,0.7193446311060968
0.11912265277777781,frozen_q,False,1760.0,5.947322035560574,-4.508997746444374e-15,0.672614741580259,0.7193446311060977
0.11912265277777781,frozen_q,False,1762.5,5.947322035560573,-4.474485084501669e-15,0.672614741580259,0.7193446311060985
0.11912265277777781,frozen_q,False,1765.0,5.947322035560572,-4.439972422558964e-15,0.672614741580259,0.7193446311060994
0.11912265277777781,frozen_q,False,1767.5,5.947322035560571,-4.4054597606162586e-15,0.672614741580259,0.7193446311061003
0.11912265277777781,frozen_q,False,1770.0,5.94732203556057,-4.3709470986735535e-15,0.672614741580259,0.719344631106101
0.11912265277777781,frozen_q,False,1772.5,5.947322035560569,-4.3364344367308485e-15,0.672614741580259,0.7193446311061019
0.11912265277777781,frozen_q,False,1775.0,5.9473220355605685,-4.3019217747881435e-15,0.672614741580259,0.7193446311061028
0.11912265277777781,frozen_q,False,1777.5,5.947322035560568,-4.2674091128454385e-15,0.672614741580259,0.7193446311061036
0.11912265277777781,frozen_q,False,1780.0,5.947322035560567,-4.2328964509027334e-15,0.672614741580259,0.7193446311061045
0.11912265277777781,frozen_q,False,1782.5,5.947322035560566,-4.1983837889600284e-15,0.672614741580259,0.7193446311061054
0.11912265277777781,frozen_q,False,1785.0,5.947322035560565,-4.163871127017323e-15,0.672614741580259,0.7193446311061062
0.11912265277777781,frozen_q,False,1787.5,5.947322035560564,-4.129358465074618e-15,0.672614741580259,0.719344631106107
0.11912265277777781,frozen_q,False,1790.0,5.947322035560563,-4.094845803131913e-15,0.672614741580259,0.7193446311061079
0.11912265277777781,frozen_q,False,1792.5,5.947322035560562,-4.060333141189208e-15,0.672614741580259,0.7193446311061088
0.11912265277777781,frozen_q,False,1795.0,5.947322035560561,-4.025820479246503e-15,0.672614741580259,0.7193446311061096
0.11912265277777781,frozen_q,False,1797.5,5.9473220355605605,-3.991307817303798e-15,0.672614741580259,0.7193446311061105
0.11912265277777781,frozen_q,False,1800.0,5.94732203556056,-3.956795155361093e-15,0.672614741580259,0.7193446311061114
0.11912265277777781,frozen_q,False,1802.5,5.947322035560559,-3.922282493418388e-15,0.672614741580259,0.7193446311061121
0.11912265277777781,frozen_q,False,1805.0,5.947322035560558,-3.887769831475683e-15,0.672614741580259,0.719344631106113
0.11912265277777781,frozen_q,False,1807.5,5.947322035560557,-3.853257169532978e-15,0.672614741580259,0.7193446311061139
0.11912265277777781,frozen_q,False,1810.0,5.947322035560556,-3.818744507590273e-15,0.672614741580259,0.7193446311061147
0.11912265277777781,frozen_q,False,1812.5,5.947322035560555,-3.784231845647568e-15,0.672614741580259,0.7193446311061156
0.11912265277777781,frozen_q,False,1815.0,5.947322035560554,-3.749719183704863e-15,0.672614741580259,0.7193446311061165
0.11912265277777781,frozen_q,False,1817.5,5.947322035560553,-3.715206521762158e-15,0.672614741580259,0.7193446311061172
0.11912265277777781,frozen_q,False,1820.0,5.9473220355605525,-3.680693859819453e-15,0.672614741580259,0.7193446311061181
0.11912265277777781,frozen_q,False,1822.5,5.947322035560552,-3.646181197876748e-15,0.672614741580259,0.719344631106119
0.11912265277777781,frozen_q,False,1825.0,5.947322035560551,-3.611668535934043e-15,0.672614741580259,0.7193446311061199
0.11912265277777781,frozen_q,False,1827.5,5.94732203556055,-3.577155873991338e-15,0.672614741580259,0.7193446311061207
0.11912265277777781,frozen_q,False,1830.0,5.947322035560549,-3.5426432120486332e-15,0.672614741580259,0.7193446311061216
0.11912265277777781,frozen_q,False,1832.5,5.947322035560548,-3.508130550105928e-15,0.672614741580259,0.7193446311061225
0.11912265277777781,frozen_q,False,1835.0,5.947322035560547,-3.473617888163223e-15,0.672614741580259,0.7193446311061232
0.11912265277777781,frozen_q,False,1837.5,5.947322035560546,-3.4391052262205178e-15,0.672614741580259,0.7193446311061241
0.11912265277777781,frozen_q,False,1840.0,5.947322035560545,-3.404592564277813e-15,0.672614741580259,0.719344631106125
0.11912265277777781,frozen_q,False,1842.5,5.9473220355605445,-3.3700799023351077e-15,0.672614741580259,0.7193446311061258
0.11912265277777781,frozen_q,False,1845.0,5.947322035560544,-3.335567240392403e-15,0.672614741580259,0.7193446311061267
0.11912265277777781,frozen_q,False,1847.5,5.947322035560543,-3.3010545784496976e-15,0.672614741580259,0.7193446311061276
0.11912265277777781,frozen_q,False,1850.0,5.947322035560542,-3.266541916506993e-15,0.672614741580259,0.7193446311061283
0.11912265277777781,frozen_q,False,1852.5,5.947322035560541,-3.2320292545642876e-15,0.672614741580259,0.7193446311061292
0.11912265277777781,frozen_q,False,1855.0,5.94732203556054,-3.197516592621583e-15,0.672614741580259,0.7193446311061301
0.11912265277777781,frozen_q,False,1857.5,5.947322035560539,-3.1630039306788775e-15,0.672614741580259,0.7193446311061309
0.11912265277777781,frozen_q,False,1860.0,5.947322035560538,-3.128491268736173e-15,0.672614741580259,0.7193446311061318
0.11912265277777781,frozen_q,False,1862.5,5.947322035560538,-3.0939786067934675e-15,0.672614741580259,0.7193446311061318
0.11912265277777781,frozen_q,False,1865.0,5.947322035560537,-3.059465944850763e-15,0.672614741580259,0.7193446311061327
0.11912265277777781,frozen_q,False,1867.5,5.9473220355605365,-3.0249532829080574e-15,0.672614741580259,0.7193446311061334
0.11912265277777781,frozen_q,False,1870.0,5.947322035560536,-2.9904406209653528e-15,0.672614741580259,0.7193446311061343
0.11912265277777781,frozen_q,False,1872.5,5.947322035560535,-2.9559279590226474e-15,0.672614741580259,0.7193446311061352
0.11912265277777781,frozen_q,False,1875.0,5.947322035560534,-2.9214152970799427e-15,0.672614741580259,0.719344631106136
0.11912265277777781,frozen_q,False,1877.5,5.947322035560533,-2.8869026351372373e-15,0.672614741580259,0.7193446311061369
0.11912265277777781,frozen_q,False,1880.0,5.947322035560532,-2.8523899731945327e-15,0.672614741580259,0.7193446311061378
0.11912265277777781,frozen_q,False,1882.5,5.947322035560531,-2.8178773112518272e-15,0.672614741580259,0.7193446311061386
0.11912265277777781,frozen_q,False,1885.0,5.94732203556053,-2.7833646493091226e-15,0.672614741580259,0.7193446311061394
0.11912265277777781,frozen_q,False,1887.5,5.947322035560529,-2.748851987366417e-15,0.672614741580259,0.7193446311061403
0.11912265277777781,frozen_q,False,1890.0,5.9473220355605285,-2.7143393254237125e-15,0.672614741580259,0.7193446311061411
0.11912265277777781,frozen_q,False,1892.5,5.947322035560528,-2.6798266634810075e-15,0.672614741580259,0.719344631106142
0.11912265277777781,frozen_q,False,1895.0,5.947322035560527,-2.6453140015383025e-15,0.672614741580259,0.7193446311061429
0.11912265277777781,frozen_q,False,1897.5,5.947322035560526,-2.6108013395955975e-15,0.672614741580259,0.7193446311061438
0.11912265277777781,frozen_q,False,1900.0,5.947322035560525,-2.5762886776528924e-15,0.672614741580259,0.7193446311061445
0.11912265277777781,frozen_q,False,1902.5,5.947322035560524,-2.5417760157101874e-15,0.672614741580259,0.7193446311061454
0.11912265277777781,frozen_q,False,1905.0,5.947322035560523,-2.5072633537674824e-15,0.672614741580259,0.7193446311061463
0.11912265277777781,frozen_q,False,1907.5,5.947322035560522,-2.4727506918247773e-15,0.672614741580259,0.7193446311061471
0.11912265277777781,frozen_q,False,1910.0,5.947322035560521,-2.4382380298820723e-15,0.672614741580259,0.719344631106148
0.11912265277777781,frozen_q,False,1912.5,5.9473220355605205,-2.4037253679393673e-15,0.672614741580259,0.7193446311061489
0.11912265277777781,frozen_q,False,1915.0,5.94732203556052,-2.3692127059966623e-15,0.672614741580259,0.7193446311061497
0.11912265277777781,frozen_q,False,1917.5,5.947322035560519,-2.3347000440539572e-15,0.672614741580259,0.7193446311061505
0.11912265277777781,frozen_q,False,1920.0,5.947322035560518,-2.300187382111252e-15,0.672614741580259,0.7193446311061514
0.11912265277777781,frozen_q,False,1922.5,5.947322035560517,-2.265674720168547e-15,0.672614741580259,0.7193446311061522
0.11912265277777781,frozen_q,False,1925.0,5.947322035560516,-2.231162058225842e-15,0.672614741580259,0.7193446311061531
0.11912265277777781,frozen_q,False,1927.5,5.947322035560515,-2.196649396283137e-15,0.672614741580259,0.719344631106154
0.11912265277777781,frozen_q,False,1930.0,5.947322035560514,-2.162136734340432e-15,0.672614741580259,0.7193446311061548
0.11912265277777781,frozen_q,False,1932.5,5.947322035560513,-2.127624072397727e-15,0.672614741580259,0.7193446311061557
0.11912265277777781,frozen_q,False,1935.0,5.9473220355605125,-2.093111410455022e-15,0.672614741580259,0.7193446311061565
0.11912265277777781,frozen_q,False,1937.5,5.947322035560512,-2.058598748512317e-15,0.672614741580259,0.7193446311061574
0.11912265277777781,frozen_q,False,1940.0,5.947322035560511,-2.024086086569612e-15,0.672614741580259,0.7193446311061582
0.11912265277777781,frozen_q,False,1942.5,5.94732203556051,-1.989573424626907e-15,0.672614741580259,0.7193446311061591
0.11912265277777781,frozen_q,False,1945.0,5.947322035560509,-1.955060762684202e-15,0.672614741580259,0.71934463110616
0.11912265277777781,frozen_q,False,1947.5,5.947322035560508,-1.920548100741497e-15,0.672614741580259,0.7193446311061608
0.11912265277777781,frozen_q,False,1950.0,5.947322035560507,-1.886035438798792e-15,0.672614741580259,0.7193446311061616
0.11912265277777781,frozen_q,False,1952.5,5.947322035560506,-1.851522776856087e-15,0.672614741580259,0.7193446311061625
0.11912265277777781,frozen_q,False,1955.0,5.947322035560505,-1.8170101149133818e-15,0.672614741580259,0.7193446311061633
0.11912265277777781,frozen_q,False,1957.5,5.9473220355605045,-1.7824974529706768e-15,0.672614741580259,0.7193446311061642
0.11912265277777781,frozen_q,False,1960.0,5.947322035560504,-1.7479847910279717e-15,0.672614741580259,0.7193446311061651
0.11912265277777781,frozen_q,False,1962.5,5.947322035560503,-1.7134721290852667e-15,0.672614741580259,0.7193446311061659
0.11912265277777781,frozen_q,False,1965.0,5.947322035560502,-1.6789594671425617e-15,0.672614741580259,0.7193446311061668
0.11912265277777781,frozen_q,False,1967.5,5.947322035560501,-1.6444468051998566e-15,0.672614741580259,0.7193446311061676
0.11912265277777781,frozen_q,False,1970.0,5.9473220355605,-1.6099341432571516e-15,0.672614741580259,0.7193446311061685
0.11912265277777781,frozen_q,False,1972.5,5.947322035560499,-1.5754214813144466e-15,0.672614741580259,0.7193446311061693
0.11912265277777781,frozen_q,False,1975.0,5.947322035560498,-1.5409088193717416e-15,0.672614741580259,0.7193446311061702
0.11912265277777781,frozen_q,False,1977.5,5.947322035560497,-1.5063961574290365e-15,0.672614741580259,0.7193446311061711
0.11912265277777781,frozen_q,False,1980.0,5.9473220355604965,-1.4718834954863315e-15,0.672614741580259,0.7193446311061719
0.11912265277777781,frozen_q,False,1982.5,5.947322035560496,-1.4373708335436265e-15,0.672614741580259,0.7193446311061727
0.11912265277777781,frozen_q,False,1985.0,5.947322035560495,-1.4028581716009214e-15,0.672614741580259,0.7193446311061736
0.11912265277777781,frozen_q,False,1987.5,5.947322035560494,-1.3683455096582164e-15,0.672614741580259,0.7193446311061744
0.11912265277777781,frozen_q,False,1990.0,5.947322035560493,-1.3338328477155114e-15,0.672614741580259,0.7193446311061753
0.11912265277777781,frozen_q,False,1992.5,5.947322035560492,-1.2993201857728065e-15,0.672614741580259,0.7193446311061762
0.11912265277777781,frozen_q,False,1995.0,5.947322035560491,-1.2648075238301015e-15,0.672614741580259,0.719344631106177
0.11912265277777781,frozen_q,False,1997.5,5.94732203556049,-1.2302948618873965e-15,0.672614741580259,0.7193446311061779
0.11912265277777781,frozen_q,False,2000.0,5.947322035560489,-1.1957821999446915e-15,0.672614741580259,0.7193446311061787
0.11912265277777781,frozen_q,False,2002.5,5.9473220355604886,-1.1612695380019864e-15,0.672614741580259,0.7193446311061795
0.11912265277777781,frozen_q,False,2005.0,5.947322035560488,-1.1267568760592814e-15,0.672614741580259,0.7193446311061804
0.11912265277777781,frozen_q,False,2007.5,5.947322035560487,-1.0922442141165764e-15,0.672614741580259,0.7193446311061813
0.11912265277777781,frozen_q,False,2010.0,5.947322035560486,-1.0577315521738713e-15,0.672614741580259,0.7193446311061822
0.11912265277777781,frozen_q,False,2012.5,5.947322035560485,-1.0232188902311663e-15,0.672614741580259,0.719344631106183
0.11912265277777781,frozen_q,False,2015.0,5.947322035560484,-9.887062282884613e-16,0.672614741580259,0.7193446311061839
0.11912265277777781,frozen_q,False,2017.5,5.947322035560483,-9.541935663457563e-16,0.672614741580259,0.7193446311061847
0.11912265277777781,frozen_q,False,2020.0,5.947322035560482,-9.196809044030512e-16,0.672614741580259,0.7193446311061855
0.11912265277777781,frozen_q,False,2022.5,5.9473220355604814,-8.851682424603462e-16,0.672614741580259,0.7193446311061864
0.11912265277777781,frozen_q,False,2025.0,5.947322035560481,-8.506555805176412e-16,0.672614741580259,0.7193446311061873
0.11912265277777781,frozen_q,False,2027.5,5.94732203556048,-8.161429185749361e-16,0.672614741580259,0.7193446311061881
0.11912265277777781,frozen_q,False,2030.0,5.947322035560479,-7.816302566322311e-16,0.672614741580259,0.719344631106189
0.11912265277777781,frozen_q,False,2032.5,5.947322035560478,-7.471175946895261e-16,0.672614741580259,0.7193446311061898
0.11912265277777781,frozen_q,False,2035.0,5.947322035560477,-7.1260493274682105e-16,0.672614741580259,0.7193446311061906
0.11912265277777781,frozen_q,False,2037.5,5.947322035560476,-6.78092270804116e-16,0.672614741580259,0.7193446311061915
0.11912265277777781,frozen_q,False,2040.0,5.947322035560475,-6.43579608861411e-16,0.672614741580259,0.7193446311061924
0.11912265277777781,frozen_q,False,2042.5,5.947322035560474,-6.09066946918706e-16,0.672614741580259,0.7193446311061932
0.11912265277777781,frozen_q,False,2045.0,5.9473220355604735,-5.745542849760009e-16,0.672614741580259,0.7193446311061941
0.11912265277777781,frozen_q,False,2047.5,5.947322035560473,-5.400416230332959e-16,0.672614741580259,0.719344631106195
0.11912265277777781,frozen_q,False,2050.0,5.947322035560472,-5.05528961090591e-16,0.672614741580259,0.7193446311061958
0.11912265277777781,frozen_q,False,2052.5,5.947322035560471,-4.710162991478859e-16,0.672614741580259,0.7193446311061966
0.11912265277777781,frozen_q,False,2055.0,5.947322035560471,-4.3650363720518087e-16,0.672614741580259,0.7193446311061966
0.11912265277777781,frozen_q,False,2057.5,5.94732203556047,-4.019909752624759e-16,0.672614741580259,0.7193446311061975
0.11912265277777781,frozen_q,False,2060.0,5.947322035560469,-3.6747831331977086e-16,0.672614741580259,0.7193446311061983
0.11912265277777781,frozen_q,False,2062.5,5.947322035560468,-3.3296565137706583e-16,0.672614741580259,0.7193446311061992
0.11912265277777781,frozen_q,False,2065.0,5.947322035560467,-2.984529894343608e-16,0.672614741580259,0.7193446311062001
0.11912265277777781,frozen_q,False,2067.5,5.947322035560466,-2.758968253642578e-16,0.672614741580259,0.7193446311062008
0.11912265277777781,frozen_q,False,2070.0,5.947322035560468,-2.692236558476022e-16,0.672614741580259,0.7193446311061991
0.11912265277777781,frozen_q,False,2072.5,5.94732203556047,-2.625504863309463e-16,0.672614741580259,0.7193446311061973
0.11912265277777781,frozen_q,False,2075.0,5.947322035560472,-2.5587731681429066e-16,0.672614741580259,0.7193446311061955
0.11912265277777781,frozen_q,False,2077.5,5.9473220355604735,-2.4920414729763477e-16,0.672614741580259,0.7193446311061937
0.11912265277777781,frozen_q,False,2080.0,5.947322035560475,-2.425309777809789e-16,0.672614741580259,0.719344631106192
0.11912265277777781,frozen_q,False,2082.5,5.947322035560477,-2.358578082643233e-16,0.672614741580259,0.7193446311061902
0.11912265277777781,frozen_q,False,2085.0,5.947322035560479,-2.291846387476674e-16,0.672614741580259,0.7193446311061884
0.11912265277777781,frozen_q,False,2087.5,5.947322035560481,-2.2251146923101176e-16,0.672614741580259,0.7193446311061866
0.11912265277777781,frozen_q,False,2090.0,5.947322035560482,-2.1583829971435587e-16,0.672614741580259,0.7193446311061849
0.11912265277777781,frozen_q,False,2092.5,5.947322035560484,-2.0916513019769998e-16,0.672614741580259,0.7193446311061831
0.11912265277777781,frozen_q,False,2095.0,5.947322035560486,-2.0249196068104436e-16,0.672614741580259,0.7193446311061813
0.11912265277777781,frozen_q,False,2097.5,5.947322035560488,-1.9581879116438847e-16,0.672614741580259,0.7193446311061795
0.11912265277777781,frozen_q,False,2100.0,5.947322035560489,-1.8914562164773285e-16,0.672614741580259,0.7193446311061777
0.11912265277777781,frozen_q,False,2102.5,5.947322035560491,-1.8247245213107696e-16,0.672614741580259,0.719344631106176
0.11912265277777781,frozen_q,False,2105.0,5.947322035560493,-1.7579928261442107e-16,0.672614741580259,0.7193446311061742
0.11912265277777781,frozen_q,False,2107.5,5.947322035560495,-1.6912611309776545e-16,0.672614741580259,0.7193446311061724
0.11912265277777781,frozen_q,False,2110.0,5.9473220355604965,-1.6245294358110956e-16,0.672614741580259,0.7193446311061705
0.11912265277777781,frozen_q,False,2112.5,5.947322035560498,-1.5577977406445394e-16,0.672614741580259,0.7193446311061688
0.11912265277777781,frozen_q,False,2115.0,5.9473220355605,-1.4910660454779805e-16,0.672614741580259,0.719344631106167
0.11912265277777781,frozen_q,False,2117.5,5.947322035560502,-1.4243343503114216e-16,0.672614741580259,0.7193446311061652
0.11912265277777781,frozen_q,False,2120.0,5.947322035560503,-1.3576026551448654e-16,0.672614741580259,0.7193446311061643
0.11912265277777781,frozen_q,False,2122.5,5.9473220355605045,-1.2908709599783065e-16,0.672614741580259,0.7193446311061625
0.11912265277777781,frozen_q,False,2125.0,5.947322035560506,-1.2241392648117503e-16,0.672614741580259,0.7193446311061608
0.11912265277777781,frozen_q,False,2127.5,5.947322035560508,-1.1574075696451914e-16,0.672614741580259,0.719344631106159
0.11912265277777781,frozen_q,False,2130.0,5.94732203556051,-1.0906758744786324e-16,0.672614741580259,0.7193446311061572
0.11912265277777781,frozen_q,False,2132.5,5.947322035560512,-1.0239441793120762e-16,0.672614741580259,0.7193446311061554
0.11912265277777781,frozen_q,False,2135.0,5.947322035560513,-9.572124841455173e-17,0.672614741580259,0.7193446311061537
0.11912265277777781,frozen_q,False,2137.5,5.947322035560515,-8.904807889789611e-17,0.672614741580259,0.7193446311061519
0.11912265277777781,frozen_q,False,2140.0,5.947322035560517,-8.237490938124022e-17,0.672614741580259,0.7193446311061501
0.11912265277777781,frozen_q,False,2142.5,5.947322035560519,-7.570173986458433e-17,0.672614741580259,0.7193446311061483
0.11912265277777781,frozen_q,False,2145.0,5.9473220355605205,-6.902857034792871e-17,0.672614741580259,0.7193446311061465
0.11912265277777781,frozen_q,False,2147.5,5.947322035560522,-6.235540083127282e-17,0.672614741580259,0.7193446311061448
0.11912265277777781,frozen_q,False,2150.0,5.947322035560524,-5.56822313146172e-17,0.672614741580259,0.719344631106143
0.11912265277777781,frozen_q,False,2152.5,5.947322035560526,-4.900906179796131e-17,0.672614741580259,0.7193446311061411
0.11912265277777781,frozen_q,False,2155.0,5.947322035560528,-4.233589228130542e-17,0.672614741580259,0.7193446311061393
0.11912265277777781,frozen_q,False,2157.5,5.947322035560529,-3.56627227646498e-17,0.672614741580259,0.7193446311061376
0.11912265277777781,frozen_q,False,2160.0,5.947322035560531,-2.898955324799391e-17,0.672614741580259,0.7193446311061358
0.11912265277777781,frozen_q,False,2162.5,5.947322035560533,-2.231638373133829e-17,0.672614741580259,0.719344631106134
0.11912265277777781,frozen_q,False,2165.0,5.947322035560535,-1.5643214214682397e-17,0.672614741580259,0.7193446311061322
0.11912265277777781,frozen_q,False,2167.5,5.9473220355605365,-8.970044698026505e-18,0.672614741580259,0.7193446311061304
0.11912265277777781,frozen_q,False,2170.0,5.947322035560538,-2.296875181370888e-18,0.672614741580259,0.7193446311061287
0.11912265277777781,frozen_q,False,2172.5,5.94732203556054,4.3762943352850056e-18,0.672614741580259,0.7193446311061269
0.11912265277777781,frozen_q,False,2175.0,5.947322035560542,1.1049463851940899e-17,0.672614741580259,0.7193446311061251
0.11912265277777781,frozen_q,False,2177.5,5.947322035560544,1.7722633368596514e-17,0.672614741580259,0.7193446311061233
0.11912265277777781,frozen_q,False,2180.0,5.947322035560545,2.4395802885252408e-17,0.672614741580259,0.7193446311061216
0.11912265277777781,frozen_q,False,2182.5,5.947322035560547,3.1068972401908023e-17,0.672614741580259,0.7193446311061198
0.11912265277777781,frozen_q,False,2185.0,5.947322035560549,3.774214191856392e-17,0.672614741580259,0.719344631106118
0.11912265277777781,frozen_q,False,2187.5,5.947322035560551,4.441531143521981e-17,0.672614741580259,0.7193446311061162
0.11912265277777781,frozen_q,False,2190.0,5.9473220355605525,5.108848095187543e-17,0.672614741580259,0.7193446311061145
0.11912265277777781,frozen_q,False,2192.5,5.947322035560554,5.776165046853132e-17,0.672614741580259,0.7193446311061126
0.11912265277777781,frozen_q,False,2195.0,5.947322035560556,6.443481998518693e-17,0.672614741580259,0.7193446311061108
0.11912265277777781,frozen_q,False,2197.5,5.947322035560558,7.110798950184283e-17,0.672614741580259,0.719344631106109
0.11912265277777781,frozen_q,False,2200.0,5.94732203556056,7.778115901849872e-17,0.672614741580259,0.7193446311061072
0.11912265277777781,frozen_q,False,2202.5,5.947322035560561,8.445432853515434e-17,0.672614741580259,0.7193446311061055
0.11912265277777781,frozen_q,False,2205.0,5.947322035560563,9.112749805181023e-17,0.672614741580259,0.7193446311061037
0.11912265277777781,frozen_q,False,2207.5,5.947322035560565,9.780066756846585e-17,0.672614741580259,0.7193446311061019
0.11912265277777781,frozen_q,False,2210.0,5.947322035560567,1.0447383708512174e-16,0.672614741580259,0.7193446311061001
0.11912265277777781,frozen_q,False,2212.5,5.9473220355605685,1.1114700660177764e-16,0.672614741580259,0.7193446311060984
0.11912265277777781,frozen_q,False,2215.0,5.94732203556057,1.1782017611843326e-16,0.672614741580259,0.7193446311060966
0.11912265277777781,frozen_q,False,2217.5,5.947322035560572,1.2449334563508915e-16,0.672614741580259,0.7193446311060948
0.11912265277777781,frozen_q,False,2220.0,5.947322035560574,1.3116651515174477e-16,0.672614741580259,0.719344631106093
0.11912265277777781,frozen_q,False,2222.5,5.947322035560576,1.3783968466840066e-16,0.672614741580259,0.7193446311060913
0.11912265277777781,frozen_q,False,2225.0,5.947322035560577,1.4451285418505655e-16,0.672614741580259,0.7193446311060895
0.11912265277777781,frozen_q,False,2227.5,5.947322035560579,1.5118602370171217e-16,0.672614741580259,0.7193446311060877
0.11912265277777781,frozen_q,False,2230.0,5.947322035560581,1.5785919321836806e-16,0.672614741580259,0.7193446311060859
0.11912265277777781,frozen_q,False,2232.5,5.947322035560583,1.6453236273502368e-16,0.672614741580259,0.7193446311060842
0.11912265277777781,frozen_q,False,2235.0,5.9473220355605845,1.7120553225167957e-16,0.672614741580259,0.7193446311060823
0.11912265277777781,frozen_q,False,2237.5,5.947322035560585,1.7787870176833546e-16,0.672614741580259,0.7193446311060814
0.11912265277777781,frozen_q,False,2240.0,5.947322035560587,1.8455187128499108e-16,0.672614741580259,0.7193446311060796
0.11912265277777781,frozen_q,False,2242.5,5.947322035560589,1.9122504080164697e-16,0.672614741580259,0.7193446311060778
0.11912265277777781,frozen_q,False,2245.0,5.947322035560591,1.9789821031830259e-16,0.672614741580259,0.719344631106076
0.11912265277777781,frozen_q,False,2247.5,5.9473220355605925,2.0457137983495848e-16,0.672614741580259,0.7193446311060743
0.11912265277777781,frozen_q,False,2250.0,5.947322035560594,2.1124454935161437e-16,0.672614741580259,0.7193446311060725
0.11912265277777781,frozen_q,False,2252.5,5.947322035560596,2.1791771886826999e-16,0.672614741580259,0.7193446311060707
0.11912265277777781,frozen_q,False,2255.0,5.947322035560598,2.245908883849259e-16,0.672614741580259,0.7193446311060689
0.11912265277777781,frozen_q,False,2257.5,5.9473220355606,2.312640579015815e-16,0.672614741580259,0.7193446311060672
0.11912265277777781,frozen_q,False,2260.0,5.947322035560601,2.379372274182374e-16,0.672614741580259,0.7193446311060654
0.11912265277777781,frozen_q,False,2262.5,5.947322035560603,2.446103969348933e-16,0.672614741580259,0.7193446311060636
0.11912265277777781,frozen_q,False,2265.0,5.947322035560605,2.512835664515489e-16,0.672614741580259,0.7193446311060618
0.11912265277777781,frozen_q,False,2267.5,5.947322035560607,2.579567359682048e-16,0.672614741580259,0.7193446311060601
0.11912265277777781,frozen_q,False,2270.0,5.9473220355606085,2.6462990548486043e-16,0.672614741580259,0.7193446311060583
0.11912265277777781,frozen_q,False,2272.5,5.94732203556061,2.713030750015163e-16,0.672614741580259,0.7193446311060565
0.11912265277777781,frozen_q,False,2275.0,5.947322035560612,2.779762445181722e-16,0.672614741580259,0.7193446311060546
0.11912265277777781,frozen_q,False,2277.5,5.947322035560614,2.846494140348278e-16,0.672614741580259,0.7193446311060528
0.11912265277777781,frozen_q,False,2280.0,5.947322035560616,2.913225835514837e-16,0.672614741580259,0.7193446311060511
0.11912265277777781,frozen_q,False,2282.5,5.947322035560617,2.979957530681396e-16,0.672614741580259,0.7193446311060493
0.11912265277777781,frozen_q,False,2285.0,5.947322035560619,3.0466892258479523e-16,0.672614741580259,0.7193446311060475
0.11912265277777781,frozen_q,False,2287.5,5.947322035560621,3.113420921014511e-16,0.672614741580259,0.7193446311060457
0.11912265277777781,frozen_q,False,2290.0,5.947322035560623,3.180152616181067e-16,0.672614741580259,0.719344631106044
0.11912265277777781,frozen_q,False,2292.5,5.947322035560624,3.246884311347626e-16,0.672614741580259,0.7193446311060422
0.11912265277777781,frozen_q,False,2295.0,5.947322035560626,3.3136160065141854e-16,0.672614741580259,0.7193446311060404
0.11912265277777781,frozen_q,False,2297.5,5.947322035560628,3.3803477016807413e-16,0.672614741580259,0.7193446311060386
0.11912265277777781,frozen_q,False,2300.0,5.94732203556063,3.4470793968473e-16,0.672614741580259,0.7193446311060369
0.11912265277777781,frozen_q,False,2302.5,5.9473220355606315,3.513811092013856e-16,0.672614741580259,0.7193446311060351
0.11912265277777781,frozen_q,False,2305.0,5.947322035560633,3.5805427871804156e-16,0.672614741580259,0.7193446311060333
0.11912265277777781,frozen_q,False,2307.5,5.947322035560635,3.6472744823469745e-16,0.672614741580259,0.7193446311060315
0.11912265277777781,frozen_q,False,2310.0,5.947322035560637,3.7140061775135304e-16,0.672614741580259,0.7193446311060298
0.11912265277777781,frozen_q,False,2312.5,5.947322035560639,3.7807378726800893e-16,0.672614741580259,0.719344631106028
0.11912265277777781,frozen_q,False,2315.0,5.94732203556064,3.847469567846646e-16,0.672614741580259,0.7193446311060262
0.11912265277777781,frozen_q,False,2317.5,5.947322035560642,3.9142012630132047e-16,0.672614741580259,0.7193446311060243
0.11912265277777781,frozen_q,False,2320.0,5.947322035560644,3.9809329581797636e-16,0.672614741580259,0.7193446311060225
0.11912265277777781,frozen_q,False,2322.5,5.947322035560646,4.0476646533463195e-16,0.672614741580259,0.7193446311060208
0.11912265277777781,frozen_q,False,2325.0,5.9473220355606475,4.1143963485128784e-16,0.672614741580259,0.719344631106019
0.11912265277777781,frozen_q,False,2327.5,5.947322035560649,4.181128043679435e-16,0.672614741580259,0.7193446311060172
0.11912265277777781,frozen_q,False,2330.0,5.947322035560651,4.2478597388459937e-16,0.672614741580259,0.7193446311060154
0.11912265277777781,frozen_q,False,2332.5,5.947322035560653,4.3145914340125526e-16,0.672614741580259,0.7193446311060137
0.11912265277777781,frozen_q,False,2335.0,5.947322035560655,4.3813231291791086e-16,0.672614741580259,0.7193446311060119
0.11912265277777781,frozen_q,False,2337.5,5.947322035560656,4.448054824345668e-16,0.672614741580259,0.7193446311060101
0.11912265277777781,frozen_q,False,2340.0,5.947322035560658,4.514786519512223e-16,0.672614741580259,0.7193446311060083
0.11912265277777781,frozen_q,False,2342.5,5.94732203556066,4.581518214678783e-16,0.672614741580259,0.7193446311060065
0.11912265277777781,frozen_q,False,2345.0,5.947322035560662,4.648249909845341e-16,0.672614741580259,0.7193446311060048
0.11912265277777781,frozen_q,False,2347.5,5.9473220355606635,4.714981605011898e-16,0.672614741580259,0.719344631106003
0.11912265277777781,frozen_q,False,2350.0,5.947322035560665,4.781713300178457e-16,0.672614741580259,0.7193446311060012
0.11912265277777781,frozen_q,False,2352.5,5.947322035560667,4.8484449953450125e-16,0.672614741580259,0.7193446311059994
0.11912265277777781,frozen_q,False,2355.0,5.947322035560668,4.915176690511572e-16,0.672614741580259,0.7193446311059986
0.11912265277777781,frozen_q,False,2357.5,5.94732203556067,4.98190838567813e-16,0.672614741580259,0.7193446311059968
0.11912265277777781,frozen_q,False,2360.0,5.9473220355606715,5.048640080844687e-16,0.672614741580259,0.7193446311059949
0.11912265277777781,frozen_q,False,2362.5,5.947322035560673,5.115371776011246e-16,0.672614741580259,0.7193446311059931
0.11912265277777781,frozen_q,False,2365.0,5.947322035560675,5.182103471177802e-16,0.672614741580259,0.7193446311059913
0.11912265277777781,frozen_q,False,2367.5,5.947322035560677,5.248835166344361e-16,0.672614741580259,0.7193446311059896
0.11912265277777781,frozen_q,False,2370.0,5.947322035560679,5.31556686151092e-16,0.672614741580259,0.7193446311059878
0.11912265277777781,frozen_q,False,2372.5,5.94732203556068,5.382298556677476e-16,0.672614741580259,0.719344631105986
0.11912265277777781,frozen_q,False,2375.0,5.947322035560682,5.449030251844035e-16,0.672614741580259,0.7193446311059842
0.11912265277777781,frozen_q,False,2377.5,5.947322035560684,5.515761947010592e-16,0.672614741580259,0.7193446311059825
0.11912265277777781,frozen_q,False,2380.0,5.947322035560686,5.58249364217715e-16,0.672614741580259,0.7193446311059807
0.11912265277777781,frozen_q,False,2382.5,5.9473220355606875,5.649225337343709e-16,0.672614741580259,0.7193446311059789
0.11912265277777781,frozen_q,False,2385.0,5.947322035560689,5.715957032510265e-16,0.672614741580259,0.7193446311059771
0.11912265277777781,frozen_q,False,2387.5,5.947322035560691,5.782688727676824e-16,0.672614741580259,0.7193446311059754
0.11912265277777781,frozen_q,False,2390.0,5.947322035560693,5.849420422843383e-16,0.672614741580259,0.7193446311059736
0.11912265277777781,frozen_q,False,2392.5,5.947322035560695,5.916152118009939e-16,0.672614741580259,0.7193446311059718
0.11912265277777781,frozen_q,False,2395.0,5.947322035560696,5.982883813176499e-16,0.672614741580259,0.71934463110597
0.11912265277777781,frozen_q,False,2397.5,5.947322035560698,6.049615508343054e-16,0.672614741580259,0.7193446311059682
0.11912265277777781,frozen_q,False,2400.0,5.9473220355607,6.116347203509613e-16,0.672614741580259,0.7193446311059664
0.11912265277777781,frozen_q,False,2402.5,5.947322035560702,6.183078898676172e-16,0.672614741580259,0.7193446311059646
0.11912265277777781,frozen_q,False,2405.0,5.9473220355607035,6.249810593842728e-16,0.672614741580259,0.7193446311059628
0.11912265277777781,frozen_q,False,2407.5,5.947322035560705,6.316542289009288e-16,0.672614741580259,0.719344631105961
0.11912265277777781,frozen_q,False,2410.0,5.947322035560707,6.383273984175843e-16,0.672614741580259,0.7193446311059593
0.11912265277777781,frozen_q,False,2412.5,5.947322035560709,6.450005679342402e-16,0.672614741580259,0.7193446311059575
0.11912265277777781,frozen_q,False,2415.0,5.947322035560711,6.516737374508961e-16,0.672614741580259,0.7193446311059557
0.11912265277777781,frozen_q,False,2417.5,5.947322035560712,6.583469069675517e-16,0.672614741580259,0.7193446311059539
0.11912265277777781,frozen_q,False,2420.0,5.947322035560714,6.650200764842077e-16,0.672614741580259,0.7193446311059521
0.11912265277777781,frozen_q,False,2422.5,5.947322035560716,6.716932460008632e-16,0.672614741580259,0.7193446311059504
0.11912265277777781,frozen_q,False,2425.0,5.947322035560718,6.783664155175192e-16,0.672614741580259,0.7193446311059486
0.11912265277777781,frozen_q,False,2427.5,5.9473220355607195,6.850395850341751e-16,0.672614741580259,0.7193446311059468
0.11912265277777781,frozen_q,False,2430.0,5.947322035560721,6.917127545508306e-16,0.672614741580259,0.719344631105945
0.11912265277777781,frozen_q,False,2432.5,5.947322035560723,6.983859240674866e-16,0.672614741580259,0.7193446311059433
0.11912265277777781,frozen_q,False,2435.0,5.947322035560725,7.050590935841422e-16,0.672614741580259,0.7193446311059415
0.11912265277777781,frozen_q,False,2437.5,5.947322035560727,7.117322631007981e-16,0.672614741580259,0.7193446311059397
0.11912265277777781,frozen_q,False,2440.0,5.947322035560728,7.18405432617454e-16,0.672614741580259,0.7193446311059379
0.11912265277777781,frozen_q,False,2442.5,5.94732203556073,7.250786021341095e-16,0.672614741580259,0.719344631105936
0.11912265277777781,frozen_q,False,2445.0,5.947322035560732,7.317517716507655e-16,0.672614741580259,0.7193446311059343
0.11912265277777781,frozen_q,False,2447.5,5.947322035560734,7.384249411674211e-16,0.672614741580259,0.7193446311059325
0.11912265277777781,frozen_q,False,2450.0,5.9473220355607355,7.45098110684077e-16,0.672614741580259,0.7193446311059307
0.11912265277777781,frozen_q,False,2452.5,5.947322035560737,7.517712802007329e-16,0.672614741580259,0.7193446311059289
0.11912265277777781,frozen_q,False,2455.0,5.947322035560739,7.584444497173885e-16,0.672614741580259,0.7193446311059272
0.11912265277777781,frozen_q,False,2457.5,5.947322035560741,7.651176192340444e-16,0.672614741580259,0.7193446311059254
0.11912265277777781,frozen_q,False,2460.0,5.947322035560743,7.717907887507e-16,0.672614741580259,0.7193446311059236
0.11912265277777781,frozen_q,False,2462.5,5.947322035560744,7.784639582673559e-16,0.672614741580259,0.7193446311059218
0.11912265277777781,frozen_q,False,2465.0,5.947322035560746,7.851371277840118e-16,0.672614741580259,0.7193446311059201
0.11912265277777781,frozen_q,False,2467.5,5.947322035560748,7.918102973006674e-16,0.672614741580259,0.7193446311059183
0.11912265277777781,frozen_q,False,2470.0,5.94732203556075,7.984834668173233e-16,0.672614741580259,0.7193446311059165
0.11912265277777781,frozen_q,False,2472.5,5.947322035560751,8.051566363339789e-16,0.672614741580259,0.7193446311059156
0.11912265277777781,frozen_q,False,2475.0,5.947322035560752,8.118298058506348e-16,0.672614741580259,0.7193446311059138
0.11912265277777781,frozen_q,False,2477.5,5.947322035560754,8.185029753672907e-16,0.672614741580259,0.7193446311059121
0.11912265277777781,frozen_q,False,2480.0,5.947322035560756,8.251761448839463e-16,0.672614741580259,0.7193446311059103
0.11912265277777781,frozen_q,False,2482.5,5.947322035560758,8.318493144006022e-16,0.672614741580259,0.7193446311059085
0.11912265277777781,frozen_q,False,2485.0,5.9473220355607594,8.385224839172579e-16,0.672614741580259,0.7193446311059066
0.11912265277777781,frozen_q,False,2487.5,5.947322035560761,8.451956534339137e-16,0.672614741580259,0.7193446311059049
0.11912265277777781,frozen_q,False,2490.0,5.947322035560763,8.518688229505696e-16,0.672614741580259,0.7193446311059031
0.11912265277777781,frozen_q,False,2492.5,5.947322035560765,8.585419924672252e-16,0.672614741580259,0.7193446311059013
0.11912265277777781,frozen_q,False,2495.0,5.9473220355607666,8.652151619838811e-16,0.672614741580259,0.7193446311058995
0.11912265277777781,frozen_q,False,2497.5,5.947322035560768,8.718883315005368e-16,0.672614741580259,0.7193446311058977
0.11912265277777781,frozen_q,False,2500.0,5.94732203556077,8.785615010171926e-16,0.672614741580259,0.719344631105896
0.11912265277777781,frozen_q,False,2502.5,5.947322035560772,8.852346705338485e-16,0.672614741580259,0.7193446311058942
0.11912265277777781,frozen_q,False,2505.0,5.947322035560774,8.919078400505042e-16,0.672614741580259,0.7193446311058924
0.11912265277777781,frozen_q,False,2507.5,5.947322035560775,8.9858100956716e-16,0.672614741580259,0.7193446311058906
0.11912265277777781,frozen_q,False,2510.0,5.947322035560777,9.052541790838159e-16,0.672614741580259,0.7193446311058889
0.11912265277777781,frozen_q,False,2512.5,5.947322035560779,9.119273486004715e-16,0.672614741580259,0.7193446311058871
0.11912265277777781,frozen_q,False,2515.0,5.947322035560781,9.186005181171273e-16,0.672614741580259,0.7193446311058853
0.11912265277777781,frozen_q,False,2517.5,5.9473220355607825,9.25273687633783e-16,0.672614741580259,0.7193446311058835
0.11912265277777781,frozen_q,False,2520.0,5.947322035560784,9.31946857150439e-16,0.672614741580259,0.7193446311058818
0.11912265277777781,frozen_q,False,2522.5,5.947322035560786,9.386200266670949e-16,0.672614741580259,0.71934463110588
0.11912265277777781,frozen_q,False,2525.0,5.947322035560788,9.452931961837505e-16,0.672614741580259,0.7193446311058781
0.11912265277777781,frozen_q,False,2527.5,5.94732203556079,9.519663657004064e-16,0.672614741580259,0.7193446311058763
0.11912265277777781,frozen_q,False,2530.0,5.947322035560791,9.58639535217062e-16,0.672614741580259,0.7193446311058745
0.11912265277777781,frozen_q,False,2532.5,5.947322035560793,9.653127047337178e-16,0.672614741580259,0.7193446311058728
0.11912265277777781,frozen_q,False,2535.0,5.947322035560795,9.719858742503737e-16,0.672614741580259,0.719344631105871
0.11912265277777781,frozen_q,False,2537.5,5.947322035560797,9.786590437670293e-16,0.672614741580259,0.7193446311058692
0.11912265277777781,frozen_q,False,2540.0,5.9473220355607985,9.853322132836852e-16,0.672614741580259,0.7193446311058674
0.11912265277777781,frozen_q,False,2542.5,5.9473220355608,9.92005382800341e-16,0.672614741580259,0.7193446311058657
0.11912265277777781,frozen_q,False,2545.0,5.947322035560802,9.986785523169968e-16,0.672614741580259,0.7193446311058639
0.11912265277777781,frozen_q,False,2547.5,5.947322035560804,1.0053517218336525e-15,0.672614741580259,0.7193446311058621
0.11912265277777781,frozen_q,False,2550.0,5.947322035560806,1.0120248913503083e-15,0.672614741580259,0.7193446311058603
0.11912265277777781,frozen_q,False,2552.5,5.947322035560807,1.0186980608669642e-15,0.672614741580259,0.7193446311058586
0.11912265277777781,frozen_q,False,2555.0,5.947322035560809,1.02537123038362e-15,0.672614741580259,0.7193446311058568
0.11912265277777781,frozen_q,False,2557.5,5.947322035560811,1.0320443999002757e-15,0.672614741580259,0.719344631105855
0.11912265277777781,frozen_q,False,2560.0,5.947322035560813,1.0387175694169315e-15,0.672614741580259,0.7193446311058532
0.11912265277777781,frozen_q,False,2562.5,5.9473220355608145,1.0453907389335871e-15,0.672614741580259,0.7193446311058515
0.11912265277777781,frozen_q,False,2565.0,5.947322035560816,1.0520639084502432e-15,0.672614741580259,0.7193446311058497
0.11912265277777781,frozen_q,False,2567.5,5.947322035560818,1.0587370779668988e-15,0.672614741580259,0.7193446311058478
0.11912265277777781,frozen_q,False,2570.0,5.94732203556082,1.0654102474835547e-15,0.672614741580259,0.719344631105846
0.11912265277777781,frozen_q,False,2572.5,5.947322035560822,1.0720834170002103e-15,0.672614741580259,0.7193446311058442
0.11912265277777781,frozen_q,False,2575.0,5.947322035560823,1.0787565865168661e-15,0.672614741580259,0.7193446311058425
0.11912265277777781,frozen_q,False,2577.5,5.947322035560825,1.085429756033522e-15,0.672614741580259,0.7193446311058407
0.11912265277777781,frozen_q,False,2580.0,5.947322035560827,1.0921029255501778e-15,0.672614741580259,0.7193446311058389
0.11912265277777781,frozen_q,False,2582.5,5.947322035560829,1.0987760950668335e-15,0.672614741580259,0.7193446311058371
0.11912265277777781,frozen_q,False,2585.0,5.9473220355608305,1.1054492645834893e-15,0.672614741580259,0.7193446311058354
0.11912265277777781,frozen_q,False,2587.5,5.947322035560832,1.1121224341001452e-15,0.672614741580259,0.7193446311058336
0.11912265277777781,frozen_q,False,2590.0,5.947322035560833,1.118795603616801e-15,0.672614741580259,0.7193446311058327
0.11912265277777781,frozen_q,False,2592.5,5.947322035560835,1.1254687731334566e-15,0.672614741580259,0.7193446311058309
0.11912265277777781,frozen_q,False,2595.0,5.947322035560837,1.1321419426501125e-15,0.672614741580259,0.7193446311058291
0.11912265277777781,frozen_q,False,2597.5,5.9473220355608385,1.1388151121667681e-15,0.672614741580259,0.7193446311058274
0.11912265277777781,frozen_q,False,2600.0,5.94732203556084,1.1454882816834242e-15,0.672614741580259,0.7193446311058256
0.11912265277777781,frozen_q,False,2602.5,5.947322035560842,1.1521614512000798e-15,0.672614741580259,0.7193446311058238
0.11912265277777781,frozen_q,False,2605.0,5.947322035560844,1.1588346207167356e-15,0.672614741580259,0.719344631105822
0.11912265277777781,frozen_q,False,2607.5,5.947322035560846,1.1655077902333913e-15,0.672614741580259,0.7193446311058203
0.11912265277777781,frozen_q,False,2610.0,5.947322035560847,1.1721809597500471e-15,0.672614741580259,0.7193446311058184
0.11912265277777781,frozen_q,False,2612.5,5.947322035560849,1.178854129266703e-15,0.672614741580259,0.7193446311058166
0.11912265277777781,frozen_q,False,2615.0,5.947322035560851,1.1855272987833588e-15,0.672614741580259,0.7193446311058148
0.11912265277777781,frozen_q,False,2617.5,5.947322035560853,1.1922004683000145e-15,0.672614741580259,0.719344631105813
0.11912265277777781,frozen_q,False,2620.0,5.9473220355608545,1.1988736378166703e-15,0.672614741580259,0.7193446311058113
0.11912265277777781,frozen_q,False,2622.5,5.947322035560856,1.205546807333326e-15,0.672614741580259,0.7193446311058095
0.11912265277777781,frozen_q,False,2625.0,5.947322035560858,1.212219976849982e-15,0.672614741580259,0.7193446311058077
0.11912265277777781,frozen_q,False,2627.5,5.94732203556086,1.2188931463666376e-15,0.672614741580259,0.7193446311058059
0.11912265277777781,frozen_q,False,2630.0,5.947322035560862,1.2255663158832935e-15,0.672614741580259,0.7193446311058042
0.11912265277777781,frozen_q,False,2632.5,5.947322035560863,1.2322394853999491e-15,0.672614741580259,0.7193446311058024
0.11912265277777781,frozen_q,False,2635.0,5.947322035560865,1.238912654916605e-15,0.672614741580259,0.7193446311058006
0.11912265277777781,frozen_q,False,2637.5,5.947322035560867,1.2455858244332608e-15,0.672614741580259,0.7193446311057988
0.11912265277777781,frozen_q,False,2640.0,5.947322035560869,1.2522589939499166e-15,0.672614741580259,0.719344631105797
0.11912265277777781,frozen_q,False,2642.5,5.9473220355608705,1.2589321634665723e-15,0.672614741580259,0.7193446311057953
0.11912265277777781,frozen_q,False,2645.0,5.947322035560872,1.2656053329832281e-15,0.672614741580259,0.7193446311057935
0.11912265277777781,frozen_q,False,2647.5,5.947322035560874,1.272278502499884e-15,0.672614741580259,0.7193446311057917
0.11912265277777781,frozen_q,False,2650.0,5.947322035560876,1.2789516720165398e-15,0.672614741580259,0.7193446311057898
0.11912265277777781,frozen_q,False,2652.5,5.947322035560878,1.2856248415331954e-15,0.672614741580259,0.7193446311057881
0.11912265277777781,frozen_q,False,2655.0,5.947322035560879,1.2922980110498513e-15,0.672614741580259,0.7193446311057863
0.11912265277777781,frozen_q,False,2657.5,5.947322035560881,1.298971180566507e-15,0.672614741580259,0.7193446311057845
0.11912265277777781,frozen_q,False,2660.0,5.947322035560883,1.305644350083163e-15,0.672614741580259,0.7193446311057827
0.11912265277777781,frozen_q,False,2662.5,5.947322035560885,1.3123175195998186e-15,0.672614741580259,0.719344631105781
0.11912265277777781,frozen_q,False,2665.0,5.9473220355608865,1.3189906891164744e-15,0.672614741580259,0.7193446311057792
0.11912265277777781,frozen_q,False,2667.5,5.947322035560888,1.32566385863313e-15,0.672614741580259,0.7193446311057774
0.11912265277777781,frozen_q,False,2670.0,5.94732203556089,1.332337028149786e-15,0.672614741580259,0.7193446311057756
0.11912265277777781,frozen_q,False,2672.5,5.947322035560892,1.3390101976664418e-15,0.672614741580259,0.7193446311057738
0.11912265277777781,frozen_q,False,2675.0,5.947322035560894,1.3456833671830976e-15,0.672614741580259,0.7193446311057721
0.11912265277777781,frozen_q,False,2677.5,5.947322035560895,1.3523565366997532e-15,0.672614741580259,0.7193446311057703
0.11912265277777781,frozen_q,False,2680.0,5.947322035560897,1.359029706216409e-15,0.672614741580259,0.7193446311057685
0.11912265277777781,frozen_q,False,2682.5,5.947322035560899,1.3657028757330647e-15,0.672614741580259,0.7193446311057667
0.11912265277777781,frozen_q,False,2685.0,5.947322035560901,1.3723760452497208e-15,0.672614741580259,0.719344631105765
0.11912265277777781,frozen_q,False,2687.5,5.947322035560902,1.3790492147663764e-15,0.672614741580259,0.7193446311057632
0.11912265277777781,frozen_q,False,2690.0,5.947322035560904,1.3857223842830323e-15,0.672614741580259,0.7193446311057614
0.11912265277777781,frozen_q,False,2692.5,5.947322035560906,1.3923955537996879e-15,0.672614741580259,0.7193446311057595
0.11912265277777781,frozen_q,False,2695.0,5.947322035560908,1.399068723316344e-15,0.672614741580259,0.7193446311057577
0.11912265277777781,frozen_q,False,2697.5,5.9473220355609095,1.4057418928329996e-15,0.672614741580259,0.719344631105756
0.11912265277777781,frozen_q,False,2700.0,5.947322035560911,1.4124150623496554e-15,0.672614741580259,0.7193446311057542
0.11912265277777781,frozen_q,False,2702.5,5.947322035560913,1.419088231866311e-15,0.672614741580259,0.7193446311057524
0.11912265277777781,frozen_q,False,2705.0,5.947322035560915,1.425761401382967e-15,0.672614741580259,0.7193446311057506
0.11912265277777781,frozen_q,False,2707.5,5.947322035560916,1.4324345708996227e-15,0.672614741580259,0.7193446311057498
0.11912265277777781,frozen_q,False,2710.0,5.9473220355609175,1.4391077404162786e-15,0.672614741580259,0.719344631105748
0.11912265277777781,frozen_q,False,2712.5,5.947322035560919,1.4457809099329342e-15,0.672614741580259,0.7193446311057462
0.11912265277777781,frozen_q,False,2715.0,5.947322035560921,1.45245407944959e-15,0.672614741580259,0.7193446311057444
0.11912265277777781,frozen_q,False,2717.5,5.947322035560923,1.4591272489662457e-15,0.672614741580259,0.7193446311057426
0.11912265277777781,frozen_q,False,2720.0,5.947322035560925,1.4658004184829018e-15,0.672614741580259,0.7193446311057409
0.11912265277777781,frozen_q,False,2722.5,5.947322035560926,1.4724735879995574e-15,0.672614741580259,0.7193446311057391
0.11912265277777781,frozen_q,False,2725.0,5.947322035560928,1.4791467575162132e-15,0.672614741580259,0.7193446311057373
0.11912265277777781,frozen_q,False,2727.5,5.94732203556093,1.4858199270328689e-15,0.672614741580259,0.7193446311057355
0.11912265277777781,frozen_q,False,2730.0,5.947322035560932,1.4924930965495247e-15,0.672614741580259,0.7193446311057338
0.11912265277777781,frozen_q,False,2732.5,5.9473220355609335,1.4991662660661806e-15,0.672614741580259,0.7193446311057319
0.11912265277777781,frozen_q,False,2735.0,5.947322035560935,1.5058394355828364e-15,0.672614741580259,0.7193446311057301
0.11912265277777781,frozen_q,False,2737.5,5.947322035560937,1.512512605099492e-15,0.672614741580259,0.7193446311057283
0.11912265277777781,frozen_q,False,2740.0,5.947322035560939,1.5191857746161479e-15,0.672614741580259,0.7193446311057266
0.11912265277777781,frozen_q,False,2742.5,5.947322035560941,1.5258589441328035e-15,0.672614741580259,0.7193446311057248
0.11912265277777781,frozen_q,False,2745.0,5.947322035560942,1.5325321136494596e-15,0.672614741580259,0.719344631105723
0.11912265277777781,frozen_q,False,2747.5,5.947322035560944,1.5392052831661152e-15,0.672614741580259,0.7193446311057212
0.11912265277777781,frozen_q,False,2750.0,5.947322035560946,1.545878452682771e-15,0.672614741580259,0.7193446311057194
0.11912265277777781,frozen_q,False,2752.5,5.947322035560948,1.5525516221994267e-15,0.672614741580259,0.7193446311057177
0.11912265277777781,frozen_q,False,2755.0,5.9473220355609495,1.5592247917160827e-15,0.672614741580259,0.7193446311057159
0.11912265277777781,frozen_q,False,2757.5,5.947322035560951,1.5658979612327384e-15,0.672614741580259,0.7193446311057141
0.11912265277777781,frozen_q,False,2760.0,5.947322035560953,1.5725711307493942e-15,0.672614741580259,0.7193446311057123
0.11912265277777781,frozen_q,False,2762.5,5.947322035560955,1.5792443002660499e-15,0.672614741580259,0.7193446311057106
0.11912265277777781,frozen_q,False,2765.0,5.947322035560957,1.5859174697827057e-15,0.672614741580259,0.7193446311057088
0.11912265277777781,frozen_q,False,2767.5,5.947322035560958,1.5925906392993615e-15,0.672614741580259,0.719344631105707
0.11912265277777781,frozen_q,False,2770.0,5.94732203556096,1.5992638088160174e-15,0.672614741580259,0.7193446311057052
0.11912265277777781,frozen_q,False,2772.5,5.947322035560962,1.605936978332673e-15,0.672614741580259,0.7193446311057035
0.11912265277777781,frozen_q,False,2775.0,5.947322035560964,1.6126101478493289e-15,0.672614741580259,0.7193446311057016
0.11912265277777781,frozen_q,False,2777.5,5.9473220355609655,1.6192833173659847e-15,0.672614741580259,0.7193446311056998
0.11912265277777781,frozen_q,False,2780.0,5.947322035560967,1.6259564868826404e-15,0.672614741580259,0.719344631105698
0.11912265277777781,frozen_q,False,2782.5,5.947322035560969,1.6326296563992962e-15,0.672614741580259,0.7193446311056962
0.11912265277777781,frozen_q,False,2785.0,5.947322035560971,1.639302825915952e-15,0.672614741580259,0.7193446311056945
0.11912265277777781,frozen_q,False,2787.5,5.947322035560973,1.6459759954326077e-15,0.672614741580259,0.7193446311056927
0.11912265277777781,frozen_q,False,2790.0,5.947322035560974,1.6526491649492635e-15,0.672614741580259,0.7193446311056909
0.11912265277777781,frozen_q,False,2792.5,5.947322035560976,1.6593223344659194e-15,0.672614741580259,0.7193446311056891
0.11912265277777781,frozen_q,False,2795.0,5.947322035560978,1.6659955039825752e-15,0.672614741580259,0.7193446311056874
0.11912265277777781,frozen_q,False,2797.5,5.94732203556098,1.6726686734992308e-15,0.672614741580259,0.7193446311056856
0.11912265277777781,frozen_q,False,2800.0,5.9473220355609815,1.6793418430158867e-15,0.672614741580259,0.7193446311056838
0.11912265277777781,frozen_q,False,2802.5,5.947322035560983,1.6860150125325425e-15,0.672614741580259,0.719344631105682
0.11912265277777781,frozen_q,False,2805.0,5.947322035560985,1.6926881820491982e-15,0.672614741580259,0.7193446311056803
0.11912265277777781,frozen_q,False,2807.5,5.947322035560987,1.699361351565854e-15,0.672614741580259,0.7193446311056785
0.11912265277777781,frozen_q,False,2810.0,5.947322035560989,1.7060345210825099e-15,0.672614741580259,0.7193446311056767
0.11912265277777781,frozen_q,False,2812.5,5.94732203556099,1.7127076905991657e-15,0.672614741580259,0.7193446311056749
0.11912265277777781,frozen_q,False,2815.0,5.947322035560992,1.7193808601158213e-15,0.672614741580259,0.7193446311056731
0.11912265277777781,frozen_q,False,2817.5,5.947322035560994,1.7260540296324772e-15,0.672614741580259,0.7193446311056713
0.11912265277777781,frozen_q,False,2820.0,5.947322035560996,1.732727199149133e-15,0.672614741580259,0.7193446311056695
0.11912265277777781,frozen_q,False,2822.5,5.9473220355609975,1.7394003686657887e-15,0.672614741580259,0.7193446311056677
0.11912265277777781,frozen_q,False,2825.0,5.947322035560998,1.7460735381824445e-15,0.672614741580259,0.7193446311056668
0.11912265277777781,frozen_q,False,2827.5,5.947322035561,1.7527467076991003e-15,0.672614741580259,0.719344631105665
0.11912265277777781,frozen_q,False,2830.0,5.947322035561002,1.7594198772157562e-15,0.672614741580259,0.7193446311056633
0.11912265277777781,frozen_q,False,2832.5,5.947322035561004,1.7660930467324118e-15,0.672614741580259,0.7193446311056615
0.11912265277777781,frozen_q,False,2835.0,5.9473220355610055,1.7727662162490677e-15,0.672614741580259,0.7193446311056597
0.11912265277777781,frozen_q,False,2837.5,5.947322035561007,1.7794393857657233e-15,0.672614741580259,0.7193446311056579
0.11912265277777781,frozen_q,False,2840.0,5.947322035561009,1.786112555282379e-15,0.672614741580259,0.7193446311056562
0.11912265277777781,frozen_q,False,2842.5,5.947322035561011,1.792785724799035e-15,0.672614741580259,0.7193446311056544
0.11912265277777781,frozen_q,False,2845.0,5.947322035561013,1.799458894315691e-15,0.672614741580259,0.7193446311056526
0.11912265277777781,frozen_q,False,2847.5,5.947322035561014,1.8061320638323467e-15,0.672614741580259,0.7193446311056508
0.11912265277777781,frozen_q,False,2850.0,5.947322035561016,1.8128052333490025e-15,0.672614741580259,0.7193446311056491
0.11912265277777781,frozen_q,False,2852.5,5.947322035561018,1.819478402865658e-15,0.672614741580259,0.7193446311056473
0.11912265277777781,frozen_q,False,2855.0,5.94732203556102,1.8261515723823138e-15,0.672614741580259,0.7193446311056455
0.11912265277777781,frozen_q,False,2857.5,5.9473220355610215,1.8328247418989696e-15,0.672614741580259,0.7193446311056436
0.11912265277777781,frozen_q,False,2860.0,5.947322035561023,1.8394979114156255e-15,0.672614741580259,0.7193446311056418
0.11912265277777781,frozen_q,False,2862.5,5.947322035561025,1.8461710809322813e-15,0.672614741580259,0.7193446311056401
0.11912265277777781,frozen_q,False,2865.0,5.947322035561027,1.852844250448937e-15,0.672614741580259,0.7193446311056383
0.11912265277777781,frozen_q,False,2867.5,5.947322035561029,1.859517419965593e-15,0.672614741580259,0.7193446311056365
0.11912265277777781,frozen_q,False,2870.0,5.94732203556103,1.8661905894822485e-15,0.672614741580259,0.7193446311056347
0.11912265277777781,frozen_q,False,2872.5,5.947322035561032,1.8728637589989043e-15,0.672614741580259,0.719344631105633
0.11912265277777781,frozen_q,False,2875.0,5.947322035561034,1.87953692851556e-15,0.672614741580259,0.7193446311056312
0.11912265277777781,frozen_q,False,2877.5,5.947322035561036,1.886210098032216e-15,0.672614741580259,0.7193446311056294
0.11912265277777781,frozen_q,False,2880.0,5.9473220355610374,1.892883267548872e-15,0.672614741580259,0.7193446311056276
0.11912265277777781,frozen_q,False,2882.5,5.947322035561039,1.8995564370655277e-15,0.672614741580259,0.7193446311056259
0.11912265277777781,frozen_q,False,2885.0,5.947322035561041,1.9062296065821835e-15,0.672614741580259,0.7193446311056241
0.11912265277777781,frozen_q,False,2887.5,5.947322035561043,1.912902776098839e-15,0.672614741580259,0.7193446311056223
0.11912265277777781,frozen_q,False,2890.0,5.9473220355610446,1.9195759456154948e-15,0.672614741580259,0.7193446311056205
0.11912265277777781,frozen_q,False,2892.5,5.947322035561046,1.9262491151321506e-15,0.672614741580259,0.7193446311056187
0.11912265277777781,frozen_q,False,2895.0,5.947322035561048,1.9329222846488065e-15,0.672614741580259,0.719344631105617
0.11912265277777781,frozen_q,False,2897.5,5.94732203556105,1.9395954541654623e-15,0.672614741580259,0.7193446311056152
0.11912265277777781,frozen_q,False,2900.0,5.947322035561052,1.946268623682118e-15,0.672614741580259,0.7193446311056133
0.11912265277777781,frozen_q,False,2902.5,5.947322035561053,1.952941793198774e-15,0.672614741580259,0.7193446311056115
0.11912265277777781,frozen_q,False,2905.0,5.947322035561055,1.9596149627154294e-15,0.672614741580259,0.7193446311056098
0.11912265277777781,frozen_q,False,2907.5,5.947322035561057,1.9662881322320853e-15,0.672614741580259,0.719344631105608
0.11912265277777781,frozen_q,False,2910.0,5.947322035561059,1.972961301748741e-15,0.672614741580259,0.7193446311056062
0.11912265277777781,frozen_q,False,2912.5,5.9473220355610605,1.979634471265397e-15,0.672614741580259,0.7193446311056044
0.11912265277777781,frozen_q,False,2915.0,5.947322035561062,1.9863076407820528e-15,0.672614741580259,0.7193446311056026
0.11912265277777781,frozen_q,False,2917.5,5.947322035561064,1.9929808102987086e-15,0.672614741580259,0.7193446311056009
0.11912265277777781,frozen_q,False,2920.0,5.947322035561066,1.9996539798153645e-15,0.672614741580259,0.7193446311055991
0.11912265277777781,frozen_q,False,2922.5,5.947322035561068,2.00632714933202e-15,0.672614741580259,0.7193446311055973
0.11912265277777781,frozen_q,False,2925.0,5.947322035561069,2.0130003188486758e-15,0.672614741580259,0.7193446311055955
0.11912265277777781,frozen_q,False,2927.5,5.947322035561071,2.0196734883653316e-15,0.672614741580259,0.7193446311055938
0.11912265277777781,frozen_q,False,2930.0,5.947322035561073,2.0263466578819874e-15,0.672614741580259,0.719344631105592
0.11912265277777781,frozen_q,False,2932.5,5.947322035561075,2.0330198273986433e-15,0.672614741580259,0.7193446311055902
0.11912265277777781,frozen_q,False,2935.0,5.9473220355610765,2.039692996915299e-15,0.672614741580259,0.7193446311055884
0.11912265277777781,frozen_q,False,2937.5,5.947322035561078,2.046366166431955e-15,0.672614741580259,0.7193446311055867
0.11912265277777781,frozen_q,False,2940.0,5.94732203556108,2.0530393359486104e-15,0.672614741580259,0.7193446311055849
0.11912265277777781,frozen_q,False,2942.5,5.947322035561081,2.0597125054652663e-15,0.672614741580259,0.7193446311055839
0.11912265277777781,frozen_q,False,2945.0,5.947322035561083,2.066385674981922e-15,0.672614741580259,0.7193446311055821
0.11912265277777781,frozen_q,False,2947.5,5.9473220355610845,2.073058844498578e-15,0.672614741580259,0.7193446311055803
0.11912265277777781,frozen_q,False,2950.0,5.947322035561086,2.0797320140152338e-15,0.672614741580259,0.7193446311055786
0.11912265277777781,frozen_q,False,2952.5,5.947322035561088,2.0864051835318896e-15,0.672614741580259,0.7193446311055768
0.11912265277777781,frozen_q,False,2955.0,5.94732203556109,2.0930783530485455e-15,0.672614741580259,0.719344631105575
0.11912265277777781,frozen_q,False,2957.5,5.947322035561092,2.099751522565201e-15,0.672614741580259,0.7193446311055732
0.11912265277777781,frozen_q,False,2960.0,5.947322035561093,2.1064246920818567e-15,0.672614741580259,0.7193446311055715
0.11912265277777781,frozen_q,False,2962.5,5.947322035561095,2.1130978615985126e-15,0.672614741580259,0.7193446311055697
0.11912265277777781,frozen_q,False,2965.0,5.947322035561097,2.1197710311151684e-15,0.672614741580259,0.7193446311055679
0.11912265277777781,frozen_q,False,2967.5,5.947322035561099,2.1264442006318243e-15,0.672614741580259,0.7193446311055661
0.11912265277777781,frozen_q,False,2970.0,5.9473220355611005,2.13311737014848e-15,0.672614741580259,0.7193446311055643
0.11912265277777781,frozen_q,False,2972.5,5.947322035561102,2.139790539665136e-15,0.672614741580259,0.7193446311055626
0.11912265277777781,frozen_q,False,2975.0,5.947322035561104,2.1464637091817914e-15,0.672614741580259,0.7193446311055608
0.11912265277777781,frozen_q,False,2977.5,5.947322035561106,2.1531368786984472e-15,0.672614741580259,0.719344631105559
0.11912265277777781,frozen_q,False,2980.0,5.947322035561108,2.159810048215103e-15,0.672614741580259,0.7193446311055572
0.11912265277777781,frozen_q,False,2982.5,5.947322035561109,2.166483217731759e-15,0.672614741580259,0.7193446311055554
0.11912265277777781,frozen_q,False,2985.0,5.947322035561111,2.1731563872484148e-15,0.672614741580259,0.7193446311055536
0.11912265277777781,frozen_q,False,2987.5,5.947322035561113,2.1798295567650706e-15,0.672614741580259,0.7193446311055518
0.11912265277777781,frozen_q,False,2990.0,5.947322035561115,2.1865027262817264e-15,0.672614741580259,0.71934463110555
0.11912265277777781,frozen_q,False,2992.5,5.9473220355611165,2.193175895798382e-15,0.672614741580259,0.7193446311055482
0.11912265277777781,frozen_q,False,2995.0,5.947322035561118,2.1998490653150377e-15,0.672614741580259,0.7193446311055465
0.11912265277777781,frozen_q,False,2997.5,5.94732203556112,2.2065222348316936e-15,0.672614741580259,0.7193446311055447
0.11912265277777781,frozen_q,False,3000.0,5.947322035561122,2.2131954043483494e-15,0.672614741580259,0.7193446311055429
0.11912265277777781,evolving_q,True,0.0,4.833333333333334,0.6416666666666666,0.672614741580259,1.1916666666666664
0.11912265277777781,evolving_q,True,2.5,5.0672693094571875,0.49418684447381006,0.671518446296641,1.1052105127356695
0.11912265277777781,evolving_q,True,5.0,5.246676973073438,0.3952364080320984,0.6691786932027844,1.0247532855611308
0.11912265277777781,evolving_q,True,7.5,5.375321787393738,0.32392499950976533,0.6659732377720661,0.9674198797631635
0.11912265277777781,evolving_q,True,10.0,5.472055746287825,0.270263757670012,0.6621140838019666,0.9243471627088296
0.11912265277777781,evolving_q,True,12.5,5.547281295493165,0.2286264689177584,0.6577429664460441,0.8907589022557436
0.11912265277777781,evolving_q,True,15.0,5.607274696415017,0.1955703291497486,0.6529597697135969,0.8638216411019017
0.11912265277777781,evolving_q,True,17.5,5.656075357696836,0.1688563160899776,0.6478378432012528,0.8417349928798532
0.11912265277777781,evolving_q,True,20.0,5.696413445122464,0.14695882408569888,0.6424328689473455,0.8232943974585041
0.11912265277777781,evolving_q,True,22.5,5.730206078549575,0.12879945573877616,0.6367882956664881,0.807661132378316
0.11912265277777781,evolving_q,True,25.0,5.758841822418668,0.11359300775886194,0.6309388263391889,0.7942318364891373
0.11912265277777781,evolving_q,True,27.5,5.783351685796096,0.10075367333301918,0.6249127438159834,0.7825613075375517
0.11912265277777781,evolving_q,True,30.0,5.804517725759739,0.08983545804929799,0.6187335104801996,0.7723134828576299
0.11912265277777781,evolving_q,True,32.5,5.822943468328471,0.08049294895163545,0.6124208997085593,0.7632302493865608
0.11912265277777781,evolving_q,True,35.0,5.839101804375525,0.07245470033995553,0.6059918138432515,0.7551101619511867
0.11912265277777781,evolving_q,True,37.5,5.853368042402905,0.06550470137099422,0.599460887766267,0.7477939228927679
0.11912265277777781,evolving_q,True,40.0,5.866043388481013,0.05946917085950596,0.5928409419453912,0.741154107326148
0.11912265277777781,evolving_q,True,42.5,5.877371936418819,0.054206964221331456,0.586143327517736,0.7350877660265165
0.11912265277777781,evolving_q,True,45.0,5.887553193970455,0.04960247922039572,0.5793781926539673,0.7295109934758159
0.11912265277777781,evolving_q,True,47.5,5.89675146055636,0.045560327576560124,0.5725546905350095,0.7243548785337466
0.11912265277777781,evolving_q,True,50.0,5.905102947237686,0.042001278648026746,0.5656811433218214,0.7195624407809543
0.11912265277777781,evolving_q,True,52.5,5.912721258264894,0.038859131159708564,0.5587651726466065,0.7150862772420642
0.11912265277777781,evolving_q,True,55.0,5.919701643645447,0.03607827497715998,0.5518138042348683,0.7108867480440599
0.11912265277777781,evolving_q,True,57.5,5.926124352601913,0.03361177177303207,0.5448335523515102,0.7069305422917221
0.11912265277777781,evolving_q,True,60.0,5.932057293852438,0.03141982911502028,0.5378304884064372,0.7031895436992088
0.11912265277777781,evolving_q,True,62.5,5.937558152112857,0.02946857969439831,0.5308102969642404,0.699639934859412
0.11912265277777781,evolving_q,True,65.0,5.942676097318969,0.02772909522274638,0.5237783217160801,0.6962614741249512
0.11912265277777781,evolving_q,True,67.5,5.947453178643126,0.026176586142501547,0.5167396033461162,0.6930369018810391
0.11912265277777781,evolving_q,True,70.0,5.951925456121886,0.024789746884629347,0.5096989108920855,0.6899514636601515
0.11912265277777781,evolving_q,True,72.5,5.956123929862441,0.023550218674411927,0.5026607677542848,0.686992518129814
0.11912265277777781,evolving_q,True,75.0,5.960075305349853,0.022442145471104534,0.4956294733963715,0.6841492158457096
0.11912265277777781,evolving_q,True,77.5,5.963802637275939,0.02145180546737073,0.48860912149463925,0.6814122239233573
0.11912265277777781,evolving_q,True,80.0,5.967325847760157,0.02056730416297781,0.48160361519415323,0.6787735147435322
0.11912265277777781,evolving_q,True,82.5,5.970662180593222,0.019778318044501572,0.4746166799425845,0.6762261680289433
0.11912265277777781,evolving_q,True,85.0,5.973826562593405,0.019075879190379844,0.46765187439198713,0.6737642248828825
0.11912265277777781,evolving_q,True,87.5,5.9768319266423315,0.018452194213242824,0.4607125996634468,0.6713825458110926
0.11912265277777781,evolving_q,True,90.0,5.979689389968495,0.017900491250972535,0.45380210738373356,0.6690767854471992
0.11912265277777781,evolving_q,True,92.5,5.9824087921922455,0.017414892245715033,0.4469235061556371,0.6668429822287064
0.11912265277777781,evolving_q,True,95.0,5.984998340542219,0.016990301100361115,0.440079768233247,0.6646780250240865
0.11912265277777781,evolving_q,True,97.5,5.987465143806738,0.016622313915908918,0.43327373416483855,0.6625792089440197
0.11912265277777781,evolving_q,True,100.0,5.989815438104571,0.016307139022899198,0.4265081175394069,0.6605440895391964
0.11912265277777781,evolving_q,True,102.5,5.9920543982534795,0.01604153112903505,0.41978550933375697,0.6585707372841524
0.11912265277777781,evolving_q,True,105.0,5.994186385321539,0.0158227354073129,0.413108381608141,0.6566575459378149
0.11912265277777781,evolving_q,True,107.5,5.996214999217295,0.015648440100543982,0.4064790910104103,0.6548032273488281
0.11912265277777781,evolving_q,True,110.0,5.9981431782307855,0.015516737078890936,0.3998998820379877,0.6530067513569906
0.11912265277777781,evolving_q,True,112.5,5.999973234179951,0.015426089039879456,0.39337289015141413,0.6512673434468368
0.11912265277777781,evolving_q,True,115.0,6.00170684133527,0.015375302834706377,0.3869001447413953,0.6495845224966903
0.11912265277777781,evolving_q,True,117.5,6.003345189061632,0.015363507751675061,0.3804835719519176,0.6479579698533603
0.11912265277777781,evolving_q,True,120.0,6.004888868841594,0.015390138772464212,0.3741249975903987,0.6463876590526092
0.11912265277777781,evolving_q,True,122.5,6.006338038273207,0.015454924036100348,0.36782614984539874,0.6448737043573594
0.11912265277777781,evolving_q,True,125.0,6.007692284425864,0.015557876170185354,0.36158866218063956,0.6434165060706178
0.11912265277777781,evolving_q,True,127.5,6.008950761107596,0.01569928778661858,0.355414076099118,0.6420166177724523
0.11912265277777781,evolving_q,True,130.0,6.010112071927521,0.015879730318297064,0.3493038440128792,0.6406748644208488
0.11912265277777781,evolving_q,True,132.5,6.011174357846716,0.016100056491314227,0.34325933211532966,0.6393922523286365
0.11912265277777781,evolving_q,True,135.0,6.012135220717399,0.016361406311371188,0.33728182344559765,0.638170039637897
0.11912265277777781,evolving_q,True,137.5,6.012991726999145,0.016665216784261354,0.3313725209042069,0.6370097228832607
0.11912265277777781,evolving_q,True,140.0,6.013740370399028,0.017013235299865863,0.3255325504107041,0.6359130609677729
0.11912265277777781,evolving_q,True,142.5,6.014377038503539,0.017407536659659703,0.3197629641128182,0.6348820915034686
0.11912265277777781,evolving_q,True,145.0,6.014896966218002,0.017850545407818937,0.3140647438816695,0.6339191550408462
0.11912265277777781,evolving_q,True,147.5,6.01529468376929,0.018345061632746844,0.30843880473933466,0.6330269212646301
0.11912265277777781,evolving_q,True,150.0,6.015563953469466,0.01889429196262904,0.3028859984631378,0.6322084212345717
0.11912265277777781,evolving_q,True,152.5,6.015697694193833,0.019501887973352377,0.2974071175566671,0.6314670844994812
0.11912265277777781,evolving_q,True,155.0,6.015687895128416,0.020171988884342233,0.2920028991584019,0.6308067826539091
0.11912265277777781,evolving_q,True,157.5,6.0155255166120405,0.020909272300891388,0.28667402919733903,0.6302318777537351
0.11912265277777781,evolving_q,True,160.0,6.015200370451246,0.02171901451714356,0.28142114693483783,0.6297472816982777
0.11912265277777781,evolving_q,True,162.5,6.014700985040364,0.022607159405360126,0.27624484963535023,0.6293585222209425
0.11912265277777781,evolving_q,True,165.0,6.014014446790089,0.02358039909389087,0.2711456975774007,0.6290718207826872
0.11912265277777781,evolving_q,True,167.5,6.013126216078626,0.02464626808648768,0.2661242194322604,0.6288941825015534
0.11912265277777781,evolving_q,True,170.0,6.012019913036811,0.025813253467490624,0.26118091804637183,0.6288335001623653
0.11912265277777781,evolving_q,True,172.5,6.010677065106571,0.027090922498466573,0.2563162766687286,0.6288986790616293
0.11912265277777781,evolving_q,True,175.0,6.009076817634757,0.028490074047106538,0.25153076577543,0.6290997749848037
0.11912265277777781,evolving_q,True,177.5,6.007195583580329,0.0300229153694632,0.24682485053967398,0.6294481677168745
0.11912265277777781,evolving_q,True,180.0,6.005006645712901,0.0317032701740452,0.24219899903075903,0.629956750779721
0.11912265277777781,evolving_q,True,182.5,6.002479669014944,0.033546826282131396,0.23765369140350667,0.6306401713695916
0.11912265277777781,evolving_q,True,185.0,5.999580136340922,0.03557142875099885,0.23318943012499588,0.6315151015747466
0.11912265277777781,evolving_q,True,187.5,5.996268666815492,0.03779742994667867,0.22880675156893926,0.632600569904496
0.11912265277777781,evolving_q,True,190.0,5.992500205731105,0.040248108813385496,0.22450623915833462,0.6339183521221767
0.11912265277777781,evolving_q,True,192.5,5.988223046571996,0.042950174939145075,0.22028853844473903,0.6354934451555262
0.11912265277777781,evolving_q,True,195.0,5.983377648470118,0.04593438045805516,0.21615437457190195,0.6373546377384933
0.11912265277777781,evolving_q,True,197.5,5.977895202907064,0.049236260771974155,0.21210457256087972,0.639535202987629
0.11912265277777781,evolving_q,True,200.0,5.971695883202605,0.05289704075219528,0.20814008112961258,0.6420737427118669
0.11912265277777781,evolving_q,True,202.5,5.96468669681457,0.05696474871264957,0.20426200090133861,0.6450152211394474
0.11912265277777781,evolving_q,True,205.0,5.9567588219040655,0.0614955915441075,0.20047161802549576,0.6484122532184939
0.11912265277777781,evolving_q,True,207.5,5.947784338043684,0.06655566298386051,0.19677044455608036,0.6523266656391223
0.11912265277777781,evolving_q,True,210.0,5.937612080882019,0.07222307941406415,0.1931602674321245,0.6568315063705839
0.11912265277777781,evolving_q,True,212.5,5.926062493575806,0.07859066309405932,0.18964320823924316,0.6620135099968016
0.11912265277777781,evolving_q,True,215.0,5.912921127336033,0.08576932946797672,0.18622179660579155,0.6679762098626572
0.11912265277777781,evolving_q,True,217.5,5.8979304285041705,0.09389239333090547,0.18289906125614597,0.674843844831591
0.11912265277777781,evolving_q,True,220.0,5.8807789146781575,0.10312106101963667,0.17967864379582293,0.6827666909688728
0.11912265277777781,evolving_q,True,222.5,5.86108810130835,0.11365146226906386,0.17656494138926027,0.6919271030892533
0.11912265277777781,evolving_q,True,225.0,5.838395101999625,0.12572366674044225,0.17356328743980312,0.7025478979265998
0.11912265277777781,evolving_q,True,227.5,5.812130221552638,0.13963324738628263,0.17068018166212287,0.714903197727746
0.11912265277777781,evolving_q,True,230.0,5.78158913828091,0.15574601528779772,0.1679235833986408,0.7293315130979595
0.11912265277777781,evolving_q,True,232.5,5.745897314084186,0.1745165783262151,0.16530328719504236,0.7462527742562663
0.11912265277777781,evolving_q,True,235.0,5.703966450373348,0.19651114109203477,0.16283140235142748,0.7661890752012843
0.11912265277777781,evolving_q,True,237.5,5.654443545942964,0.22243416325408527,0.16052296018551546,0.7897889574696174
0.11912265277777781,evolving_q,True,240.0,5.59565693287433,0.2531564878223359,0.1583966689555904,0.8178532459700013
0.11912265277777781,evolving_q,True,242.5,5.5255722458185295,0.28973796382748945,0.15647581798279014,0.851356457020648
0.11912265277777781,evolving_q,True,245.0,5.441788661943772,0.33342817274190445,0.1547892797045469,0.8914498319809909
0.11912265277777781,evolving_q,True,247.5,5.3416380413035345,0.38561146098827304,0.15337244071946224,0.9394171643748594
0.11912265277777781,evolving_q,True,250.0,5.222500552157148,0.4476350690042397,0.15226765616612556,0.9965310455052796
0.11912265277777781,evolving_q,True,252.5,5.082505580638729,0.5204300558886596,0.15152342075897493,1.063731030139278
0.11912265277777781,evolving_q,True,255.0,4.9217740058842585,0.6038444184029789,0.15119095027869467,1.1410482423794295
0.11912265277777781,evolving_q,True,257.5,4.7441049381658855,0.6957515770298609,0.15131669798834513,1.2268101514709207
0.11912265277777781,evolving_q,True,260.0,4.558341353910866,0.7913664774130088,0.15193050600642896,1.316958835342792
0.11912265277777781,evolving_q,True,262.5,4.377887211635534,0.8835981409473161,0.153032568817632,1.4051813140838165
0.11912265277777781,evolving_q,True,265.0,4.217276916034352,0.9649703057169357,0.15458644574172203,1.484419444915379
0.11912265277777781,evolving_q,True,267.5,4.087147458720191,1.0302665482045639,0.15652457558896035,1.5492526597419125
0.11912265277777781,evolving_q,True,270.0,3.9910664978397024,1.0780275990485944,0.1587645568929729,1.5975725697783703
0.11912265277777781,evolving_q,True,272.5,3.9261744267562717,1.1100177107263731,0.1612267516450064,1.6304745291840221
0.11912265277777781,evolving_q,True,275.0,3.8862148161990424,1.129573852315718,0.16384512188439854,1.6508779981519066
0.11912265277777781,evolving_q,True,277.5,3.8644275346710324,1.1401547678025654,0.16657010578718506,1.6620843641930692
0.11912265277777781,evolving_q,True,280.0,3.855116080733329,1.1446113649862155,0.1693666810063132,1.6669392209471223
0.11912265277777781,evolving_q,True,282.5,3.8540649059711365,1.1450259331228236,0.17221085739435527,1.6675758275727068
0.11912265277777781,evolving_q,True,285.0,3.858376765206973,1.142818486039624,0.1750863577656326,1.6654714154200698
0.11912265277777781,evolving_q,True,287.5,3.8661428925005272,1.1389204098874863,0.1779820543645575,1.6616033642786534
0.11912265277777781,evolving_q,True,290.0,3.876134752432405,1.1339297822577792,0.18089017603299343,1.656602131976483
0.11912265277777781,evolving_q,True,292.5,3.8875704898076178,1.1282268586638264,0.18380510821660637,1.6508693181952228
0.11912265277777781,evolving_q,True,295.0,3.8999542629072885,1.1220527592610103,0.18672261601689544,1.644659644498368
0.11912265277777781,evolving_q,True,297.5,3.9129708124857268,1.115560762764724,0.1896393467492566,1.6381350914162163
0.11912265277777781,evolving_q,True,300.0,3.9264186056993524,1.1088490412005885,0.1925525133605888,1.631399019766726
0.11912265277777781,evolving_q,True,302.5,3.940167230003171,1.1019811188563409,0.19545969579092087,1.6245183178071552
0.11912265277777781,evolving_q,True,305.0,3.954130980394848,1.0949988106944282,0.19835871421887558,1.6175368755773907
0.11912265277777781,evolving_q,True,307.5,3.968252297589924,1.0879302470278982,0.2012475502344147,1.6104841220488448
0.11912265277777781,evolving_q,True,310.0,3.9824913987146187,1.0807949132334214,0.20412429738087332,1.603380354718627
0.11912265277777781,evolving_q,True,312.5,3.9968197206270837,1.073606840171415,0.20698713033954852,1.5962401058681683
0.11912265277777781,evolving_q,True,315.0,4.011215915214679,1.0663765545863841,0.20983428691010053,1.5890741968656037
0.11912265277777781,evolving_q,True,317.5,4.025663207547608,1.0591123666761955,0.21266405687757595,1.5818910924428633
0.11912265277777781,evolving_q,True,320.0,4.040147753860652,1.0518211718080945,0.2154747761435955,1.5746977409979201
0.11912265277777781,evolving_q,True,322.5,4.054657630548305,1.0445089437940773,0.21826482412737125,1.5675000923242848
0.11912265277777781,evolving_q,True,325.0,4.06918213448716,1.0371810775275878,0.22103262281044192,1.5603034546519194
0.11912265277777781,evolving_q,True,327.5,4.083711356613571,1.0298425971925649,0.2237766372443561,1.5531127128605313
0.11912265277777781,evolving_q,True,330.0,4.098235933493635,1.0224982778196063,0.22649537693234956,1.5459324553534255
0.11912265277777781,evolving_q,True,332.5,4.112746871996185,1.0151527305520873,0.22918739749274525,1.5387670641183946
0.11912265277777781,evolving_q,True,335.0,4.1272354360725005,1.0078104582009326,0.23185130254853228,1.5316207723932338
0.11912265277777781,evolving_q,True,337.5,4.141693076432589,1.0004758890163687,0.23448574574443823,1.524497701217709
0.11912265277777781,evolving_q,True,340.0,4.156111398349124,0.9931533916860398,0.2370894327891606,1.5174018766315036
0.11912265277777781,evolving_q,True,342.5,4.170482148452439,0.9858472814081692,0.23966112342639148,1.510337236806059
0.11912265277777781,evolving_q,True,345.0,4.184797204231791,0.9785618235307929,0.24219963325871233,1.503307638904083
0.11912265277777781,evolving_q,True,347.5,4.199048575504911,0.9713012346631957,0.2447038353999293,1.4963168564985605
0.11912265277777781,evolving_q,True,350.0,4.213228400139055,0.9640696790802091,0.2471726619422609,1.4893685874474025
0.11912265277777781,evolving_q,True,352.5,4.227328949112041,0.9568712648400475,0.24960510534615932,1.482466452714578
0.11912265277777781,evolving_q,True,355.0,4.241342665808674,0.9497100369270551,0.2520002195085466,1.4756139639309374
0.11912265277777781,evolving_q,True,357.5,4.255262138396015,0.9425899696020528,0.25435712070791894,1.4688145586685994
0.11912265277777781,evolving_q,True,360.0,4.2690801346468294,0.9355149607410387,0.25667498827723445,1.4620715712787988
0.11912265277777781,evolving_q,True,362.5,4.282789606137889,0.9284888254787819,0.25895306513042504,1.4553882350499956
0.11912265277777781,evolving_q,True,365.0,4.296383700255162,0.9215152900924877,0.26119065808020653,1.4487676763190174
0.11912265277777781,evolving_q,True,367.5,4.309855767981489,0.9145979854803319,0.26338713783427997,1.4422129132048462
0.11912265277777781,evolving_q,True,370.0,4.3231993764006456,0.9077404405993377,0.26554193900468476,1.4357268496666837
0.11912265277777781,evolving_q,True,372.5,4.33640831666469,0.9009460773410356,0.26765455995003495,1.4293122726609417
0.11912265277777781,evolving_q,True,375.0,4.349476614118771,0.8942182042014477,0.2697245623218663,1.4229718483464482
0.11912265277777781,evolving_q,True,377.5,4.362398533386269,0.8875600130174501,0.2717515699390439,1.4167081202629477
0.11912265277777781,evolving_q,True,380.0,4.37516858977809,0.8809745718595455,0.27373526907768664,1.4105235050290315
0.11912265277777781,evolving_q,True,382.5,4.38778154756686,0.8744648247743482,0.27567540601495055,1.4044202943254591
0.11912265277777781,evolving_q,True,385.0,4.400232433141791,0.8680335844078326,0.2775717874320571,1.3984006491170435
0.11912265277777781,evolving_q,True,387.5,4.41251653191014,0.8616835325463267,0.27942427795790165,1.3924666022102001
0.11912265277777781,evolving_q,True,390.0,4.424629396644519,0.8554172148138792,0.2812327997036972,1.3866200552082684
0.11912265277777781,evolving_q,True,392.5,4.436566847594878,0.8492370397563335,0.2829973303985798,1.3808627793154558
0.11912265277777781,evolving_q,True,395.0,4.448324973680023,0.8431452775747428,0.28471790171597466,1.375196415411901
0.11912265277777781,evolving_q,True,397.5,4.459900137377832,0.8371440565141427,0.2863945982247978,1.3696224727746924
0.11912265277777781,evolving_q,True,400.0,4.471288968499332,0.8312353655218594,0.28802755476543235,1.3641423326454758
0.11912265277777781,evolving_q,True,402.5,4.482488370283839,0.8254210501783739,0.28961695550277217,1.358757246204454
0.11912265277777781,evolving_q,True,405.0,4.493495512153242,0.8197028159614277,0.29116303133022786,1.3534683385519974
0.11912265277777781,evolving_q,True,407.5,4.50430783194917,0.8140822262209189,0.2926660584481159,1.3482766084965783
0.11912265277777781,evolving_q,True,410.0,4.514923031286936,0.808560704045496,0.2941263561387785,1.3431829313342347
0.11912265277777781,evolving_q,True,412.5,4.525339072017913,0.8031395336832616,0.2955442847647049,1.3381880609654921
0.11912265277777781,evolving_q,True,415.0,4.535554175728482,0.7978198599555476,0.29692024395553174,1.3332926309826374
0.11912265277777781,evolving_q,True,417.5,4.545566815039808,0.7926026926453179,0.29825467025385805,1.3284971589815409
0.11912265277777781,evolving_q,True,420.0,4.555375713421187,0.7874889058634917,0.2995480353265358,1.3238020473819885
0.11912265277777781,evolving_q,True,422.5,4.564979836796028,0.7824792423200553,0.30080084371155724,1.3192075875505835
0.11912265277777781,evolving_q,True,425.0,4.574378391288818,0.7775743137340893,0.30201363091906214,1.31471396164376
0.11912265277777781,evolving_q,True,427.5,4.583570814283777,0.7727746054175642,0.30318696126896083,1.3103212469653256
0.11912265277777781,evolving_q,True,430.0,4.592556772018112,0.7680804773583485,0.30432142594620204,1.3060294172902067
0.11912265277777781,evolving_q,True,432.5,4.601336150964175,0.7634921687366639,0.30541764093613893,1.3018383469658277
0.11912265277777781,evolving_q,True,435.0,4.60990905155131,0.7590097999633467,0.3064762451030382,1.2977478151520103
0.11912265277777781,evolving_q,True,437.5,4.618275780747514,0.7546333766897461,0.30749789819296436,1.2937575092294065
0.11912265277777781,evolving_q,True,440.0,4.626436850245873,0.7503627924317976,0.3084832790030529,1.2898670239889967
0.11912265277777781,evolving_q,True,442.5,4.634392967722143,0.7461978321280966,0.3094330833881702,1.286075866816427
0.11912265277777781,evolving_q,True,445.0,4.642145020484365,0.7421381767225037,0.3103480226599417,1.2823834694597986
0.11912265277777781,evolving_q,True,447.5,4.649694075737542,0.7381834056158105,0.311228821492596,1.2787891853133146
0.11912265277777781,evolving_q,True,450.0,4.657041395262008,0.7343329997188925,0.3120762166677853,1.275292271685766
0.11912265277777781,evolving_q,True,452.5,4.664188402705615,0.730586345712086,0.3128909546687809,1.271891918248966
0.11912265277777781,evolving_q,True,455.0,4.671136647912087,0.7269427428875669,0.31367379078860436,1.268587275867013
0.11912265277777781,evolving_q,True,457.5,4.677887809043102,0.7234014059607244,0.3144254872181899,1.2653774516628404
0.11912265277777781,evolving_q,True,460.0,4.684443819247063,0.7199614614398445,0.3151468115117424,1.2622613859797593
0.11912265277777781,evolving_q,True,462.5,4.690806728600774,0.7166219550032817,0.3158385352021353,1.2592379830626115
0.11912265277777781,evolving_q,True,465.0,4.696978607477249,0.7133818626695818,0.3165014325475663,1.2563061965198365
0.11912265277777781,evolving_q,True,467.5,4.702961741864812,0.7102400876939603,0.31713627888236645,1.2534648371078942
0.11912265277777781,evolving_q,True,470.0,4.708758522750342,0.7071954645027627,0.31774384942589173,1.2507126794135621
0.11912265277777781,evolving_q,True,472.5,4.714371442575757,0.7042467654090003,0.3183249181379555,1.2480484586819094
0.11912265277777781,evolving_q,True,475.0,4.719803099013956,0.7013927028337322,0.31888025657512253,1.2454708648189787
0.11912265277777781,evolving_q,True,477.5,4.7250561888125535,0.6986319320550856,0.3194106327718659,1.242978545799028
0.11912265277777781,evolving_q,True,480.0,4.730133498932109,0.6959630555195816,0.3199168103079287,1.240570112214976
0.11912265277777781,evolving_q,True,482.5,4.735037915773527,0.6933846186598911,0.3203995467407073,1.2382441322332485
0.11912265277777781,evolving_q,True,485.0,4.739772401478915,0.6908951230329761,0.3208595930956964,1.2359991421547756
0.11912265277777781,evolving_q,True,487.5,4.7443399843683105,0.6884930310155174,0.3212976929826257,1.233833651282839
0.11912265277777781,evolving_q,True,490.0,4.74874375707455,0.6861767656135318,0.3217145817340226,1.2317461439785853
0.11912265277777781,evolving_q,True,492.5,4.7529868767611045,0.6839447127756295,0.3221109856367759,1.229735077129933
0.11912265277777781,evolving_q,True,495.0,4.757072557847442,0.6817952245519254,0.3224876212465144,1.2277988842672996
0.11912265277777781,evolving_q,True,497.5,4.761004065112416,0.6797266227927997,0.32284519459086924,1.2259359787614517
0.11912265277777781,evolving_q,True,500.0,4.764784705802108,0.6777372031327189,0.32318440053116204,1.22414475773184
0.11912265277777781,evolving_q,True,502.5,4.768417825338332,0.6758252381488223,0.3235059221998261,1.2224236031795124
0.11912265277777781,evolving_q,True,505.0,4.7719068023889655,0.6739889800512158,0.3238104305122591,1.2207708842264857
0.11912265277777781,evolving_q,True,507.5,4.775255046299395,0.6722266613564623,0.32409858410014286,1.2191849590108097
0.11912265277777781,evolving_q,True,510.0,4.778465983328711,0.6705365024336222,0.3243710280146096,1.2176641809043343
0.11912265277777781,evolving_q,True,512.5,4.781543065408942,0.6689167104757227,0.3246283941170653,1.216206890782002
0.11912265277777781,evolving_q,True,515.0,4.784489749108994,0.6673654870229321,0.3248712997134013,1.2148114305347408
0.11912265277777781,evolving_q,True,517.5,4.7873094874676125,0.6658810243262229,0.3251003485844691,1.2134761548728314
0.11912265277777781,evolving_q,True,520.0,4.7900057554644615,0.6644615132551791,0.32531612963568823,1.2121993979470265
0.11912265277777781,evolving_q,True,522.5,4.792582068925894,0.66310514230158,0.3255192174869565,1.210979455439193
0.11912265277777781,evolving_q,True,525.0,4.79504182349699,0.6618101002648391,0.3257101719071343,1.2098147429048378
0.11912265277777781,evolving_q,True,527.5,4.797388431075841,0.6605745817321041,0.3258895377268274,1.2087036538587221
0.11912265277777781,evolving_q,True,530.0,4.79962541751215,0.6593967900716544,0.3260578444928064,1.2076444590828626
0.11912265277777781,evolving_q,True,532.5,4.8017561704377725,0.6582749343507442,0.3262156066638262,1.2066355618781501
0.11912265277777781,evolving_q,True,535.0,4.803784065736045,0.6572072352966486,0.3263633234630605,1.2056753656339732
0.11912265277777781,evolving_q,True,537.5,4.805712479818004,0.6561919279349564,0.32650147884855785,1.2047622589137068
0.11912265277777781,evolving_q,True,540.0,4.807544737557622,0.6552272618813231,0.32663054157355376,1.2038946672277218
0.11912265277777781,evolving_q,True,542.5,4.809284137095866,0.6543115044357933,0.32675096520297947,1.2030710251350074
0.11912265277777781,evolving_q,True,545.0,4.81093393883822,0.6534429423810123,0.3268631881989362,1.2022897854474346
0.11912265277777781,evolving_q,True,547.5,4.8124973599335945,0.6526198838015683,0.3269676340277261,1.201549422931504
0.11912265277777781,evolving_q,True,550.0,4.813977573771132,0.6518406593023051,0.32706471125656483,1.2008484335932295
0.11912265277777781,evolving_q,True,552.5,4.815377706738777,0.6511036232744696,0.3271548136503528,1.2001853366534208
0.11912265277777781,evolving_q,True,555.0,4.816700833686295,0.650407157200112,0.32723832046460105,1.1995586757802599
0.11912265277777781,evolving_q,True,557.5,4.81794997710024,0.6497496695407884,0.3273155965327381,1.1989670200256382
0.11912265277777781,evolving_q,True,560.0,4.819128104540101,0.6491295973436019,0.32738699242475705,1.1984089647829639
0.11912265277777781,evolving_q,True,562.5,4.820238124025715,0.6485454086550055,0.3274528448606933,1.1978831339859466
0.11912265277777781,evolving_q,True,565.0,4.8212828843955595,0.6479956024700325,0.3275134768251179,1.197388179801075
0.11912265277777781,evolving_q,True,567.5,4.822265174081225,0.6474787093298086,0.32756919761423814,1.1969227832556335
0.11912265277777781,evolving_q,True,570.0,4.823187717211753,0.6469932934204895,0.32762030352232696,1.1964856560344246
0.11912265277777781,evolving_q,True,572.5,4.824053171344212,0.6465379538977251,0.3276670778990052,1.19607554142473
0.11912265277777781,evolving_q,True,575.0,4.824864129600932,0.646111323890682,0.32770979146846396,1.1956912131750532
0.11912265277777781,evolving_q,True,577.5,4.8256231145389465,0.6457120735249988,0.32774870274761525,1.1953314786027216
0.11912265277777781,evolving_q,True,580.0,4.826332582577356,0.6453389074863075,0.3277840580796324,1.1949951766030034
0.11912265277777781,evolving_q,True,582.5,4.826994920202227,0.6449905675214332,0.32781609217641194,1.1946811789430063
0.11912265277777781,evolving_q,True,585.0,4.827612445255231,0.6446658315469908,0.32784502826136375,1.1943883898644452
0.11912265277777781,evolving_q,True,587.5,4.828187404169469,0.6443635148826082,0.3278710785717657,1.1941157476145894
0.11912265277777781,evolving_q,True,590.0,4.828721973103052,0.644082470005093,0.3278944445442632,1.1938622235585217
0.11912265277777781,evolving_q,True,592.5,4.829218258011556,0.643821586626024,0.32791531735646245,1.1936268220290869
0.11912265277777781,evolving_q,True,595.0,4.829678291497906,0.6435797929443986,0.3279338779761031,1.1934085822243623
0.11912265277777781,evolving_q,True,597.5,4.830104037100398,0.6433560535728065,0.3279502977431,1.1932065759934627
0.11912265277777781,evolving_q,True,600.0,4.830497388025795,0.6431493701647936,0.3279647386514561,1.1930199084760784
0.11912265277777781,evolving_q,True,602.5,4.8308601628148224,0.6429587838688959,0.32797735358620633,1.1928477199829486
0.11912265277777781,evolving_q,True,605.0,4.831194118916064,0.6427833681558389,0.3279882867899845,1.1926891795947645
0.11912265277777781,evolving_q,True,607.5,4.831500938101083,0.6426222363857628,0.32799767412462455,1.192543492179821
0.11912265277777781,evolving_q,True,610.0,4.831782235215768,0.6424745372655036,0.32800564342190597,1.1924098941853951
0.11912265277777781,evolving_q,True,612.5,4.832039563583123,0.6423394518885501,0.32801231476314274,1.1922876511949936
0.11912265277777781,evolving_q,True,615.0,4.832274404556277,0.6422161994595006,0.32801780091788457,1.192176062650889
0.11912265277777781,evolving_q,True,617.5,4.832488178023828,0.6421040315782197,0.3280222075216964,1.192074457064619
0.11912265277777781,evolving_q,True,620.0,4.832682241081011,0.6420022329826456,0.32802563343800967,1.19198219260301
0.11912265277777781,evolving_q,True,622.5,4.832857885946219,0.6419101226900581,0.3280281711836545,1.1918986580303896
0.11912265277777781,evolving_q,True,625.0,4.833016347609882,0.6418270499185967,0.32802990692995687,1.1918232691381883
0.11912265277777781,evolving_q,True,627.5,4.833158798922563,0.6417523966952938,0.3280309211598922,1.1917554710488103
0.11912265277777781,evolving_q,True,630.0,4.833286355292211,0.6416855753676608,0.3280312887579279,1.191694736006795
0.11912265277777781,evolving_q,True,632.5,4.833400078203116,0.6416260267211648,0.32803107914215324,1.191640561742386
0.11912265277777781,evolving_q,True,635.0,4.833500971378908,0.6415732220521638,0.32803035694912885,1.1915924732355951
0.11912265277777781,evolving_q,True,637.5,4.8335899874066,0.6415266596312379,0.3280291818937702,1.1915500196288291
0.11912265277777781,evolving_q,True,640.0,4.8336680279646975,0.6414858645900651,0.32802760916056367,1.1915127741119043
0.11912265277777781,evolving_q,True,642.5,4.833735943404915,0.641450389146517,0.3280256898786464,1.191480334115235
0.11912265277777781,evolving_q,True,645.0,4.8337945383581795,0.6414198096398667,0.32802347081449196,1.1914523186686208
0.11912265277777781,evolving_q,True,647.5,4.83384456986557,0.6413937275134756,0.3280209952409004,1.1914283692876215
0.11912265277777781,evolving_q,True,650.0,4.833886750829966,0.6413717674926802,0.32801830280698585,1.1914081483440209
0.11912265277777781,evolving_q,True,652.5,4.833921751906023,0.6413535765842393,0.32801542956015717,1.1913913381764047
0.11912265277777781,evolving_q,True,655.0,4.8339502022637815,0.6413388236725888,0.32801240873114257,1.1913776407302967
0.11912265277777781,evolving_q,True,657.5,4.833972691840048,0.6413271983301629,0.32800927038067784,1.1913667764964564
0.11912265277777781,evolving_q,True,660.0,4.833989772913594,0.6413184099837631,0.3280060417752774,1.1913584837693096
0.11912265277777781,evolving_q,True,662.5,4.834001961856962,0.6413121869864492,0.32800274782391026,1.191352517823256
0.11912265277777781,evolving_q,True,665.0,4.83400974026217,0.6413082760306459,0.32799941064539695,1.1913486503738513
0.11912265277777781,evolving_q,True,667.5,4.834013557368258,0.6413064408540796,0.32799605042865276,1.1913466684443295
0.11912265277777781,evolving_q,True,670.0,4.834013831054613,0.6413064617221079,0.32799268517367564,1.191346373889946
0.11912265277777781,evolving_q,True,672.5,4.834010948915947,0.6413081348629754,0.327989330662723,1.1913475828877447
0.11912265277777781,evolving_q,True,675.0,4.834005271486817,0.6413112707522588,0.32798600130561745,1.1913501244275908
0.11912265277777781,evolving_q,True,677.5,4.833997132272066,0.6413156941075163,0.3279827097170149,1.1913538402870842
0.11912265277777781,evolving_q,True,680.0,4.833986837833026,0.6413212438514443,0.3279794665390332,1.1913585849821962
0.11912265277777781,evolving_q,True,682.5,4.833974673208893,0.6413277702242312,0.3279762815943122,1.1913642232335433
0.11912265277777781,evolving_q,True,685.0,4.833960900303635,0.641335135652239,0.3279731632454691,1.1913706307107934
0.11912265277777781,evolving_q,True,687.5,4.833945757267031,0.641343215069017,0.327970118126946,1.1913776943306187
0.11912265277777781,evolving_q,True,690.0,4.833929465433224,0.6413518922537896,0.32796715242829916,1.1913853089796533
0.11912265277777781,evolving_q,True,692.5,4.833912226663212,0.6413610612359305,0.32796427118162164,1.1913933787675242
0.11912265277777781,evolving_q,True,695.0,4.833894222062093,0.6413706270115326,0.32796147799340886,1.1914018175930412
0.11912265277777781,evolving_q,True,697.5,4.833875619892928,0.6413805012940075,0.32795877622502106,1.1914105454797315
0.11912265277777781,evolving_q,True,700.0,4.833856572281545,0.6413906043008142,0.32795616836183855,1.191419490084308
0.11912265277777781,evolving_q,True,702.5,4.83383721323801,0.6414008657234859,0.3279536557596129,1.191428587705171
0.11912265277777781,evolving_q,True,705.0,4.8338176673361914,0.6414112202558674,0.3279512396585422,1.191437779074608
0.11912265277777781,evolving_q,True,707.5,4.833798045924797,0.6414216095199712,0.3279489206662268,1.1914470112218987
0.11912265277777781,evolving_q,True,710.0,4.833778445278433,0.641431983240194,0.32794669848638114,1.1914562381480396
0.11912265277777781,evolving_q,True,712.5,4.8337589545629935,0.6414422947381307,0.32794457283286466,1.1914654173655426
0.11912265277777781,evolving_q,True,715.0,4.833739652394757,0.6414525029495102,0.32794254296370323,1.1914745113223995
0.11912265277777781,evolving_q,True,717.5,4.833720604304817,0.6414625733606427,0.32794060745942977,1.191483489001207
0.11912265277777781,evolving_q,True,720.0,4.8337018706916,0.6414724743611893,0.3279387649318539,1.1914923216138775
0.11912265277777781,evolving_q,True,722.5,4.833683503801761,0.6414821785230636,0.32793701372810297,1.1915009843418425
0.11912265277777781,evolving_q,True,725.0,4.833665547004391,0.6414916637588819,0.32793535169272614,1.191509455903394
0.11912265277777781,evolving_q,True,727.5,4.833648038597898,0.6415009102956432,0.3279337767040981,1.1915177177731255
0.11912265277777781,evolving_q,True,730.0,4.833631011400234,0.6415099013550201,0.3279322865216569,1.1915257539114128
0.11912265277777781,evolving_q,True,732.5,4.833614488193838,0.6415186243007028,0.3279308785612204,1.1915335541721261
0.11912265277777781,evolving_q,True,735.0,4.833598488889652,0.6415270684156088,0.3279295502632705,1.1915411093614066
0.11912265277777781,evolving_q,True,737.5,4.833583029545512,0.6415352249848417,0.32792829905606624,1.1915484121363136
0.11912265277777781,evolving_q,True,740.0,4.8335681223243006,0.6415430886497432,0.3279271221362529,1.1915554556926233
0.11912265277777781,evolving_q,True,742.5,4.833553775919775,0.6415506555814783,0.3279260167261862,1.1915622351654138
0.11912265277777781,evolving_q,True,745.0,4.833539996137193,0.6415579231531239,0.3279249801093176,1.1915687473763499
0.11912265277777781,evolving_q,True,747.5,4.833526782609198,0.6415648911690264,0.3279240094390182,1.1915749928884427
0.11912265277777781,evolving_q,True,750.0,4.833514132573433,0.641571560695706,0.32792310189666224,1.1915809733975278
0.11912265277777781,evolving_q,True,752.5,4.83350204311629,0.6415779334572359,0.3279222547675487,1.1915866900931409
0.11912265277777781,evolving_q,True,755.0,4.833490507981361,0.6415840130021254,0.32792146527290844,1.1915921456831802
0.11912265277777781,evolving_q,True,757.5,4.8334795191343805,0.6415898038964502,0.3279207306678886,1.1915973436358365
0.11912265277777781,evolving_q,True,760.0,4.833469067443503,0.6415953108588024,0.32792004834281324,1.1916022883643613
0.11912265277777781,evolving_q,True,762.5,4.833459141693395,0.6416005399114156,0.3279194156694624,1.1916069850618562
0.11912265277777781,evolving_q,True,765.0,4.833449729214878,0.6416054978753538,0.32791883005701644,1.1916114395764354
0.11912265277777781,evolving_q,True,767.5,4.833440817611864,0.6416101914278766,0.3279182890640906,1.1916156576269263
0.11912265277777781,evolving_q,True,770.0,4.833432392675281,0.641614628116276,0.327917790264596,1.19161964587511
0.11912265277777781,evolving_q,True,772.5,4.8334244388141006,0.6416188160945735,0.3279173312739878,1.191623411757993
0.11912265277777781,evolving_q,True,775.0,4.833416941413255,0.6416227631626694,0.32791690985705796,1.191626962090743
0.11912265277777781,evolving_q,True,777.5,4.833409884728383,0.6416264776685935,0.3279165238180302,1.1916303042696907
0.11912265277777781,evolving_q,True,780.0,4.833403252239297,0.6416299684188124,0.3279161710080105,1.191633446008558
0.11912265277777781,evolving_q,True,782.5,4.833397028210757,0.6416332437188768,0.3279158494186494,1.1916363947370332
0.11912265277777781,evolving_q,True,785.0,4.833391196387484,0.6416363121774565,0.3279155570964281,1.1916391581017267
0.11912265277777781,evolving_q,True,787.5,4.833385739931631,0.6416391827189044,0.3279152921392606,1.191641744016131
0.11912265277777781,evolving_q,True,790.0,4.8333806430459685,0.6416418637074601,0.3279150527734823,1.1916441599132384
0.11912265277777781,evolving_q,True,792.5,4.833375889709703,0.6416443636216315,0.3279148372880752,1.1916464133353322
0.11912265277777781,evolving_q,True,795.0,4.833371463478699,0.6416466911333795,0.3279146440250605,1.1916485120545888
0.11912265277777781,evolving_q,True,797.5,4.833367349051991,0.6416488543381711,0.32791447144243946,1.191650463276505
0.11912265277777781,evolving_q,True,800.0,4.833363531143009,0.6416508613113208,0.3279143180628979,1.1916522742123372
0.11912265277777781,evolving_q,True,802.5,4.833359994290369,0.6416527202271389,0.3279141824619085,1.1916539521491591
0.11912265277777781,evolving_q,True,805.0,4.8333567240872695,0.6416544386907368,0.3279140633174675,1.1916555038886607
0.11912265277777781,evolving_q,True,807.5,4.833353706298838,0.6416560242183301,0.32791395936932854,1.1916569361494989
0.11912265277777781,evolving_q,True,810.0,4.833350926485518,0.6416574844342915,0.3279138694039064,1.1916582557468576
0.11912265277777781,evolving_q,True,812.5,4.83334837155868,0.6416588262473113,0.32791379230725126,1.1916594688606759
0.11912265277777781,evolving_q,True,815.0,4.833346028700574,0.6416600564231337,0.32791372702318605,1.1916605815429593
0.11912265277777781,evolving_q,True,817.5,4.833343885269447,0.641661181629386,0.3279136725503477,1.1916615997678337
0.11912265277777781,evolving_q,True,820.0,4.83334192873861,0.6416622084668038,0.3279136279378771,1.1916625294612528
0.11912265277777781,evolving_q,True,822.5,4.833340147936569,0.6416631428288829,0.3279135923174619,1.1916633759012147
0.11912265277777781,evolving_q,True,825.0,4.833338531962139,0.64166399046165,0.32791356487041545,1.1916641442428784
0.11912265277777781,evolving_q,True,827.5,4.8333370697980556,0.6416647571852695,0.32791354481624807,1.1916648396833418
0.11912265277777781,evolving_q,True,830.0,4.833335751159017,0.6416654484307623,0.3279135314315203,1.1916654670768878
0.11912265277777781,evolving_q,True,832.5,4.833334566610484,0.641666069175681,0.3279135240503114,1.1916660308805023
0.11912265277777781,evolving_q,True,835.0,4.83333350705849,0.6416666242239317,0.32791352204882707,1.1916665353842453
0.11912265277777781,evolving_q,True,837.5,4.833332563076432,0.6416671184791253,0.3279135248401854,1.1916669851111097
0.11912265277777781,evolving_q,True,840.0,4.833331726473722,0.6416675562581426,0.3279135318858814,1.191667383934802
0.11912265277777781,evolving_q,True,842.5,4.833330989308399,0.6416679417223595,0.3279135426847447,1.1916677356359084
0.11912265277777781,evolving_q,True,845.0,4.833330344051906,0.6416682788349327,0.32791355677312983,1.1916680437798282
0.11912265277777781,evolving_q,True,847.5,4.833329783657045,0.6416685714800643,0.3279135737286044,1.1916683115295577
0.11912265277777781,evolving_q,True,850.0,4.833329301457944,0.6416688231543628,0.32791359315392243,1.1916685420543602
0.11912265277777781,evolving_q,True,852.5,4.833328891240934,0.6416690372056278,0.32791361468513325,1.191668738220105
0.11912265277777781,evolving_q,True,855.0,4.833328546759641,0.6416692167938371,0.3279136379922659,1.1916689031131888
0.11912265277777781,evolving_q,True,857.5,4.833328261634174,0.6416693648986606,0.3279136627782649,1.1916690401338328
0.11912265277777781,evolving_q,True,860.0,4.8333280305964985,0.641669484278867,0.32791368876180366,1.1916691517913014
0.11912265277777781,evolving_q,True,862.5,4.833327848291558,0.6416695775190763,0.3279137156893703,1.191669240856033
0.11912265277777781,evolving_q,True,865.0,4.833327711516296,0.6416696471622656,0.32791374334241224,1.191669307988105
0.11912265277777781,evolving_q,True,867.5,4.833327616219768,0.6416696955001231,0.32791377151528084,1.1916693549467756
0.11912265277777781,evolving_q,True,870.0,4.833327557977415,0.6416697246136011,0.32791380001658715,1.191669384075651
0.11912265277777781,evolving_q,True,872.5,4.833327533256826,0.6416697364704723,0.3279138286758919,1.1916693969393686
0.11912265277777781,evolving_q,True,875.0,4.833327538849933,0.6416697328908338,0.3279138573380386,1.1916693949258998
0.11912265277777781,evolving_q,True,877.5,4.833327570620621,0.6416697156203898,0.3279138858861554,1.1916693804256564
0.11912265277777781,evolving_q,True,880.0,4.833327624953544,0.6416696862574237,0.32791391421064287,1.1916693554556996
0.11912265277777781,evolving_q,True,882.5,4.83332769943167,0.6416696462215478,0.32791394219358383,1.1916693210134497
0.11912265277777781,evolving_q,True,885.0,4.833327791224419,0.6416695968464547,0.3279139697389334,1.1916692785957932
0.11912265277777781,evolving_q,True,887.5,4.833327897631826,0.6416695393558908,0.327913996759596,1.1916692296789497
0.11912265277777781,evolving_q,True,890.0,4.833328017067122,0.6416694749298567,0.32791402320179697,1.1916691746696886
0.11912265277777781,evolving_q,True,892.5,4.833328148385109,0.6416694046723044,0.3279140490265131,1.1916691136092532
0.11912265277777781,evolving_q,True,895.0,4.833328289169458,0.6416693295168344,0.3279140741638772,1.1916690479803744
0.11912265277777781,evolving_q,True,897.5,4.833328437884784,0.641669250362543,0.3279140985679091,1.1916689784193397
0.11912265277777781,evolving_q,True,900.0,4.833328593184391,0.6416691680404872,0.3279141221974102,1.1916689054417886
0.11912265277777781,evolving_q,True,902.5,4.8333287535039675,0.6416690832546047,0.32791414503603566,1.1916688299080946
0.11912265277777781,evolving_q,True,905.0,4.833328916997927,0.6416689965796092,0.32791416709398574,1.1916687530891306
0.11912265277777781,evolving_q,True,907.5,4.833329082897077,0.6416689086952084,0.32791418833345753,1.1916686750743817
0.11912265277777781,evolving_q,True,910.0,4.83332925010433,0.64166882016109,0.3279142087422486,1.191668596401247
0.11912265277777781,evolving_q,True,912.5,4.833329417592996,0.6416687314916234,0.3279142283106692,1.1916685175820478
0.11912265277777781,evolving_q,True,915.0,4.833329584569193,0.6416686431065296,0.3279142470423404,1.1916684389909444
0.11912265277777781,evolving_q,True,917.5,4.833329750721841,0.6416685552539622,0.32791426497084675,1.1916683606908638
0.11912265277777781,evolving_q,True,920.0,4.8333299150831,0.6416684683712199,0.3279142820835242,1.191668283212347
0.11912265277777781,evolving_q,True,922.5,4.833330077034015,0.6416683827698412,0.32791429838861225,1.1916682068628108
0.11912265277777781,evolving_q,True,925.0,4.83333023600725,0.6416682987310424,0.3279143138953327,1.1916681319283744
0.11912265277777781,evolving_q,True,927.5,4.8333303915624946,0.6416682164820672,0.32791432861839226,1.1916680586221053
0.11912265277777781,evolving_q,True,930.0,4.83333054374856,0.64166813607645,0.3279143426000258,1.1916679868416569
0.11912265277777781,evolving_q,True,932.5,4.833330692015386,0.6416680577602569,0.3279143558433223,1.1916679168910245
0.11912265277777781,evolving_q,True,935.0,4.8333308361079315,0.6416679816741303,0.32791436836680254,1.191667848884605
0.11912265277777781,evolving_q,True,937.5,4.833330975813036,0.6416679079397472,0.32791438018882163,1.191667782913884
0.11912265277777781,evolving_q,True,940.0,4.833331110963099,0.6416678366501121,0.32791439132970845,1.1916677190534555
0.11912265277777781,evolving_q,True,942.5,4.833331241566091,0.6416677676942888,0.32791440184637205,1.1916676574062872
0.11912265277777781,evolving_q,True,945.0,4.8333313674420735,0.641667701229019,0.3279144117400572,1.1916675979955746
0.11912265277777781,evolving_q,True,947.5,4.8333314885147125,0.6416676372917206,0.3279144210324698,1.1916675408602337
0.11912265277777781,evolving_q,True,950.0,4.833331604722138,0.6416675759124877,0.327914429744051,1.1916674860320409
0.11912265277777781,evolving_q,True,952.5,4.833331716010699,0.6416675171174182,0.32791443789356267,1.1916674335385498
0.11912265277777781,evolving_q,True,955.0,4.833331822328717,0.6416674609319399,0.3279144454976708,1.1916673834060096
0.11912265277777781,evolving_q,True,957.5,4.8333319242125095,0.6416674071439364,0.32791445261526464,1.1916673353102212
0.11912265277777781,evolving_q,True,960.0,4.833332021634166,0.6416673557718442,0.3279144592604848,1.1916672892606568
0.11912265277777781,evolving_q,True,962.5,4.833332114549441,0.6416673068432402,0.3279144654441618,1.1916672452739863
0.11912265277777781,evolving_q,True,965.0,4.833332203042945,0.6416672603367518,0.3279144711848389,1.1916672032869706
0.11912265277777781,evolving_q,True,967.5,4.833332287199123,0.6416672162351799,0.3279144764990829,1.1916671632323643
0.11912265277777781,evolving_q,True,970.0,4.833332367097891,0.6416671745280599,0.32791448140121093,1.1916671250407158
0.11912265277777781,evolving_q,True,972.5,4.833332442736466,0.6416671350399183,0.3279144859287069,1.191667088890283
0.11912265277777781,evolving_q,True,975.0,4.833332514082106,0.6416670975676357,0.32791449012208224,1.191667055016925
0.11912265277777781,evolving_q,True,977.5,4.833332581199735,0.6416670621946313,0.3279144939786748,1.1916670232723008
0.11912265277777781,evolving_q,True,980.0,4.833332644066363,0.6416670288655266,0.3279144975154403,1.191666993734777
0.11912265277777781,evolving_q,True,982.5,4.833332702626261,0.6416669975292476,0.3279145007479666,1.1916669665111588
0.11912265277777781,evolving_q,True,985.0,4.833332756786162,0.6416669681405753,0.32791450369034963,1.1916669417399295
0.11912265277777781,evolving_q,True,987.5,4.833332806845605,0.641666940633498,0.32791450635947833,1.191666919187564
0.11912265277777781,evolving_q,True,990.0,4.83333285554087,0.641666914789986,0.32791450879566875,1.1916668963358112
0.11912265277777781,evolving_q,True,992.5,4.833332901680331,0.6416668906537165,0.3279145109981007,1.1916668743326198
0.11912265277777781,evolving_q,True,995.0,4.833332945708816,0.641666868170696,0.3279145129811218,1.1916668527871552
0.11912265277777781,evolving_q,True,997.5,4.833332988127833,0.6416668472928829,0.32791451475816497,1.1916668312459509
0.11912265277777781,evolving_q,True,1000.0,4.833333029498777,0.6416668279792225,0.32791451634170604,1.1916668091886673
0.11912265277777781,evolving_q,True,1002.5,4.833333070446145,0.641666810196677,0.32791451774322067,1.1916667860238452
0.11912265277777781,evolving_q,True,1005.0,4.8333331065820975,0.6416667936057957,0.32791451898797636,1.191666766478774
0.11912265277777781,evolving_q,True,1007.5,4.833333139208752,0.6416667782263277,0.32791452008373734,1.1916667492315876
0.11912265277777781,evolving_q,True,1010.0,4.833333168520664,0.6416667640158222,0.32791452104058677,1.191666734130181
0.11912265277777781,evolving_q,True,1012.5,4.8333331939663555,0.6416667508929186,0.32791452186983716,1.1916667218073929
0.11912265277777781,evolving_q,True,1015.0,4.833333214852498,0.6416667387757076,0.3279145225822321,1.1916667130384613
0.11912265277777781,evolving_q,True,1017.5,4.8333332303328245,0.6416667275818759,0.32791452318794545,1.1916667087519666
0.11912265277777781,evolving_q,True,1020.0,4.83333324378377,0.6416667173197009,0.3279145236954899,1.1916667055631964
0.11912265277777781,evolving_q,True,1022.5,4.833333257481448,0.641666707978184,0.3279145241130361,1.1916667012070348
0.11912265277777781,evolving_q,True,1025.0,4.833333269245262,0.6416666994579153,0.327914524449242,1.1916666979634893
0.11912265277777781,evolving_q,True,1027.5,4.833333279565923,0.6416666917190685,0.32791452471147814,1.1916666953816755
0.11912265277777781,evolving_q,True,1030.0,4.833333289045508,0.641666684728759,0.3279145249064605,1.1916666928924
0.11912265277777781,evolving_q,True,1032.5,4.833333298407454,0.6416666784616252,0.3279145250402433,1.1916666897975878
0.11912265277777781,evolving_q,True,1035.0,4.833333307772588,0.6416666728684662,0.32791452511911023,1.1916666860256124
0.11912265277777781,evolving_q,True,1037.5,4.833333315277412,0.6416666678162567,0.327914525151268,1.1916666835729983
0.11912265277777781,evolving_q,True,1040.0,4.833333322982966,0.6416666633454475,0.32791452513963243,1.1916666803382532
0.11912265277777781,evolving_q,True,1042.5,4.833333331383818,0.6416666594311417,0.3279145250885437,1.1916666758517076
0.11912265277777781,evolving_q,True,1045.0,4.833333341016163,0.6416666560532257,0.3279145250018073,1.1916666695972777
0.11912265277777781,evolving_q,True,1047.5,4.833333352459124,0.6416666531965712,0.3279145248826985,1.1916666610109719
0.11912265277777781,evolving_q,True,1050.0,4.833333366335995,0.6416666508512364,0.3279145247339663,1.1916666494794357
0.11912265277777781,evolving_q,True,1052.5,4.833333376591962,0.6416666487491749,0.32791452456779957,1.1916666413255304
0.11912265277777781,evolving_q,True,1055.0,4.833333385615219,0.6416666469569746,0.3279145243834299,1.191666634094473
0.11912265277777781,evolving_q,True,1057.5,4.833333392988758,0.6416666454351997,0.32791452418380307,1.1916666282427095
0.11912265277777781,evolving_q,True,1060.0,4.83333339778334,0.6416666441284007,0.32791452397218784,1.1916666247549261
0.11912265277777781,evolving_q,True,1062.5,4.833333398858413,0.6416666429770609,0.3279145237517365,1.1916666248311936
0.11912265277777781,evolving_q,True,1065.0,4.83333339484655,0.6416666419171361,0.3279145235255139,1.191666629902981
0.11912265277777781,evolving_q,True,1067.5,4.833333391394549,0.6416666410936838,0.3279145232918149,1.1916666341784339
0.11912265277777781,evolving_q,True,1070.0,4.8333333901173186,0.6416666405349806,0.32791452305135405,1.191666636014368
0.11912265277777781,evolving_q,True,1072.5,4.833333388160941,0.6416666401396324,0.32791452280755806,1.1916666383660934
0.11912265277777781,evolving_q,True,1075.0,4.833333385646101,0.6416666398961703,0.32791452256173226,1.1916666411243952
0.11912265277777781,evolving_q,True,1077.5,4.833333382679003,0.641666639794867,0.32791452231500234,1.191666644192797
0.11912265277777781,evolving_q,True,1080.0,4.833333379747377,0.6416666398308585,0.32791452206845034,1.1916666470884314
0.11912265277777781,evolving_q,True,1082.5,4.833333377911298,0.641666640005649,0.32791452182318,1.1916666487497196
0.11912265277777781,evolving_q,True,1085.0,4.833333376925034,0.641666640312303,0.32791452157967094,1.19166664942933
0.11912265277777781,evolving_q,True,1087.5,4.833333377117435,0.6416666407502704,0.32791452133842597,1.1916666487989618
0.11912265277777781,evolving_q,True,1090.0,4.833333378831545,0.6416666413209688,0.32791452109977715,1.1916666465141528
0.11912265277777781,evolving_q,True,1092.5,4.833333382307399,0.6416666420234717,0.32791452086402334,1.1916666423357967
0.11912265277777781,evolving_q,True,1095.0,4.833333382580535,0.6416666426668508,0.3279145206373655,1.1916666414192814
0.11912265277777781,evolving_q,True,1097.5,4.8333333818145485,0.641666643323828,0.32791452041755703,1.1916666415282906
0.11912265277777781,evolving_q,True,1100.0,4.833333379401138,0.6416666439666071,0.32791452020542317,1.1916666432989222
0.11912265277777781,evolving_q,True,1102.5,4.833333374639884,0.6416666445654483,0.32791452000174265,1.1916666474613344
0.11912265277777781,evolving_q,True,1105.0,4.833333366738252,0.6416666450886681,0.327914519807248,1.191666654839747
0.11912265277777781,evolving_q,True,1107.5,4.833333361040701,0.6416666457000906,0.32791451961818113,1.1916666599258754
0.11912265277777781,evolving_q,True,1110.0,4.833333357782312,0.641666646402559,0.3279145194343171,1.1916666624817962
0.11912265277777781,evolving_q,True,1112.5,4.833333355884776,0.641666647158262,0.32791451925625614,1.1916666636236286
0.11912265277777781,evolving_q,True,1115.0,4.8333333560287,0.6416666479861187,0.3279145190832313,1.1916666626518477
0.11912265277777781,evolving_q,True,1117.5,4.833333358983469,0.6416666489088388,0.32791451891430035,1.1916666587743587
0.11912265277777781,evolving_q,True,1120.0,4.833333362749175,0.6416666498536642,0.3279145187517125,1.1916666540638277
0.11912265277777781,evolving_q,True,1122.5,4.833333363821998,0.6416666506963137,0.3279145185994183,1.1916666521483554
0.11912265277777781,evolving_q,True,1125.0,4.833333364571914,0.6416666515172073,0.3279145184543771,1.1916666505775462
0.11912265277777781,evolving_q,True,1127.5,4.833333364578542,0.6416666523005654,0.327914518316765,1.1916666497875594
0.11912265277777781,evolving_q,True,1130.0,4.833333363353892,0.6416666530289675,0.32791451818676687,1.191666650283807
0.11912265277777781,evolving_q,True,1132.5,4.833333360769792,0.6416666536966962,0.32791451806430627,1.1916666522001784
0.11912265277777781,evolving_q,True,1135.0,4.833333360284756,0.6416666544104723,0.327914517947005,1.1916666519714383
0.11912265277777781,evolving_q,True,1137.5,4.833333359862523,0.6416666551059527,0.3279145178359252,1.1916666516981909
0.11912265277777781,evolving_q,True,1140.0,4.833333359600116,0.6416666557858602,0.3279145177307459,1.1916666512806913
0.11912265277777781,evolving_q,True,1142.5,4.833333359616275,0.6416666564540652,0.3279145176310991,1.1916666505963267
0.11912265277777781,evolving_q,True,1145.0,4.833333360051461,0.6416666571155877,0.3279145175365687,1.1916666494996182
0.11912265277777781,evolving_q,True,1147.5,4.83333335948052,0.6416666577179172,0.3279145174487277,1.19166664946823
0.11912265277777781,evolving_q,True,1150.0,4.833333358128952,0.6416666582699072,0.3279145173670113,1.1916666502678077
0.11912265277777781,evolving_q,True,1152.5,4.833333356083007,0.6416666587756085,0.32791451729101406,1.1916666518080512
0.11912265277777781,evolving_q,True,1155.0,4.833333353162638,0.6416666592295734,0.32791451722065185,1.1916666542744552
0.11912265277777781,evolving_q,True,1157.5,4.83333334916987,0.6416666596260366,0.327914517155844,1.1916666578707606
0.11912265277777781,evolving_q,True,1160.0,4.8333333453126,0.6416666600034425,0.32791451709542774,1.1916666613506242
0.11912265277777781,evolving_q,True,1162.5,4.833333342731835,0.6416666603983858,0.32791451703828073,1.1916666635364466
0.11912265277777781,evolving_q,True,1165.0,4.833333340797124,0.6416666607923059,0.3279145169846205,1.1916666650772365
0.11912265277777781,evolving_q,True,1167.5,4.833333339856165,0.6416666611974755,0.3279145169339087,1.1916666656130264
0.11912265277777781,evolving_q,True,1170.0,4.833333340300636,0.6416666616277852,0.327914516885563,1.1916666647382455
0.11912265277777781,evolving_q,True,1172.5,4.833333341539949,0.6416666620635859,0.32791451683998984,1.191666663063132
0.11912265277777781,evolving_q,True,1175.0,4.833333339961863,0.6416666623818077,0.32791451680063777,1.1916666643229965
0.11912265277777781,evolving_q,True,1177.5,4.833333338602138,0.6416666626871815,0.3279145167642635,1.1916666653773476
0.11912265277777781,evolving_q,True,1180.0,4.833333337609485,0.6416666629855289,0.3279145167305298,1.191666666071653
0.11912265277777781,evolving_q,True,1182.5,4.833333337132608,0.6416666632826722,0.3279145166990995,1.191666666251387
0.11912265277777781,evolving_q,True,1185.0,4.833333337320215,0.6416666635844333,0.32791451666963534,1.1916666657620187
0.11912265277777781,evolving_q,True,1187.5,4.833333338321014,0.6416666638966341,0.3279145166418003,1.1916666644490186
0.11912265277777781,evolving_q,True,1190.0,4.833333337976239,0.6416666641454569,0.32791451661790333,1.1916666645449714
0.11912265277777781,evolving_q,True,1192.5,4.833333337564988,0.6416666643757377,0.3279145165963108,1.191666664725941
0.11912265277777781,evolving_q,True,1195.0,4.8333333371827045,0.6416666645914604,0.3279145165767467,1.191666664892502
0.11912265277777781,evolving_q,True,1197.5,4.833333336828362,0.641666664793279,0.3279145165590455,1.1916666650450258
0.11912265277777781,evolving_q,True,1200.0,4.833333336500933,0.6416666649818478,0.3279145165430418,1.1916666651838859
0.11912265277777781,evolving_q,True,1202.5,4.833333336199395,0.6416666651578207,0.32791451652857007,1.1916666653094512
0.11912265277777781,evolving_q,True,1205.0,4.833333335913146,0.6416666653209209,0.32791451651583803,1.1916666654326002
0.11912265277777781,evolving_q,True,1207.5,4.833333335640868,0.6416666654717741,0.32791451650469183,1.1916666655540253
0.11912265277777781,evolving_q,True,1210.0,4.833333335384126,0.6416666656112865,0.32791451649486475,1.1916666656712542
0.11912265277777781,evolving_q,True,1212.5,4.833333335140982,0.6416666657400233,0.32791451648622705,1.1916666657856614
0.11912265277777781,evolving_q,True,1215.0,4.833333334909492,0.6416666658585498,0.3279145164786489,1.1916666658986252
0.11912265277777781,evolving_q,True,1217.5,4.833333334687717,0.6416666659674309,0.32791451647200043,1.191666666011519
0.11912265277777781,evolving_q,True,1220.0,4.8333333344830605,0.6416666660672485,0.32791451646634573,1.191666666116358
0.11912265277777781,evolving_q,True,1222.5,4.8333333343048865,0.6416666661585884,0.3279145164617891,1.191666666203192
0.11912265277777781,evolving_q,True,1225.0,4.833333334142548,0.6416666662419996,0.32791451645802033,1.1916666662821194
0.11912265277777781,evolving_q,True,1227.5,4.8333333339956575,0.6416666663180502,0.3279145164549419,1.1916666663529591
0.11912265277777781,evolving_q,True,1230.0,4.833333333863828,0.6416666663873084,0.3279145164524563,1.1916666664155309
0.11912265277777781,evolving_q,True,1232.5,4.833333333746673,0.6416666664503418,0.3279145164504657,1.1916666664696525
0.11912265277777781,evolving_q,True,1235.0,4.8333333336345605,0.6416666665102193,0.3279145164487503,1.1916666665218871
0.11912265277777781,evolving_q,True,1237.5,4.833333333481258,0.6416666665797959,0.3279145164466283,1.1916666666056128
0.11912265277777781,evolving_q,True,1240.0,4.83333333333702,0.6416666666455229,0.327914516444756,1.1916666666841242
0.11912265277777781,evolving_q,True,1242.5,4.833333333201846,0.6416666667074004,0.32791451644313346,1.1916666667574205
0.11912265277777781,evolving_q,True,1245.0,4.8333333330757355,0.6416666667654282,0.3279145164417607,1.1916666668255034
0.11912265277777781,evolving_q,True,1247.5,4.83333333295869,0.6416666668196067,0.3279145164406377,1.1916666668883706
0.11912265277777781,evolving_q,True,1250.0,4.833333332850706,0.6416666668699357,0.3279145164397643,1.1916666669460256
0.11912265277777781,evolving_q,True,1252.5,4.833333332751788,0.641666666916415,0.32791451643914077,1.1916666669984644
0.11912265277777781,evolving_q,True,1255.0,4.833333332661932,0.641666666959045,0.32791451643876696,1.1916666670456897
0.11912265277777781,evolving_q,True,1257.5,4.833333332581141,0.6416666669978253,0.3279145164386429,1.1916666670877007
0.11912265277777781,evolving_q,True,1260.0,4.8333333325094125,0.6416666670327562,0.3279145164387686,1.1916666671244982
0.11912265277777781,evolving_q,True,1262.5,4.83333333244675,0.6416666670638376,0.327914516439144,1.1916666671560796
0.11912265277777781,evolving_q,True,1265.0,4.833333332393149,0.6416666670910693,0.3279145164397692,1.1916666671824485
0.11912265277777781,evolving_q,True,1267.5,4.833333332348613,0.6416666671144517,0.3279145164406441,1.191666667203602
0.11912265277777781,evolving_q,True,1270.0,4.83333333231314,0.6416666671339847,0.3279145164417688,1.191666667219542
0.11912265277777781,evolving_q,True,1272.5,4.833333332286732,0.641666667149668,0.3279145164431432,1.191666667230267
0.11912265277777781,evolving_q,True,1275.0,4.833333332269387,0.6416666671615017,0.3279145164447673,1.1916666672357785
0.11912265277777781,evolving_q,True,1277.5,4.833333332261105,0.6416666671694861,0.3279145164466412,1.1916666672360754
0.11912265277777781,evolving_q,True,1280.0,4.833333332261888,0.6416666671736209,0.3279145164487649,1.1916666672311582
0.11912265277777781,evolving_q,True,1282.5,4.833333332271735,0.6416666671739062,0.3279145164511382,1.1916666672210257
0.11912265277777781,evolving_q,True,1285.0,4.833333332290644,0.6416666671703418,0.3279145164537614,1.1916666672056806
0.11912265277777781,evolving_q,True,1287.5,4.833333332318619,0.6416666671629281,0.3279145164566343,1.1916666671851195
0.11912265277777781,evolving_q,True,1290.0,4.833333332355656,0.6416666671516649,0.3279145164597569,1.1916666671593457
0.11912265277777781,evolving_q,True,1292.5,4.833333332401758,0.6416666671365522,0.32791451646312925,1.1916666671283567
0.11912265277777781,evolving_q,True,1295.0,4.833333332456923,0.6416666671175898,0.32791451646675135,1.191666667092154
0.11912265277777781,evolving_q,True,1297.5,4.833333332510556,0.6416666670988951,0.3279145164702784,1.1916666670572162
0.11912265277777781,evolving_q,True,1300.0,4.833333332496764,0.6416666671060638,0.3279145164715669,1.1916666670638392
0.11912265277777781,evolving_q,True,1302.5,4.833333332485408,0.6416666671119577,0.32791451647288944,1.1916666670693015
0.11912265277777781,evolving_q,True,1305.0,4.833333332476488,0.6416666671165772,0.32791451647424613,1.191666667073602
0.11912265277777781,evolving_q,True,1307.5,4.833333332470003,0.6416666671199219,0.32791451647563696,1.191666667076742
0.11912265277777781,evolving_q,True,1310.0,4.833333332465955,0.6416666671219919,0.3279145164770619,1.1916666670787202
0.11912265277777781,evolving_q,True,1312.5,4.833333332464342,0.6416666671227874,0.32791451647852093,1.1916666670795375
0.11912265277777781,evolving_q,True,1315.0,4.833333332465164,0.6416666671223081,0.3279145164800141,1.1916666670791944
0.11912265277777781,evolving_q,True,1317.5,4.833333332468422,0.6416666671205542,0.3279145164815413,1.1916666670776905
0.11912265277777781,evolving_q,True,1320.0,4.833333332474116,0.6416666671175257,0.3279145164831026,1.1916666670750249
0.11912265277777781,evolving_q,True,1322.5,4.833333332482246,0.6416666671132225,0.3279145164846981,1.1916666670711986
0.11912265277777781,evolving_q,True,1325.0,4.833333332492812,0.6416666671076445,0.3279145164863277,1.1916666670662108
0.11912265277777781,evolving_q,True,1327.5,4.833333332505813,0.6416666671007921,0.32791451648799136,1.191666667060062
0.11912265277777781,evolving_q,True,1330.0,4.833333332521249,0.641666667092665,0.32791451648968917,1.1916666670527527
0.11912265277777781,evolving_q,True,1332.5,4.833333332539121,0.641666667083263,0.3279145164914211,1.1916666670442826
0.11912265277777781,evolving_q,True,1335.0,4.8333333325594285,0.6416666670725866,0.32791451649318715,1.1916666670346518
0.11912265277777781,evolving_q,True,1337.5,4.833333332582172,0.6416666670606355,0.32791451649498726,1.1916666670238594
0.11912265277777781,evolving_q,True,1340.0,4.833333332607351,0.6416666670474096,0.32791451649682146,1.1916666670119063
0.11912265277777781,evolving_q,True,1342.5,4.833333332634966,0.6416666670329092,0.32791451649868986,1.1916666669987914
0.11912265277777781,evolving_q,True,1345.0,4.833333332665017,0.6416666670171342,0.32791451650059233,1.1916666669845157
0.11912265277777781,evolving_q,True,1347.5,4.833333332697503,0.6416666670000843,0.3279145165025289,1.1916666669690796
0.11912265277777781,evolving_q,True,1350.0,4.833333332732425,0.64166666698176,0.3279145165044996,1.1916666669524818
0.11912265277777781,evolving_q,True,1352.5,4.833333332769782,0.6416666669621609,0.3279145165065044,1.191666666934724
0.11912265277777781,evolving_q,True,1355.0,4.833333332809576,0.6416666669412872,0.3279145165085433,1.1916666669158038
0.11912265277777781,evolving_q,True,1357.5,4.833333332851804,0.6416666669191388,0.3279145165106163,1.1916666668957236
0.11912265277777781,evolving_q,True,1360.0,4.833333332893321,0.6416666668973636,0.3279145165126261,1.1916666668759828
0.11912265277777781,evolving_q,True,1362.5,4.8333333329089045,0.6416666668891647,0.3279145165137927,1.1916666668685978
0.11912265277777781,evolving_q,True,1365.0,4.8333333329245205,0.641666666880949,0.32791451651491915,1.1916666668611975
0.11912265277777781,evolving_q,True,1367.5,4.833333332940168,0.6416666668727166,0.3279145165160054,1.191666666853782
0.11912265277777781,evolving_q,True,1370.0,4.83333333295585,0.6416666668644675,0.3279145165170515,1.1916666668463494
0.11912265277777781,evolving_q,True,1372.5,4.833333332971564,0.6416666668562016,0.3279145165180573,1.1916666668389015
0.11912265277777781,evolving_q,True,1375.0,4.83333333298731,0.6416666668479191,0.32791451651902304,1.1916666668314377
0.11912265277777781,evolving_q,True,1377.5,4.833333333003089,0.6416666668396197,0.32791451651994846,1.1916666668239584
0.11912265277777781,evolving_q,True,1380.0,4.833333333018901,0.6416666668313038,0.3279145165208337,1.1916666668164622
0.11912265277777781,evolving_q,True,1382.5,4.833333333034745,0.6416666668229711,0.3279145165216788,1.1916666668089506
0.11912265277777781,evolving_q,True,1385.0,4.833333333050623,0.6416666668146217,0.32791451652248366,1.1916666668014222
0.11912265277777781,evolving_q,True,1387.5,4.833333333066532,0.6416666668062555,0.3279145165232484,1.1916666667938793
0.11912265277777781,evolving_q,True,1390.0,4.833333333082475,0.6416666667978727,0.32791451652397285,1.1916666667863192
0.11912265277777781,evolving_q,True,1392.5,4.83333333309845,0.641666666789473,0.3279145165246571,1.191666666778744
0.11912265277777781,evolving_q,True,1395.0,4.8333333331144575,0.6416666667810568,0.32791451652530124,1.1916666667711526
0.11912265277777781,evolving_q,True,1397.5,4.833333333130498,0.6416666667726237,0.3279145165259051,1.1916666667635454
0.11912265277777781,evolving_q,True,1400.0,4.833333333146571,0.6416666667641739,0.3279145165264688,1.1916666667559217
0.11912265277777781,evolving_q,True,1402.5,4.833333333162677,0.6416666667557075,0.3279145165269923,1.191666666748283
0.11912265277777781,evolving_q,True,1405.0,4.833333333178815,0.6416666667472243,0.3279145165274756,1.1916666667406277
0.11912265277777781,evolving_q,True,1407.5,4.833333333194986,0.6416666667387244,0.3279145165279187,1.1916666667329565
0.11912265277777781,evolving_q,True,1410.0,4.833333333211191,0.6416666667302078,0.3279145165283216,1.1916666667252684
0.11912265277777781,evolving_q,True,1412.5,4.833333333227427,0.6416666667216745,0.3279145165286843,1.1916666667175657
0.11912265277777781,evolving_q,True,1415.0,4.833333333243696,0.6416666667131244,0.3279145165290068,1.1916666667098461
0.11912265277777781,evolving_q,True,1417.5,4.833333333259998,0.6416666667045576,0.32791451652928916,1.1916666667021114
0.11912265277777781,evolving_q,True,1420.0,4.833333333276332,0.641666666695974,0.32791451652953124,1.1916666666943605
0.11912265277777781,evolving_q,True,1422.5,4.833333333291382,0.641666666688066,0.3279145165297148,1.1916666666872193
0.11912265277777781,evolving_q,True,1425.0,4.833333333291583,0.6416666666879625,0.32791451652967263,1.1916666666871212
0.11912265277777781,evolving_q,True,1427.5,4.833333333291785,0.641666666687859,0.32791451652963044,1.191666666687023
0.11912265277777781,evolving_q,True,1430.0,4.8333333332919866,0.6416666666877554,0.32791451652958825,1.191666666686925
0.11912265277777781,evolving_q,True,1432.5,4.833333333292188,0.6416666666876519,0.32791451652954606,1.1916666666868267
0.11912265277777781,evolving_q,True,1435.0,4.83333333329239,0.6416666666875483,0.3279145165295039,1.1916666666867288
0.11912265277777781,evolving_q,True,1437.5,4.833333333292591,0.6416666666874448,0.3279145165294617,1.191666666686631
0.11912265277777781,evolving_q,True,1440.0,4.833333333292793,0.6416666666873413,0.32791451652941944,1.1916666666865328
0.11912265277777781,evolving_q,True,1442.5,4.833333333292995,0.6416666666872377,0.32791451652937725,1.1916666666864346
0.11912265277777781,evolving_q,True,1445.0,4.833333333293196,0.6416666666871342,0.32791451652933506,1.1916666666863365
0.11912265277777781,evolving_q,True,1447.5,4.833333333293398,0.6416666666870307,0.3279145165292929,1.1916666666862383
0.11912265277777781,evolving_q,True,1450.0,4.8333333332935995,0.6416666666869272,0.3279145165292507,1.1916666666861402
0.11912265277777781,evolving_q,True,1452.5,4.833333333293801,0.6416666666868236,0.3279145165292085,1.1916666666860423
0.11912265277777781,evolving_q,True,1455.0,4.833333333294003,0.64166666668672,0.3279145165291663,1.1916666666859443
0.11912265277777781,evolving_q,True,1457.5,4.833333333294204,0.6416666666866165,0.3279145165291241,1.1916666666858462
0.11912265277777781,evolving_q,True,1460.0,4.833333333294406,0.641666666686513,0.32791451652908193,1.191666666685748
0.11912265277777781,evolving_q,True,1462.5,4.833333333294608,0.6416666666864095,0.32791451652903975,1.19166666668565
0.11912265277777781,evolving_q,True,1465.0,4.833333333294809,0.6416666666863059,0.32791451652899756,1.1916666666855518
0.11912265277777781,evolving_q,True,1467.5,4.833333333295011,0.6416666666862024,0.32791451652895537,1.1916666666854536
0.11912265277777781,evolving_q,True,1470.0,4.833333333295212,0.6416666666860988,0.3279145165289132,1.1916666666853557
0.11912265277777781,evolving_q,True,1472.5,4.833333333295414,0.6416666666859953,0.327914516528871,1.1916666666852578
0.11912265277777781,evolving_q,True,1475.0,4.833333333295616,0.6416666666858918,0.3279145165288288,1.1916666666851596
0.11912265277777781,evolving_q,True,1477.5,4.833333333295817,0.6416666666857882,0.3279145165287866,1.1916666666850615
0.11912265277777781,evolving_q,True,1480.0,4.833333333296019,0.6416666666856847,0.3279145165287444,1.1916666666849633
0.11912265277777781,evolving_q,True,1482.5,4.8333333332962205,0.6416666666855811,0.32791451652870224,1.1916666666848652
0.11912265277777781,evolving_q,True,1485.0,4.833333333296422,0.6416666666854777,0.32791451652866005,1.191666666684767
0.11912265277777781,evolving_q,True,1487.5,4.833333333296624,0.6416666666853741,0.32791451652861786,1.1916666666846691
0.11912265277777781,evolving_q,True,1490.0,4.833333333296825,0.6416666666852705,0.3279145165285757,1.1916666666845712
0.11912265277777781,evolving_q,True,1492.5,4.833333333297027,0.641666666685167,0.3279145165285335,1.191666666684473
0.11912265277777781,evolving_q,True,1495.0,4.833333333297229,0.6416666666850634,0.3279145165284913,1.191666666684375
0.11912265277777781,evolving_q,True,1497.5,4.83333333329743,0.64166666668496,0.3279145165284491,1.1916666666842768
0.11912265277777781,evolving_q,True,1500.0,4.833333333297632,0.6416666666848564,0.3279145165284069,1.1916666666841786
0.11912265277777781,evolving_q,True,1502.5,4.833333333297833,0.6416666666847529,0.32791451652836473,1.1916666666840805
0.11912265277777781,evolving_q,True,1505.0,4.833333333298035,0.6416666666846493,0.32791451652832254,1.1916666666839826
0.11912265277777781,evolving_q,True,1507.5,4.833333333298237,0.6416666666845458,0.32791451652828035,1.1916666666838847
0.11912265277777781,evolving_q,True,1510.0,4.833333333298438,0.6416666666844423,0.32791451652823816,1.1916666666837865
0.11912265277777781,evolving_q,True,1512.5,4.83333333329864,0.6416666666843387,0.3279145165281959,1.1916666666836884
0.11912265277777781,evolving_q,True,1515.0,4.8333333332988415,0.6416666666842352,0.32791451652815373,1.1916666666835902
0.11912265277777781,evolving_q,True,1517.5,4.833333333299043,0.6416666666841316,0.32791451652811154,1.191666666683492
0.11912265277777781,evolving_q,True,1520.0,4.833333333299245,0.6416666666840282,0.32791451652806936,1.191666666683394
0.11912265277777781,evolving_q,True,1522.5,4.833333333299446,0.6416666666839246,0.32791451652802717,1.191666666683296
0.11912265277777781,evolving_q,True,1525.0,4.833333333299648,0.641666666683821,0.327914516527985,1.191666666683198
0.11912265277777781,evolving_q,True,1527.5,4.83333333329985,0.6416666666837175,0.3279145165279428,1.1916666666831
0.11912265277777781,evolving_q,True,1530.0,4.833333333300051,0.6416666666836139,0.3279145165279006,1.1916666666830018
0.11912265277777781,evolving_q,True,1532.5,4.833333333300253,0.6416666666835105,0.3279145165278584,1.1916666666829037
0.11912265277777781,evolving_q,True,1535.0,4.8333333333004544,0.6416666666834069,0.3279145165278162,1.1916666666828055
0.11912265277777781,evolving_q,True,1537.5,4.833333333300656,0.6416666666833034,0.32791451652777404,1.1916666666827074
0.11912265277777781,evolving_q,True,1540.0,4.833333333300858,0.6416666666831998,0.32791451652773185,1.1916666666826095
0.11912265277777781,evolving_q,True,1542.5,4.833333333301059,0.6416666666830962,0.32791451652768966,1.1916666666825115
0.11912265277777781,evolving_q,True,1545.0,4.833333333301261,0.6416666666829928,0.32791451652764747,1.1916666666824134
0.11912265277777781,evolving_q,True,1547.5,4.8333333333014625,0.6416666666828892,0.3279145165276053,1.1916666666823152
0.11912265277777781,evolving_q,True,1550.0,4.833333333301664,0.6416666666827857,0.3279145165275631,1.191666666682217
0.11912265277777781,evolving_q,True,1552.5,4.833333333301866,0.6416666666826821,0.3279145165275209,1.191666666682119
0.11912265277777781,evolving_q,True,1555.0,4.833333333302067,0.6416666666825787,0.3279145165274787,1.1916666666820208
0.11912265277777781,evolving_q,True,1557.5,4.833333333302269,0.6416666666824751,0.32791451652743653,1.191666666681923
0.11912265277777781,evolving_q,True,1560.0,4.833333333302471,0.6416666666823715,0.32791451652739434,1.191666666681825
0.11912265277777781,evolving_q,True,1562.5,4.833333333302672,0.641666666682268,0.32791451652735215,1.1916666666817268
0.11912265277777781,evolving_q,True,1565.0,4.833333333302874,0.6416666666821644,0.32791451652730996,1.1916666666816287
0.11912265277777781,evolving_q,True,1567.5,4.8333333333030755,0.641666666682061,0.3279145165272678,1.1916666666815305
0.11912265277777781,evolving_q,True,1570.0,4.833333333303277,0.6416666666819574,0.3279145165272256,1.1916666666814324
0.11912265277777781,evolving_q,True,1572.5,4.833333333303479,0.6416666666818539,0.3279145165271834,1.1916666666813343
0.11912265277777781,evolving_q,True,1575.0,4.83333333330368,0.6416666666817503,0.3279145165271412,1.1916666666812363
0.11912265277777781,evolving_q,True,1577.5,4.833333333303882,0.6416666666816467,0.327914516527099,1.1916666666811384
0.11912265277777781,evolving_q,True,1580.0,4.8333333333040835,0.6416666666815433,0.32791451652705683,1.1916666666810403
0.11912265277777781,evolving_q,True,1582.5,4.833333333304285,0.6416666666814397,0.32791451652701464,1.1916666666809421
0.11912265277777781,evolving_q,True,1585.0,4.833333333304487,0.6416666666813362,0.3279145165269724,1.191666666680844
0.11912265277777781,evolving_q,True,1587.5,4.833333333304688,0.6416666666812326,0.3279145165269302,1.1916666666807458
0.11912265277777781,evolving_q,True,1590.0,4.83333333330489,0.6416666666811291,0.327914516526888,1.1916666666806477
0.11912265277777781,evolving_q,True,1592.5,4.833333333305092,0.6416666666810256,0.32791451652684583,1.1916666666805498
0.11912265277777781,evolving_q,True,1595.0,4.833333333305293,0.6416666666809221,0.32791451652680365,1.1916666666804516
0.11912265277777781,evolving_q,True,1597.5,4.833333333305495,0.6416666666808185,0.32791451652676146,1.1916666666803537
0.11912265277777781,evolving_q,True,1600.0,4.8333333333056965,0.6416666666807149,0.32791451652671927,1.1916666666802556
0.11912265277777781,evolving_q,True,1602.5,4.833333333305898,0.6416666666806115,0.3279145165266771,1.1916666666801574
0.11912265277777781,evolving_q,True,1605.0,4.8333333333061,0.6416666666805079,0.3279145165266349,1.1916666666800593
0.11912265277777781,evolving_q,True,1607.5,4.833333333306301,0.6416666666804044,0.3279145165265927,1.1916666666799611
0.11912265277777781,evolving_q,True,1610.0,4.833333333306503,0.6416666666803008,0.3279145165265505,1.1916666666798632
0.11912265277777781,evolving_q,True,1612.5,4.833333333306705,0.6416666666801973,0.3279145165265083,1.191666666679765
0.11912265277777781,evolving_q,True,1615.0,4.833333333306906,0.6416666666800938,0.32791451652646614,1.1916666666796671
0.11912265277777781,evolving_q,True,1617.5,4.833333333307108,0.6416666666799902,0.32791451652642395,1.191666666679569
0.11912265277777781,evolving_q,True,1620.0,4.833333333307309,0.6416666666798867,0.32791451652638176,1.1916666666794709
0.11912265277777781,evolving_q,True,1622.5,4.833333333307511,0.6416666666797831,0.3279145165263396,1.1916666666793727
0.11912265277777781,evolving_q,True,1625.0,4.833333333307713,0.6416666666796796,0.3279145165262974,1.1916666666792746
0.11912265277777781,evolving_q,True,1627.5,4.833333333307914,0.6416666666795761,0.3279145165262552,1.1916666666791766
0.11912265277777781,evolving_q,True,1630.0,4.833333333308116,0.6416666666794726,0.327914516526213,1.1916666666790785
0.11912265277777781,evolving_q,True,1632.5,4.8333333333083175,0.641666666679369,0.3279145165261708,1.1916666666789806
0.11912265277777781,evolving_q,True,1635.0,4.833333333308519,0.6416666666792654,0.32791451652612863,1.1916666666788824
0.11912265277777781,evolving_q,True,1637.5,4.833333333308721,0.641666666679162,0.32791451652608644,1.1916666666787843
0.11912265277777781,evolving_q,True,1640.0,4.833333333308922,0.6416666666790584,0.32791451652604425,1.1916666666786861
0.11912265277777781,evolving_q,True,1642.5,4.833333333309124,0.6416666666789549,0.32791451652600206,1.191666666678588
0.11912265277777781,evolving_q,True,1645.0,4.833333333309326,0.6416666666788513,0.3279145165259599,1.19166666667849
0.11912265277777781,evolving_q,True,1647.5,4.833333333309527,0.6416666666787478,0.3279145165259177,1.191666666678392
0.11912265277777781,evolving_q,True,1650.0,4.833333333309729,0.6416666666786442,0.3279145165258755,1.191666666678294
0.11912265277777781,evolving_q,True,1652.5,4.83333333330993,0.6416666666785407,0.3279145165258333,1.1916666666781959
0.11912265277777781,evolving_q,True,1655.0,4.833333333310132,0.6416666666784372,0.3279145165257911,1.1916666666780977
0.11912265277777781,evolving_q,True,1657.5,4.833333333310334,0.6416666666783336,0.3279145165257489,1.1916666666779996
0.11912265277777781,evolving_q,True,1660.0,4.833333333310535,0.6416666666782301,0.3279145165257067,1.1916666666779014
0.11912265277777781,evolving_q,True,1662.5,4.833333333310737,0.6416666666781266,0.3279145165256645,1.1916666666778035
0.11912265277777781,evolving_q,True,1665.0,4.8333333333109385,0.6416666666780231,0.3279145165256223,1.1916666666777054
0.11912265277777781,evolving_q,True,1667.5,4.83333333331114,0.6416666666779195,0.3279145165255801,1.1916666666776075
0.11912265277777781,evolving_q,True,1670.0,4.833333333311342,0.6416666666778159,0.32791451652553794,1.1916666666775093
0.11912265277777781,evolving_q,True,1672.5,4.833333333311543,0.6416666666777124,0.32791451652549575,1.1916666666774112
0.11912265277777781,evolving_q,True,1675.0,4.833333333311745,0.6416666666776089,0.32791451652545356,1.191666666677313
0.11912265277777781,evolving_q,True,1677.5,4.833333333311947,0.6416666666775054,0.32791451652541137,1.1916666666772149
0.11912265277777781,evolving_q,True,1680.0,4.833333333312148,0.6416666666774018,0.3279145165253692,1.191666666677117
0.11912265277777781,evolving_q,True,1682.5,4.83333333331235,0.6416666666772983,0.327914516525327,1.1916666666770188
0.11912265277777781,evolving_q,True,1685.0,4.833333333312551,0.6416666666771947,0.3279145165252848,1.191666666676921
0.11912265277777781,evolving_q,True,1687.5,4.833333333312753,0.6416666666770912,0.3279145165252426,1.1916666666768228
0.11912265277777781,evolving_q,True,1690.0,4.833333333312955,0.6416666666769877,0.32791451652520043,1.1916666666767246
0.11912265277777781,evolving_q,True,1692.5,4.833333333313156,0.6416666666768841,0.32791451652515824,1.1916666666766265
0.11912265277777781,evolving_q,True,1695.0,4.833333333313358,0.6416666666767806,0.32791451652511605,1.1916666666765283
0.11912265277777781,evolving_q,True,1697.5,4.8333333333135595,0.641666666676677,0.32791451652507386,1.1916666666764304
0.11912265277777781,evolving_q,True,1700.0,4.833333333313761,0.6416666666765736,0.3279145165250317,1.1916666666763323
0.11912265277777781,evolving_q,True,1702.5,4.833333333313963,0.64166666667647,0.3279145165249895,1.1916666666762343
0.11912265277777781,evolving_q,True,1705.0,4.833333333314164,0.6416666666763664,0.3279145165249473,1.1916666666761362
0.11912265277777781,evolving_q,True,1707.5,4.833333333314366,0.6416666666762629,0.3279145165249051,1.191666666676038
0.11912265277777781,evolving_q,True,1710.0,4.833333333314568,0.6416666666761593,0.3279145165248629,1.19166666667594
0.11912265277777781,evolving_q,True,1712.5,4.833333333314769,0.6416666666760559,0.32791451652482073,1.1916666666758418
0.11912265277777781,evolving_q,True,1715.0,4.833333333314971,0.6416666666759523,0.32791451652477854,1.1916666666757438
0.11912265277777781,evolving_q,True,1717.5,4.8333333333151725,0.6416666666758488,0.32791451652473635,1.1916666666756457
0.11912265277777781,evolving_q,True,1720.0,4.833333333315374,0.6416666666757452,0.32791451652469417,1.1916666666755478
0.11912265277777781,evolving_q,True,1722.5,4.833333333315576,0.6416666666756417,0.327914516524652,1.1916666666754496
0.11912265277777781,evolving_q,True,1725.0,4.833333333315776,0.6416666666755382,0.3279145165246098,1.1916666666753524
0.11912265277777781,evolving_q,True,1727.5,4.833333333315978,0.6416666666754346,0.32791451652456755,1.1916666666752542
0.11912265277777781,evolving_q,True,1730.0,4.83333333331618,0.6416666666753311,0.32791451652452536,1.191666666675156
0.11912265277777781,evolving_q,True,1732.5,4.833333333316381,0.6416666666752275,0.32791451652448317,1.1916666666750582
0.11912265277777781,evolving_q,True,1735.0,4.833333333316583,0.6416666666751241,0.327914516524441,1.19166666667496
0.11912265277777781,evolving_q,True,1737.5,4.8333333333167845,0.6416666666750205,0.3279145165243988,1.191666666674862
0.11912265277777781,evolving_q,True,1740.0,4.833333333316986,0.6416666666749169,0.3279145165243566,1.191666666674764
0.11912265277777781,evolving_q,True,1742.5,4.833333333317188,0.6416666666748134,0.3279145165243144,1.1916666666746658
0.11912265277777781,evolving_q,True,1745.0,4.833333333317389,0.6416666666747098,0.3279145165242722,1.1916666666745677
0.11912265277777781,evolving_q,True,1747.5,4.833333333317591,0.6416666666746064,0.32791451652423004,1.1916666666744695
0.11912265277777781,evolving_q,True,1750.0,4.833333333317793,0.6416666666745028,0.32791451652418785,1.1916666666743716
0.11912265277777781,evolving_q,True,1752.5,4.833333333317994,0.6416666666743993,0.32791451652414566,1.1916666666742735
0.11912265277777781,evolving_q,True,1755.0,4.833333333318196,0.6416666666742957,0.32791451652410347,1.1916666666741755
0.11912265277777781,evolving_q,True,1757.5,4.833333333318397,0.6416666666741923,0.3279145165240613,1.1916666666740774
0.11912265277777781,evolving_q,True,1760.0,4.833333333318599,0.6416666666740887,0.3279145165240191,1.1916666666739792
0.11912265277777781,evolving_q,True,1762.5,4.833333333318801,0.6416666666739851,0.3279145165239769,1.191666666673881
0.11912265277777781,evolving_q,True,1765.0,4.833333333319002,0.6416666666738816,0.3279145165239347,1.191666666673783
0.11912265277777781,evolving_q,True,1767.5,4.833333333319204,0.641666666673778,0.32791451652389253,1.191666666673685
0.11912265277777781,evolving_q,True,1770.0,4.8333333333194055,0.6416666666736746,0.32791451652385034,1.191666666673587
0.11912265277777781,evolving_q,True,1772.5,4.833333333319607,0.641666666673571,0.32791451652380815,1.191666666673489
0.11912265277777781,evolving_q,True,1775.0,4.833333333319809,0.6416666666734675,0.32791451652376596,1.1916666666733908
0.11912265277777781,evolving_q,True,1777.5,4.83333333332001,0.6416666666733639,0.3279145165237238,1.1916666666732927
0.11912265277777781,evolving_q,True,1780.0,4.833333333320212,0.6416666666732603,0.3279145165236816,1.1916666666731945
0.11912265277777781,evolving_q,True,1782.5,4.833333333320414,0.6416666666731569,0.3279145165236394,1.1916666666730964
0.11912265277777781,evolving_q,True,1785.0,4.833333333320615,0.6416666666730533,0.3279145165235972,1.1916666666729985
0.11912265277777781,evolving_q,True,1787.5,4.833333333320817,0.6416666666729498,0.327914516523555,1.1916666666729003
0.11912265277777781,evolving_q,True,1790.0,4.833333333321018,0.6416666666728462,0.32791451652351283,1.1916666666728024
0.11912265277777781,evolving_q,True,1792.5,4.83333333332122,0.6416666666727427,0.32791451652347064,1.1916666666727043
0.11912265277777781,evolving_q,True,1795.0,4.833333333321422,0.6416666666726392,0.32791451652342846,1.1916666666726061
0.11912265277777781,evolving_q,True,1797.5,4.833333333321623,0.6416666666725356,0.32791451652338627,1.191666666672508
0.11912265277777781,evolving_q,True,1800.0,4.833333333321825,0.6416666666724321,0.327914516523344,1.1916666666724098
0.11912265277777781,evolving_q,True,1802.5,4.8333333333220265,0.6416666666723285,0.32791451652330184,1.191666666672312
0.11912265277777781,evolving_q,True,1805.0,4.833333333322228,0.641666666672225,0.32791451652325965,1.1916666666722138
0.11912265277777781,evolving_q,True,1807.5,4.83333333332243,0.6416666666721215,0.32791451652321746,1.1916666666721158
0.11912265277777781,evolving_q,True,1810.0,4.833333333322631,0.641666666672018,0.32791451652317527,1.1916666666720177
0.11912265277777781,evolving_q,True,1812.5,4.833333333322833,0.6416666666719144,0.3279145165231331,1.1916666666719196
0.11912265277777781,evolving_q,True,1815.0,4.833333333323035,0.6416666666718108,0.3279145165230909,1.1916666666718214
0.11912265277777781,evolving_q,True,1817.5,4.833333333323236,0.6416666666717074,0.3279145165230487,1.1916666666717233
0.11912265277777781,evolving_q,True,1820.0,4.833333333323438,0.6416666666716038,0.3279145165230065,1.1916666666716254
0.11912265277777781,evolving_q,True,1822.5,4.8333333333236395,0.6416666666715003,0.3279145165229643,1.1916666666715272
0.11912265277777781,evolving_q,True,1825.0,4.833333333323841,0.6416666666713967,0.32791451652292214,1.1916666666714293
0.11912265277777781,evolving_q,True,1827.5,4.833333333324043,0.6416666666712932,0.32791451652287995,1.1916666666713311
0.11912265277777781,evolving_q,True,1830.0,4.833333333324244,0.6416666666711897,0.32791451652283776,1.191666666671233
0.11912265277777781,evolving_q,True,1832.5,4.833333333324446,0.6416666666710861,0.3279145165227956,1.1916666666711349
0.11912265277777781,evolving_q,True,1835.0,4.8333333333246475,0.6416666666709826,0.3279145165227534,1.1916666666710367
0.11912265277777781,evolving_q,True,1837.5,4.833333333324849,0.641666666670879,0.3279145165227112,1.1916666666709388
0.11912265277777781,evolving_q,True,1840.0,4.833333333325051,0.6416666666707755,0.327914516522669,1.1916666666708406
0.11912265277777781,evolving_q,True,1842.5,4.833333333325252,0.641666666670672,0.3279145165226268,1.1916666666707427
0.11912265277777781,evolving_q,True,1845.0,4.833333333325454,0.6416666666705685,0.32791451652258463,1.1916666666706446
0.11912265277777781,evolving_q,True,1847.5,4.833333333325656,0.6416666666704649,0.32791451652254244,1.1916666666705464
0.11912265277777781,evolving_q,True,1850.0,4.833333333325857,0.6416666666703613,0.32791451652250025,1.1916666666704483
0.11912265277777781,evolving_q,True,1852.5,4.833333333326059,0.6416666666702578,0.32791451652245807,1.1916666666703501
0.11912265277777781,evolving_q,True,1855.0,4.8333333333262605,0.6416666666701543,0.3279145165224159,1.1916666666702522
0.11912265277777781,evolving_q,True,1857.5,4.833333333326462,0.6416666666700508,0.3279145165223737,1.191666666670154
0.11912265277777781,evolving_q,True,1860.0,4.833333333326664,0.6416666666699472,0.3279145165223315,1.1916666666700562
0.11912265277777781,evolving_q,True,1862.5,4.833333333326865,0.6416666666698437,0.3279145165222893,1.191666666669958
0.11912265277777781,evolving_q,True,1865.0,4.833333333327067,0.6416666666697401,0.3279145165222471,1.1916666666698599
0.11912265277777781,evolving_q,True,1867.5,4.8333333333272686,0.6416666666696366,0.32791451652220494,1.1916666666697617
0.11912265277777781,evolving_q,True,1870.0,4.83333333332747,0.6416666666695331,0.32791451652216275,1.1916666666696636
0.11912265277777781,evolving_q,True,1872.5,4.833333333327672,0.6416666666694295,0.3279145165221205,1.1916666666695657
0.11912265277777781,evolving_q,True,1875.0,4.833333333327873,0.641666666669326,0.3279145165220783,1.1916666666694675
0.11912265277777781,evolving_q,True,1877.5,4.833333333328075,0.6416666666692225,0.3279145165220361,1.1916666666693696
0.11912265277777781,evolving_q,True,1880.0,4.833333333328277,0.641666666669119,0.32791451652199394,1.1916666666692715
0.11912265277777781,evolving_q,True,1882.5,4.833333333328478,0.6416666666690154,0.32791451652195175,1.1916666666691733
0.11912265277777781,evolving_q,True,1885.0,4.83333333332868,0.6416666666689118,0.32791451652190956,1.1916666666690752
0.11912265277777781,evolving_q,True,1887.5,4.8333333333288815,0.6416666666688083,0.32791451652186737,1.191666666668977
0.11912265277777781,evolving_q,True,1890.0,4.833333333329083,0.6416666666687048,0.3279145165218252,1.191666666668879
0.11912265277777781,evolving_q,True,1892.5,4.833333333329285,0.6416666666686013,0.327914516521783,1.191666666668781
0.11912265277777781,evolving_q,True,1895.0,4.833333333329486,0.6416666666684977,0.3279145165217408,1.191666666668683
0.11912265277777781,evolving_q,True,1897.5,4.833333333329688,0.6416666666683942,0.3279145165216986,1.191666666668585
0.11912265277777781,evolving_q,True,1900.0,4.83333333332989,0.6416666666682906,0.32791451652165643,1.1916666666684868
0.11912265277777781,evolving_q,True,1902.5,4.833333333330091,0.6416666666681871,0.32791451652161424,1.1916666666683886
0.11912265277777781,evolving_q,True,1905.0,4.833333333330293,0.6416666666680836,0.32791451652157205,1.1916666666682905
0.11912265277777781,evolving_q,True,1907.5,4.833333333330494,0.64166666666798,0.32791451652152986,1.1916666666681925
0.11912265277777781,evolving_q,True,1910.0,4.833333333330696,0.6416666666678765,0.3279145165214877,1.1916666666680944
0.11912265277777781,evolving_q,True,1912.5,4.833333333330898,0.641666666667773,0.3279145165214455,1.1916666666679965
0.11912265277777781,evolving_q,True,1915.0,4.833333333331099,0.6416666666676695,0.3279145165214033,1.1916666666678983
0.11912265277777781,evolving_q,True,1917.5,4.833333333331301,0.6416666666675659,0.3279145165213611,1.1916666666678002
0.11912265277777781,evolving_q,True,1920.0,4.8333333333315025,0.6416666666674624,0.3279145165213189,1.191666666667702
0.11912265277777781,evolving_q,True,1922.5,4.833333333331704,0.6416666666673588,0.32791451652127673,1.191666666667604
0.11912265277777781,evolving_q,True,1925.0,4.833333333331906,0.6416666666672552,0.32791451652123454,1.191666666667506
0.11912265277777781,evolving_q,True,1927.5,4.833333333332107,0.6416666666671518,0.32791451652119236,1.1916666666674078
0.11912265277777781,evolving_q,True,1930.0,4.833333333332309,0.6416666666670482,0.32791451652115017,1.19166666666731
0.11912265277777781,evolving_q,True,1932.5,4.833333333332511,0.6416666666669447,0.327914516521108,1.1916666666672118
0.11912265277777781,evolving_q,True,1935.0,4.833333333332712,0.6416666666668411,0.3279145165210658,1.1916666666671136
0.11912265277777781,evolving_q,True,1937.5,4.833333333332914,0.6416666666667377,0.3279145165210236,1.1916666666670155
0.11912265277777781,evolving_q,True,1940.0,4.833333333333115,0.6416666666666341,0.3279145165209814,1.1916666666669173
0.11912265277777781,evolving_q,True,1942.5,4.833333333333317,0.6416666666665305,0.3279145165209392,1.1916666666668194
0.11912265277777781,evolving_q,True,1945.0,4.833333333333519,0.641666666666427,0.327914516520897,1.1916666666667213
0.11912265277777781,evolving_q,True,1947.5,4.83333333333372,0.6416666666663234,0.3279145165208548,1.1916666666666234
0.11912265277777781,evolving_q,True,1950.0,4.833333333333922,0.64166666666622,0.3279145165208126,1.1916666666665252
0.11912265277777781,evolving_q,True,1952.5,4.8333333333341235,0.6416666666661164,0.3279145165207704,1.191666666666427
0.11912265277777781,evolving_q,True,1955.0,4.833333333334325,0.6416666666660129,0.3279145165207282,1.191666666666329
0.11912265277777781,evolving_q,True,1957.5,4.833333333334527,0.6416666666659093,0.32791451652068604,1.1916666666662308
0.11912265277777781,evolving_q,True,1960.0,4.833333333334728,0.6416666666658057,0.32791451652064385,1.1916666666661329
0.11912265277777781,evolving_q,True,1962.5,4.83333333333493,0.6416666666657023,0.32791451652060166,1.1916666666660347
0.11912265277777781,evolving_q,True,1965.0,4.833333333335132,0.6416666666655987,0.3279145165205595,1.1916666666659368
0.11912265277777781,evolving_q,True,1967.5,4.833333333335333,0.6416666666654952,0.3279145165205173,1.1916666666658386
0.11912265277777781,evolving_q,True,1970.0,4.833333333335535,0.6416666666653916,0.3279145165204751,1.1916666666657405
0.11912265277777781,evolving_q,True,1972.5,4.8333333333357364,0.6416666666652882,0.3279145165204329,1.1916666666656424
0.11912265277777781,evolving_q,True,1975.0,4.833333333335938,0.6416666666651846,0.3279145165203907,1.1916666666655442
0.11912265277777781,evolving_q,True,1977.5,4.83333333333614,0.641666666665081,0.32791451652034853,1.1916666666654463
0.11912265277777781,evolving_q,True,1980.0,4.833333333336341,0.6416666666649775,0.32791451652030634,1.1916666666653482
0.11912265277777781,evolving_q,True,1982.5,4.833333333336543,0.6416666666648739,0.32791451652026415,1.1916666666652502
0.11912265277777781,evolving_q,True,1985.0,4.8333333333367445,0.6416666666647705,0.32791451652022197,1.191666666665152
0.11912265277777781,evolving_q,True,1987.5,4.833333333336946,0.6416666666646669,0.3279145165201798,1.191666666665054
0.11912265277777781,evolving_q,True,1990.0,4.833333333337148,0.6416666666645634,0.3279145165201376,1.1916666666649558
0.11912265277777781,evolving_q,True,1992.5,4.833333333337349,0.6416666666644598,0.3279145165200954,1.1916666666648577
0.11912265277777781,evolving_q,True,1995.0,4.833333333337551,0.6416666666643562,0.3279145165200532,1.1916666666647597
0.11912265277777781,evolving_q,True,1997.5,4.833333333337753,0.6416666666642528,0.327914516520011,1.1916666666646616
0.11912265277777781,evolving_q,True,2000.0,4.833333333337954,0.6416666666641492,0.32791451651996883,1.1916666666645637
0.11912265277777781,evolving_q,True,2002.5,4.833333333338156,0.6416666666640457,0.32791451651992665,1.1916666666644655
0.11912265277777781,evolving_q,True,2005.0,4.8333333333383575,0.6416666666639421,0.32791451651988446,1.1916666666643674
0.11912265277777781,evolving_q,True,2007.5,4.833333333338559,0.6416666666638386,0.32791451651984227,1.1916666666642692
0.11912265277777781,evolving_q,True,2010.0,4.833333333338761,0.6416666666637351,0.3279145165198001,1.191666666664171
0.11912265277777781,evolving_q,True,2012.5,4.833333333338962,0.6416666666636315,0.3279145165197579,1.1916666666640732
0.11912265277777781,evolving_q,True,2015.0,4.833333333339164,0.641666666663528,0.32791451651971565,1.191666666663975
0.11912265277777781,evolving_q,True,2017.5,4.8333333333393655,0.6416666666634244,0.32791451651967346,1.191666666663877
0.11912265277777781,evolving_q,True,2020.0,4.833333333339567,0.641666666663321,0.32791451651963127,1.191666666663779
0.11912265277777781,evolving_q,True,2022.5,4.833333333339769,0.6416666666632174,0.3279145165195891,1.1916666666636808
0.11912265277777781,evolving_q,True,2025.0,4.83333333333997,0.6416666666631139,0.3279145165195469,1.1916666666635827
0.11912265277777781,evolving_q,True,2027.5,4.833333333340172,0.6416666666630103,0.3279145165195047,1.1916666666634845
0.11912265277777781,evolving_q,True,2030.0,4.833333333340374,0.6416666666629067,0.3279145165194625,1.1916666666633866
0.11912265277777781,evolving_q,True,2032.5,4.833333333340575,0.6416666666628033,0.32791451651942033,1.1916666666632885
0.11912265277777781,evolving_q,True,2035.0,4.833333333340777,0.6416666666626997,0.32791451651937814,1.1916666666631905
0.11912265277777781,evolving_q,True,2037.5,4.8333333333409785,0.6416666666625962,0.32791451651933595,1.1916666666630924
0.11912265277777781,evolving_q,True,2040.0,4.83333333334118,0.6416666666624926,0.32791451651929376,1.1916666666629943
0.11912265277777781,evolving_q,True,2042.5,4.833333333341382,0.6416666666623891,0.3279145165192516,1.1916666666628961
0.11912265277777781,evolving_q,True,2045.0,4.833333333341583,0.6416666666622856,0.3279145165192094,1.191666666662798
0.11912265277777781,evolving_q,True,2047.5,4.833333333341785,0.641666666662182,0.3279145165191672,1.1916666666627
0.11912265277777781,evolving_q,True,2050.0,4.8333333333417885,0.6416666666621804,0.32791451651915715,1.191666666662698
0.11912265277777781,evolving_q,True,2052.5,4.833333333341758,0.6416666666621965,0.32791451651915265,1.1916666666627123
0.11912265277777781,evolving_q,True,2055.0,4.833333333341728,0.6416666666622125,0.3279145165191482,1.1916666666627265
0.11912265277777781,evolving_q,True,2057.5,4.833333333341698,0.6416666666622286,0.3279145165191437,1.1916666666627405
0.11912265277777781,evolving_q,True,2060.0,4.833333333341668,0.6416666666622447,0.3279145165191392,1.1916666666627544
0.11912265277777781,evolving_q,True,2062.5,4.8333333333416375,0.6416666666622607,0.3279145165191348,1.1916666666627687
0.11912265277777781,evolving_q,True,2065.0,4.833333333341607,0.6416666666622768,0.3279145165191303,1.1916666666627829
0.11912265277777781,evolving_q,True,2067.5,4.833333333341577,0.6416666666622928,0.3279145165191258,1.191666666662797
0.11912265277777781,evolving_q,True,2070.0,4.833333333341547,0.6416666666623089,0.32791451651912135,1.1916666666628113
0.11912265277777781,evolving_q,True,2072.5,4.833333333341517,0.641666666662325,0.32791451651911685,1.1916666666628253
0.11912265277777781,evolving_q,True,2075.0,4.8333333333414865,0.641666666662341,0.3279145165191124,1.1916666666628395
0.11912265277777781,evolving_q,True,2077.5,4.833333333341456,0.641666666662357,0.3279145165191079,1.1916666666628535
0.11912265277777781,evolving_q,True,2080.0,4.833333333341426,0.6416666666623732,0.3279145165191034,1.1916666666628677
0.11912265277777781,evolving_q,True,2082.5,4.833333333341396,0.6416666666623891,0.327914516519099,1.191666666662882
0.11912265277777781,evolving_q,True,2085.0,4.833333333341366,0.6416666666624052,0.3279145165190945,1.1916666666628961
0.11912265277777781,evolving_q,True,2087.5,4.8333333333413355,0.6416666666624212,0.32791451651909,1.1916666666629103
0.11912265277777781,evolving_q,True,2090.0,4.833333333341305,0.6416666666624373,0.32791451651908554,1.1916666666629243
0.11912265277777781,evolving_q,True,2092.5,4.833333333341274,0.6416666666624534,0.32791451651908105,1.1916666666629392
0.11912265277777781,evolving_q,True,2095.0,4.833333333341244,0.6416666666624694,0.3279145165190766,1.1916666666629534
0.11912265277777781,evolving_q,True,2097.5,4.833333333341214,0.6416666666624855,0.3279145165190721,1.1916666666629676
0.11912265277777781,evolving_q,True,2100.0,4.833333333341184,0.6416666666625015,0.3279145165190676,1.1916666666629818
0.11912265277777781,evolving_q,True,2102.5,4.8333333333411534,0.6416666666625176,0.32791451651906317,1.191666666662996
0.11912265277777781,evolving_q,True,2105.0,4.833333333341123,0.6416666666625337,0.3279145165190587,1.19166666666301
0.11912265277777781,evolving_q,True,2107.5,4.833333333341093,0.6416666666625497,0.32791451651905423,1.1916666666630242
0.11912265277777781,evolving_q,True,2110.0,4.833333333341063,0.6416666666625658,0.32791451651904974,1.1916666666630382
0.11912265277777781,evolving_q,True,2112.5,4.833333333341033,0.6416666666625819,0.32791451651904524,1.1916666666630524
0.11912265277777781,evolving_q,True,2115.0,4.8333333333410025,0.6416666666625979,0.3279145165190408,1.1916666666630666
0.11912265277777781,evolving_q,True,2117.5,4.833333333340972,0.641666666662614,0.3279145165190363,1.1916666666630809
0.11912265277777781,evolving_q,True,2120.0,4.833333333340942,0.64166666666263,0.3279145165190318,1.191666666663095
0.11912265277777781,evolving_q,True,2122.5,4.833333333340912,0.641666666662646,0.32791451651902737,1.191666666663109
0.11912265277777781,evolving_q,True,2125.0,4.833333333340882,0.6416666666626621,0.32791451651902287,1.191666666663123
0.11912265277777781,evolving_q,True,2127.5,4.8333333333408515,0.6416666666626781,0.32791451651901843,1.1916666666631373
0.11912265277777781,evolving_q,True,2130.0,4.833333333340821,0.6416666666626942,0.32791451651901393,1.1916666666631515
0.11912265277777781,evolving_q,True,2132.5,4.833333333340791,0.6416666666627102,0.32791451651900944,1.1916666666631657
0.11912265277777781,evolving_q,True,2135.0,4.833333333340761,0.6416666666627263,0.327914516519005,1.1916666666631799
0.11912265277777781,evolving_q,True,2137.5,4.833333333340731,0.6416666666627424,0.3279145165190005,1.1916666666631939
0.11912265277777781,evolving_q,True,2140.0,4.8333333333407005,0.6416666666627584,0.327914516518996,1.191666666663208
0.11912265277777781,evolving_q,True,2142.5,4.83333333334067,0.6416666666627745,0.32791451651899156,1.191666666663222
0.11912265277777781,evolving_q,True,2145.0,4.83333333334064,0.6416666666627906,0.32791451651898706,1.1916666666632363
0.11912265277777781,evolving_q,True,2147.5,4.833333333340609,0.6416666666628066,0.3279145165189826,1.1916666666632514
0.11912265277777781,evolving_q,True,2150.0,4.833333333340579,0.6416666666628227,0.3279145165189781,1.1916666666632656
0.11912265277777781,evolving_q,True,2152.5,4.833333333340549,0.6416666666628387,0.32791451651897363,1.1916666666632798
0.11912265277777781,evolving_q,True,2155.0,4.833333333340518,0.6416666666628548,0.3279145165189692,1.1916666666632938
0.11912265277777781,evolving_q,True,2157.5,4.833333333340488,0.6416666666628709,0.3279145165189647,1.1916666666633078
0.11912265277777781,evolving_q,True,2160.0,4.833333333340458,0.6416666666628869,0.3279145165189602,1.191666666663322
0.11912265277777781,evolving_q,True,2162.5,4.833333333340428,0.641666666662903,0.32791451651895576,1.1916666666633362
0.11912265277777781,evolving_q,True,2165.0,4.833333333340398,0.6416666666629189,0.32791451651895126,1.1916666666633504
0.11912265277777781,evolving_q,True,2167.5,4.833333333340367,0.641666666662935,0.3279145165189468,1.1916666666633646
0.11912265277777781,evolving_q,True,2170.0,4.833333333340337,0.6416666666629511,0.3279145165189423,1.1916666666633786
0.11912265277777781,evolving_q,True,2172.5,4.833333333340307,0.6416666666629671,0.3279145165189378,1.1916666666633928
0.11912265277777781,evolving_q,True,2175.0,4.833333333340277,0.6416666666629832,0.3279145165189334,1.1916666666634068
0.11912265277777781,evolving_q,True,2177.5,4.833333333340247,0.6416666666629993,0.3279145165189289,1.191666666663421
0.11912265277777781,evolving_q,True,2180.0,4.833333333340216,0.6416666666630153,0.3279145165189244,1.1916666666634352
0.11912265277777781,evolving_q,True,2182.5,4.833333333340186,0.6416666666630314,0.32791451651891995,1.1916666666634494
0.11912265277777781,evolving_q,True,2185.0,4.833333333340156,0.6416666666630474,0.32791451651891546,1.1916666666634637
0.11912265277777781,evolving_q,True,2187.5,4.833333333340126,0.6416666666630635,0.327914516518911,1.1916666666634776
0.11912265277777781,evolving_q,True,2190.0,4.833333333340096,0.6416666666630796,0.3279145165189065,1.1916666666634916
0.11912265277777781,evolving_q,True,2192.5,4.833333333340065,0.6416666666630956,0.327914516518902,1.1916666666635058
0.11912265277777781,evolving_q,True,2195.0,4.833333333340035,0.6416666666631117,0.3279145165188976,1.19166666666352
0.11912265277777781,evolving_q,True,2197.5,4.833333333340005,0.6416666666631277,0.3279145165188931,1.1916666666635343
0.11912265277777781,evolving_q,True,2200.0,4.833333333339974,0.6416666666631438,0.3279145165188886,1.1916666666635494
0.11912265277777781,evolving_q,True,2202.5,4.833333333339944,0.6416666666631599,0.32791451651888415,1.1916666666635634
0.11912265277777781,evolving_q,True,2205.0,4.8333333333399136,0.6416666666631758,0.32791451651887965,1.1916666666635776
0.11912265277777781,evolving_q,True,2207.5,4.833333333339883,0.6416666666631919,0.3279145165188752,1.1916666666635916
0.11912265277777781,evolving_q,True,2210.0,4.833333333339853,0.641666666663208,0.3279145165188707,1.1916666666636058
0.11912265277777781,evolving_q,True,2212.5,4.833333333339823,0.641666666663224,0.3279145165188662,1.19166666666362
0.11912265277777781,evolving_q,True,2215.0,4.833333333339793,0.6416666666632401,0.3279145165188618,1.1916666666636342
0.11912265277777781,evolving_q,True,2217.5,4.833333333339763,0.6416666666632561,0.3279145165188573,1.1916666666636484
0.11912265277777781,evolving_q,True,2220.0,4.833333333339732,0.6416666666632722,0.3279145165188528,1.1916666666636624
0.11912265277777781,evolving_q,True,2222.5,4.833333333339702,0.6416666666632883,0.32791451651884834,1.1916666666636764
0.11912265277777781,evolving_q,True,2225.0,4.833333333339672,0.6416666666633043,0.32791451651884385,1.1916666666636906
0.11912265277777781,evolving_q,True,2227.5,4.833333333339642,0.6416666666633204,0.3279145165188394,1.1916666666637048
0.11912265277777781,evolving_q,True,2230.0,4.833333333339612,0.6416666666633365,0.3279145165188349,1.191666666663719
0.11912265277777781,evolving_q,True,2232.5,4.833333333339581,0.6416666666633525,0.3279145165188304,1.1916666666637332
0.11912265277777781,evolving_q,True,2235.0,4.833333333339551,0.6416666666633686,0.32791451651882597,1.1916666666637472
0.11912265277777781,evolving_q,True,2237.5,4.833333333339521,0.6416666666633846,0.3279145165188215,1.1916666666637614
0.11912265277777781,evolving_q,True,2240.0,4.833333333339491,0.6416666666634007,0.327914516518817,1.1916666666637754
0.11912265277777781,evolving_q,True,2242.5,4.833333333339461,0.6416666666634168,0.32791451651881254,1.1916666666637896
0.11912265277777781,evolving_q,True,2245.0,4.83333333333943,0.6416666666634327,0.32791451651880804,1.1916666666638038
0.11912265277777781,evolving_q,True,2247.5,4.8333333333394,0.6416666666634488,0.3279145165188036,1.191666666663818
0.11912265277777781,evolving_q,True,2250.0,4.83333333333937,0.6416666666634648,0.3279145165187991,1.1916666666638323
0.11912265277777781,evolving_q,True,2252.5,4.83333333333934,0.6416666666634809,0.3279145165187946,1.1916666666638462
0.11912265277777781,evolving_q,True,2255.0,4.833333333339309,0.641666666663497,0.32791451651879017,1.1916666666638611
0.11912265277777781,evolving_q,True,2257.5,4.8333333333392785,0.641666666663513,0.32791451651878567,1.1916666666638753
0.11912265277777781,evolving_q,True,2260.0,4.833333333339248,0.6416666666635291,0.3279145165187812,1.1916666666638895
0.11912265277777781,evolving_q,True,2262.5,4.833333333339218,0.6416666666635452,0.32791451651877673,1.1916666666639038
0.11912265277777781,evolving_q,True,2265.0,4.833333333339188,0.6416666666635612,0.32791451651877224,1.191666666663918
0.11912265277777781,evolving_q,True,2267.5,4.833333333339158,0.6416666666635773,0.3279145165187678,1.191666666663932
0.11912265277777781,evolving_q,True,2270.0,4.8333333333391275,0.6416666666635933,0.3279145165187633,1.1916666666639462
0.11912265277777781,evolving_q,True,2272.5,4.833333333339097,0.6416666666636094,0.3279145165187588,1.1916666666639602
0.11912265277777781,evolving_q,True,2275.0,4.833333333339067,0.6416666666636255,0.32791451651875436,1.1916666666639744
0.11912265277777781,evolving_q,True,2277.5,4.833333333339037,0.6416666666636415,0.32791451651874987,1.1916666666639886
0.11912265277777781,evolving_q,True,2280.0,4.833333333339007,0.6416666666636576,0.32791451651874537,1.1916666666640028
0.11912265277777781,evolving_q,True,2282.5,4.8333333333389765,0.6416666666636736,0.32791451651874093,1.191666666664017
0.11912265277777781,evolving_q,True,2285.0,4.833333333338946,0.6416666666636897,0.32791451651873643,1.191666666664031
0.11912265277777781,evolving_q,True,2287.5,4.833333333338916,0.6416666666637058,0.327914516518732,1.191666666664045
0.11912265277777781,evolving_q,True,2290.0,4.833333333338886,0.6416666666637217,0.3279145165187275,1.1916666666640592
0.11912265277777781,evolving_q,True,2292.5,4.833333333338856,0.6416666666637378,0.327914516518723,1.1916666666640734
0.11912265277777781,evolving_q,True,2295.0,4.8333333333388255,0.6416666666637539,0.32791451651871856,1.1916666666640876
0.11912265277777781,evolving_q,True,2297.5,4.833333333338795,0.6416666666637699,0.32791451651871406,1.1916666666641018
0.11912265277777781,evolving_q,True,2300.0,4.833333333338765,0.641666666663786,0.32791451651870956,1.1916666666641158
0.11912265277777781,evolving_q,True,2302.5,4.833333333338735,0.641666666663802,0.3279145165187051,1.19166666666413
0.11912265277777781,evolving_q,True,2305.0,4.833333333338705,0.6416666666638181,0.3279145165187006,1.191666666664144
0.11912265277777781,evolving_q,True,2307.5,4.8333333333386745,0.6416666666638342,0.3279145165186962,1.1916666666641582
0.11912265277777781,evolving_q,True,2310.0,4.8333333333386435,0.6416666666638502,0.3279145165186917,1.1916666666641733
0.11912265277777781,evolving_q,True,2312.5,4.833333333338613,0.6416666666638663,0.3279145165186872,1.1916666666641875
0.11912265277777781,evolving_q,True,2315.0,4.833333333338583,0.6416666666638823,0.32791451651868275,1.1916666666642017
0.11912265277777781,evolving_q,True,2317.5,4.833333333338553,0.6416666666638984,0.32791451651867826,1.1916666666642157
0.11912265277777781,evolving_q,True,2320.0,4.833333333338523,0.6416666666639145,0.32791451651867376,1.1916666666642297
0.11912265277777781,evolving_q,True,2322.5,4.8333333333384925,0.6416666666639305,0.3279145165186693,1.191666666664244
0.11912265277777781,evolving_q,True,2325.0,4.833333333338462,0.6416666666639466,0.3279145165186648,1.1916666666642581
0.11912265277777781,evolving_q,True,2327.5,4.833333333338432,0.6416666666639627,0.3279145165186604,1.1916666666642723
0.11912265277777781,evolving_q,True,2330.0,4.833333333338402,0.6416666666639786,0.3279145165186559,1.1916666666642866
0.11912265277777781,evolving_q,True,2332.5,4.833333333338372,0.6416666666639947,0.3279145165186514,1.1916666666643005
0.11912265277777781,evolving_q,True,2335.0,4.8333333333383415,0.6416666666640107,0.32791451651864695,1.1916666666643148
0.11912265277777781,evolving_q,True,2337.5,4.833333333338311,0.6416666666640268,0.32791451651864245,1.1916666666643287
0.11912265277777781,evolving_q,True,2340.0,4.833333333338281,0.6416666666640429,0.32791451651863796,1.191666666664343
0.11912265277777781,evolving_q,True,2342.5,4.833333333338251,0.6416666666640589,0.3279145165186335,1.1916666666643572
0.11912265277777781,evolving_q,True,2345.0,4.833333333338221,0.641666666664075,0.327914516518629,1.1916666666643714
0.11912265277777781,evolving_q,True,2347.5,4.8333333333381905,0.641666666664091,0.3279145165186246,1.1916666666643856
0.11912265277777781,evolving_q,True,2350.0,4.83333333333816,0.6416666666641071,0.3279145165186201,1.1916666666643996
0.11912265277777781,evolving_q,True,2352.5,4.83333333333813,0.6416666666641232,0.3279145165186156,1.1916666666644136
0.11912265277777781,evolving_q,True,2355.0,4.8333333333381,0.6416666666641392,0.32791451651861114,1.1916666666644278
0.11912265277777781,evolving_q,True,2357.5,4.83333333333807,0.6416666666641553,0.32791451651860665,1.191666666664442
0.11912265277777781,evolving_q,True,2360.0,4.8333333333380395,0.6416666666641714,0.32791451651860215,1.1916666666644562
0.11912265277777781,evolving_q,True,2362.5,4.833333333338009,0.6416666666641874,0.3279145165185977,1.1916666666644704
0.11912265277777781,evolving_q,True,2365.0,4.833333333337978,0.6416666666642035,0.3279145165185932,1.1916666666644853
0.11912265277777781,evolving_q,True,2367.5,4.833333333337948,0.6416666666642195,0.3279145165185888,1.1916666666644995
0.11912265277777781,evolving_q,True,2370.0,4.833333333337918,0.6416666666642356,0.3279145165185843,1.1916666666645135
0.11912265277777781,evolving_q,True,2372.5,4.833333333337888,0.6416666666642517,0.3279145165185798,1.1916666666645277
0.11912265277777781,evolving_q,True,2375.0,4.833333333337857,0.6416666666642676,0.32791451651857534,1.191666666664542
0.11912265277777781,evolving_q,True,2377.5,4.833333333337827,0.6416666666642837,0.32791451651857084,1.1916666666645561
0.11912265277777781,evolving_q,True,2380.0,4.833333333337797,0.6416666666642997,0.32791451651856635,1.1916666666645703
0.11912265277777781,evolving_q,True,2382.5,4.833333333337767,0.6416666666643158,0.3279145165185619,1.1916666666645843
0.11912265277777781,evolving_q,True,2385.0,4.833333333337737,0.6416666666643319,0.3279145165185574,1.1916666666645983
0.11912265277777781,evolving_q,True,2387.5,4.833333333337706,0.6416666666643479,0.32791451651855297,1.1916666666646125
0.11912265277777781,evolving_q,True,2390.0,4.833333333337676,0.641666666664364,0.32791451651854847,1.1916666666646267
0.11912265277777781,evolving_q,True,2392.5,4.833333333337646,0.6416666666643801,0.327914516518544,1.191666666664641
0.11912265277777781,evolving_q,True,2395.0,4.833333333337616,0.6416666666643961,0.32791451651853953,1.1916666666646551
0.11912265277777781,evolving_q,True,2397.5,4.833333333337586,0.6416666666644122,0.32791451651853504,1.1916666666646691
0.11912265277777781,evolving_q,True,2400.0,4.833333333337555,0.6416666666644282,0.32791451651853054,1.1916666666646833
0.11912265277777781,evolving_q,True,2402.5,4.833333333337525,0.6416666666644443,0.3279145165185261,1.1916666666646973
0.11912265277777781,evolving_q,True,2405.0,4.833333333337495,0.6416666666644604,0.3279145165185216,1.1916666666647115
0.11912265277777781,evolving_q,True,2407.5,4.833333333337465,0.6416666666644764,0.32791451651851716,1.1916666666647258
0.11912265277777781,evolving_q,True,2410.0,4.833333333337435,0.6416666666644925,0.32791451651851267,1.19166666666474
0.11912265277777781,evolving_q,True,2412.5,4.8333333333374044,0.6416666666645084,0.32791451651850817,1.1916666666647542
0.11912265277777781,evolving_q,True,2415.0,4.833333333337374,0.6416666666645245,0.32791451651850373,1.1916666666647682
0.11912265277777781,evolving_q,True,2417.5,4.833333333337343,0.6416666666645406,0.32791451651849923,1.191666666664783
0.11912265277777781,evolving_q,True,2420.0,4.833333333337313,0.6416666666645566,0.32791451651849474,1.1916666666647973
0.11912265277777781,evolving_q,True,2422.5,4.833333333337283,0.6416666666645727,0.3279145165184903,1.1916666666648115
0.11912265277777781,evolving_q,True,2425.0,4.833333333337253,0.6416666666645888,0.3279145165184858,1.1916666666648257
0.11912265277777781,evolving_q,True,2427.5,4.833333333337222,0.6416666666646048,0.32791451651848136,1.19166666666484
0.11912265277777781,evolving_q,True,2430.0,4.833333333337192,0.6416666666646209,0.32791451651847686,1.1916666666648539
0.11912265277777781,evolving_q,True,2432.5,4.833333333337162,0.6416666666646369,0.32791451651847237,1.191666666664868
0.11912265277777781,evolving_q,True,2435.0,4.833333333337132,0.641666666664653,0.3279145165184679,1.191666666664882
0.11912265277777781,evolving_q,True,2437.5,4.833333333337102,0.6416666666646691,0.32791451651846343,1.1916666666648963
0.11912265277777781,evolving_q,True,2440.0,4.833333333337071,0.6416666666646851,0.32791451651845893,1.1916666666649105
0.11912265277777781,evolving_q,True,2442.5,4.833333333337041,0.6416666666647012,0.3279145165184545,1.1916666666649247
0.11912265277777781,evolving_q,True,2445.0,4.833333333337011,0.6416666666647173,0.32791451651845,1.1916666666649387
0.11912265277777781,evolving_q,True,2447.5,4.833333333336981,0.6416666666647333,0.32791451651844555,1.191666666664953
0.11912265277777781,evolving_q,True,2450.0,4.833333333336951,0.6416666666647494,0.32791451651844106,1.191666666664967
0.11912265277777781,evolving_q,True,2452.5,4.83333333333692,0.6416666666647654,0.32791451651843656,1.1916666666649811
0.11912265277777781,evolving_q,True,2455.0,4.83333333333689,0.6416666666647814,0.3279145165184321,1.1916666666649953
0.11912265277777781,evolving_q,True,2457.5,4.83333333333686,0.6416666666647975,0.3279145165184276,1.1916666666650095
0.11912265277777781,evolving_q,True,2460.0,4.83333333333683,0.6416666666648135,0.3279145165184231,1.1916666666650237
0.11912265277777781,evolving_q,True,2462.5,4.8333333333368,0.6416666666648296,0.3279145165184187,1.1916666666650377
0.11912265277777781,evolving_q,True,2465.0,4.833333333336769,0.6416666666648456,0.3279145165184142,1.191666666665052
0.11912265277777781,evolving_q,True,2467.5,4.833333333336739,0.6416666666648617,0.32791451651840975,1.191666666665066
0.11912265277777781,evolving_q,True,2470.0,4.833333333336709,0.6416666666648778,0.32791451651840525,1.1916666666650801
0.11912265277777781,evolving_q,True,2472.5,4.833333333336678,0.6416666666648938,0.32791451651840076,1.1916666666650952
0.11912265277777781,evolving_q,True,2475.0,4.833333333336648,0.6416666666649099,0.3279145165183963,1.1916666666651095
0.11912265277777781,evolving_q,True,2477.5,4.8333333333366175,0.641666666664926,0.3279145165183918,1.1916666666651234
0.11912265277777781,evolving_q,True,2480.0,4.833333333336587,0.641666666664942,0.3279145165183873,1.1916666666651377
0.11912265277777781,evolving_q,True,2482.5,4.833333333336557,0.6416666666649581,0.3279145165183829,1.1916666666651516
0.11912265277777781,evolving_q,True,2485.0,4.833333333336527,0.6416666666649741,0.3279145165183784,1.1916666666651659
0.11912265277777781,evolving_q,True,2487.5,4.833333333336497,0.6416666666649902,0.32791451651837394,1.19166666666518
0.11912265277777781,evolving_q,True,2490.0,4.8333333333364665,0.6416666666650063,0.32791451651836945,1.1916666666651943
0.11912265277777781,evolving_q,True,2492.5,4.833333333336436,0.6416666666650223,0.32791451651836495,1.1916666666652085
0.11912265277777781,evolving_q,True,2495.0,4.833333333336406,0.6416666666650384,0.3279145165183605,1.1916666666652225
0.11912265277777781,evolving_q,True,2497.5,4.833333333336376,0.6416666666650543,0.327914516518356,1.1916666666652367
0.11912265277777781,evolving_q,True,2500.0,4.833333333336346,0.6416666666650704,0.3279145165183515,1.1916666666652507
0.11912265277777781,evolving_q,True,2502.5,4.8333333333363155,0.6416666666650865,0.3279145165183471,1.1916666666652649
0.11912265277777781,evolving_q,True,2505.0,4.833333333336285,0.6416666666651025,0.3279145165183426,1.191666666665279
0.11912265277777781,evolving_q,True,2507.5,4.833333333336255,0.6416666666651186,0.32791451651833814,1.1916666666652933
0.11912265277777781,evolving_q,True,2510.0,4.833333333336225,0.6416666666651347,0.32791451651833364,1.1916666666653073
0.11912265277777781,evolving_q,True,2512.5,4.833333333336195,0.6416666666651507,0.32791451651832915,1.1916666666653215
0.11912265277777781,evolving_q,True,2515.0,4.8333333333361646,0.6416666666651668,0.3279145165183247,1.1916666666653355
0.11912265277777781,evolving_q,True,2517.5,4.833333333336134,0.6416666666651828,0.3279145165183202,1.1916666666653497
0.11912265277777781,evolving_q,True,2520.0,4.833333333336104,0.6416666666651989,0.3279145165183157,1.191666666665364
0.11912265277777781,evolving_q,True,2522.5,4.833333333336074,0.641666666665215,0.32791451651831127,1.1916666666653781
0.11912265277777781,evolving_q,True,2525.0,4.833333333336044,0.641666666665231,0.3279145165183068,1.1916666666653923
0.11912265277777781,evolving_q,True,2527.5,4.833333333336013,0.6416666666652471,0.32791451651830233,1.1916666666654072
0.11912265277777781,evolving_q,True,2530.0,4.8333333333359825,0.6416666666652631,0.32791451651829784,1.1916666666654214
0.11912265277777781,evolving_q,True,2532.5,4.833333333335952,0.6416666666652792,0.32791451651829334,1.1916666666654354
0.11912265277777781,evolving_q,True,2535.0,4.833333333335922,0.6416666666652953,0.3279145165182889,1.1916666666654496
0.11912265277777781,evolving_q,True,2537.5,4.833333333335892,0.6416666666653112,0.3279145165182844,1.1916666666654638
0.11912265277777781,evolving_q,True,2540.0,4.833333333335862,0.6416666666653273,0.3279145165182799,1.191666666665478
0.11912265277777781,evolving_q,True,2542.5,4.8333333333358315,0.6416666666653434,0.32791451651827547,1.191666666665492
0.11912265277777781,evolving_q,True,2545.0,4.833333333335801,0.6416666666653594,0.32791451651827097,1.1916666666655062
0.11912265277777781,evolving_q,True,2547.5,4.833333333335771,0.6416666666653755,0.32791451651826653,1.1916666666655202
0.11912265277777781,evolving_q,True,2550.0,4.833333333335741,0.6416666666653915,0.32791451651826203,1.1916666666655344
0.11912265277777781,evolving_q,True,2552.5,4.833333333335711,0.6416666666654076,0.32791451651825754,1.1916666666655487
0.11912265277777781,evolving_q,True,2555.0,4.8333333333356805,0.6416666666654237,0.3279145165182531,1.1916666666655629
0.11912265277777781,evolving_q,True,2557.5,4.83333333333565,0.6416666666654397,0.3279145165182486,1.191666666665577
0.11912265277777781,evolving_q,True,2560.0,4.83333333333562,0.6416666666654558,0.3279145165182441,1.191666666665591
0.11912265277777781,evolving_q,True,2562.5,4.83333333333559,0.6416666666654718,0.32791451651823966,1.1916666666656053
0.11912265277777781,evolving_q,True,2565.0,4.83333333333556,0.6416666666654879,0.32791451651823517,1.1916666666656193
0.11912265277777781,evolving_q,True,2567.5,4.8333333333355295,0.641666666665504,0.3279145165182307,1.1916666666656335
0.11912265277777781,evolving_q,True,2570.0,4.833333333335499,0.64166666666552,0.32791451651822623,1.1916666666656477
0.11912265277777781,evolving_q,True,2572.5,4.833333333335469,0.6416666666655361,0.32791451651822173,1.191666666665662
0.11912265277777781,evolving_q,True,2575.0,4.833333333335439,0.6416666666655522,0.3279145165182173,1.1916666666656759
0.11912265277777781,evolving_q,True,2577.5,4.833333333335409,0.6416666666655682,0.3279145165182128,1.19166666666569
0.11912265277777781,evolving_q,True,2580.0,4.8333333333353785,0.6416666666655843,0.3279145165182083,1.191666666665704
0.11912265277777781,evolving_q,True,2582.5,4.833333333335347,0.6416666666656002,0.32791451651820386,1.1916666666657192
0.11912265277777781,evolving_q,True,2585.0,4.833333333335317,0.6416666666656163,0.32791451651819936,1.1916666666657334
0.11912265277777781,evolving_q,True,2587.5,4.833333333335287,0.6416666666656324,0.3279145165181949,1.1916666666657476
0.11912265277777781,evolving_q,True,2590.0,4.833333333335257,0.6416666666656484,0.3279145165181904,1.1916666666657618
0.11912265277777781,evolving_q,True,2592.5,4.833333333335227,0.6416666666656645,0.32791451651818593,1.1916666666657758
0.11912265277777781,evolving_q,True,2595.0,4.833333333335196,0.6416666666656805,0.3279145165181815,1.19166666666579
0.11912265277777781,evolving_q,True,2597.5,4.833333333335166,0.6416666666656966,0.327914516518177,1.191666666665804
0.11912265277777781,evolving_q,True,2600.0,4.833333333335136,0.6416666666657127,0.3279145165181725,1.1916666666658182
0.11912265277777781,evolving_q,True,2602.5,4.833333333335106,0.6416666666657287,0.32791451651816805,1.1916666666658324
0.11912265277777781,evolving_q,True,2605.0,4.833333333335076,0.6416666666657448,0.32791451651816356,1.1916666666658466
0.11912265277777781,evolving_q,True,2607.5,4.8333333333350454,0.6416666666657609,0.3279145165181591,1.1916666666658606
0.11912265277777781,evolving_q,True,2610.0,4.833333333335015,0.6416666666657769,0.3279145165181546,1.1916666666658748
0.11912265277777781,evolving_q,True,2612.5,4.833333333334985,0.641666666665793,0.3279145165181501,1.1916666666658888
0.11912265277777781,evolving_q,True,2615.0,4.833333333334955,0.641666666665809,0.3279145165181457,1.191666666665903
0.11912265277777781,evolving_q,True,2617.5,4.833333333334925,0.6416666666658251,0.3279145165181412,1.1916666666659173
0.11912265277777781,evolving_q,True,2620.0,4.8333333333348945,0.6416666666658412,0.3279145165181367,1.1916666666659315
0.11912265277777781,evolving_q,True,2622.5,4.833333333334864,0.6416666666658571,0.32791451651813225,1.1916666666659457
0.11912265277777781,evolving_q,True,2625.0,4.833333333334834,0.6416666666658732,0.32791451651812775,1.1916666666659597
0.11912265277777781,evolving_q,True,2627.5,4.833333333334804,0.6416666666658892,0.3279145165181233,1.1916666666659739
0.11912265277777781,evolving_q,True,2630.0,4.833333333334774,0.6416666666659053,0.3279145165181188,1.1916666666659879
0.11912265277777781,evolving_q,True,2632.5,4.8333333333347435,0.6416666666659214,0.3279145165181143,1.191666666666002
0.11912265277777781,evolving_q,True,2635.0,4.833333333334712,0.6416666666659374,0.3279145165181099,1.1916666666660172
0.11912265277777781,evolving_q,True,2637.5,4.833333333334682,0.6416666666659535,0.3279145165181054,1.1916666666660314
0.11912265277777781,evolving_q,True,2640.0,4.833333333334652,0.6416666666659696,0.3279145165181009,1.1916666666660454
0.11912265277777781,evolving_q,True,2642.5,4.833333333334622,0.6416666666659856,0.32791451651809644,1.1916666666660596
0.11912265277777781,evolving_q,True,2645.0,4.833333333334592,0.6416666666660017,0.32791451651809195,1.1916666666660736
0.11912265277777781,evolving_q,True,2647.5,4.833333333334561,0.6416666666660177,0.3279145165180875,1.1916666666660878
0.11912265277777781,evolving_q,True,2650.0,4.833333333334531,0.6416666666660338,0.327914516518083,1.191666666666102
0.11912265277777781,evolving_q,True,2652.5,4.833333333334501,0.6416666666660499,0.3279145165180785,1.1916666666661162
0.11912265277777781,evolving_q,True,2655.0,4.833333333334471,0.6416666666660659,0.3279145165180741,1.1916666666661304
0.11912265277777781,evolving_q,True,2657.5,4.833333333334441,0.641666666666082,0.3279145165180696,1.1916666666661444
0.11912265277777781,evolving_q,True,2660.0,4.83333333333441,0.6416666666660981,0.3279145165180651,1.1916666666661584
0.11912265277777781,evolving_q,True,2662.5,4.83333333333438,0.641666666666114,0.32791451651806064,1.1916666666661726
0.11912265277777781,evolving_q,True,2665.0,4.83333333333435,0.6416666666661301,0.32791451651805614,1.1916666666661868
0.11912265277777781,evolving_q,True,2667.5,4.83333333333432,0.6416666666661461,0.3279145165180517,1.191666666666201
0.11912265277777781,evolving_q,True,2670.0,4.83333333333429,0.6416666666661622,0.3279145165180472,1.1916666666662152
0.11912265277777781,evolving_q,True,2672.5,4.833333333334259,0.6416666666661783,0.3279145165180427,1.1916666666662292
0.11912265277777781,evolving_q,True,2675.0,4.833333333334244,0.6416666666661862,0.32791451651804077,1.1916666666662366
0.11912265277777781,evolving_q,True,2677.5,4.833333333334238,0.6416666666661895,0.3279145165180402,1.1916666666662392
0.11912265277777781,evolving_q,True,2680.0,4.833333333334232,0.6416666666661928,0.3279145165180397,1.1916666666662423
0.11912265277777781,evolving_q,True,2682.5,4.833333333334226,0.641666666666196,0.32791451651803916,1.1916666666662454
0.11912265277777781,evolving_q,True,2685.0,4.833333333334219,0.6416666666661993,0.32791451651803866,1.191666666666248
0.11912265277777781,evolving_q,True,2687.5,4.833333333334213,0.6416666666662025,0.3279145165180381,1.1916666666662512
0.11912265277777781,evolving_q,True,2690.0,4.833333333334207,0.6416666666662058,0.32791451651803755,1.1916666666662543
0.11912265277777781,evolving_q,True,2692.5,4.833333333334201,0.641666666666209,0.32791451651803705,1.1916666666662572
0.11912265277777781,evolving_q,True,2695.0,4.833333333334195,0.6416666666662123,0.3279145165180365,1.19166666666626
0.11912265277777781,evolving_q,True,2697.5,4.833333333334188,0.6416666666662155,0.32791451651803594,1.1916666666662632
0.11912265277777781,evolving_q,True,2700.0,4.833333333334183,0.6416666666662187,0.32791451651803544,1.1916666666662652
0.11912265277777781,evolving_q,True,2702.5,4.833333333334177,0.6416666666662221,0.3279145165180349,1.191666666666268
0.11912265277777781,evolving_q,True,2705.0,4.833333333334171,0.6416666666662253,0.3279145165180344,1.1916666666662712
0.11912265277777781,evolving_q,True,2707.5,4.833333333334164,0.6416666666662285,0.3279145165180338,1.191666666666274
0.11912265277777781,evolving_q,True,2710.0,4.833333333334158,0.6416666666662317,0.32791451651803327,1.191666666666277
0.11912265277777781,evolving_q,True,2712.5,4.833333333334152,0.6416666666662351,0.3279145165180328,1.19166666666628
0.11912265277777781,evolving_q,True,2715.0,4.833333333334146,0.6416666666662383,0.3279145165180322,1.191666666666283
0.11912265277777781,evolving_q,True,2717.5,4.8333333333341395,0.6416666666662415,0.3279145165180317,1.1916666666662858
0.11912265277777781,evolving_q,True,2720.0,4.833333333334133,0.6416666666662448,0.32791451651803116,1.191666666666289
0.11912265277777781,evolving_q,True,2722.5,4.833333333334127,0.641666666666248,0.3279145165180306,1.1916666666662918
0.11912265277777781,evolving_q,True,2725.0,4.833333333334121,0.6416666666662513,0.3279145165180301,1.1916666666662947
0.11912265277777781,evolving_q,True,2727.5,4.833333333334115,0.6416666666662545,0.32791451651802955,1.1916666666662978
0.11912265277777781,evolving_q,True,2730.0,4.833333333334108,0.6416666666662578,0.32791451651802905,1.1916666666663007
0.11912265277777781,evolving_q,True,2732.5,4.833333333334102,0.641666666666261,0.3279145165180285,1.1916666666663036
0.11912265277777781,evolving_q,True,2735.0,4.833333333334096,0.6416666666662643,0.32791451651802794,1.1916666666663067
0.11912265277777781,evolving_q,True,2737.5,4.83333333333409,0.6416666666662676,0.32791451651802744,1.1916666666663096
0.11912265277777781,evolving_q,True,2740.0,4.833333333334084,0.6416666666662708,0.3279145165180269,1.1916666666663116
0.11912265277777781,evolving_q,True,2742.5,4.833333333334078,0.641666666666274,0.3279145165180264,1.1916666666663147
0.11912265277777781,evolving_q,True,2745.0,4.833333333334072,0.6416666666662773,0.32791451651802583,1.1916666666663178
0.11912265277777781,evolving_q,True,2747.5,4.833333333334066,0.6416666666662806,0.3279145165180253,1.1916666666663205
0.11912265277777781,evolving_q,True,2750.0,4.83333333333406,0.6416666666662838,0.3279145165180248,1.1916666666663236
0.11912265277777781,evolving_q,True,2752.5,4.833333333334053,0.641666666666287,0.3279145165180242,1.1916666666663267
0.11912265277777781,evolving_q,True,2755.0,4.833333333334047,0.6416666666662902,0.3279145165180237,1.1916666666663296
0.11912265277777781,evolving_q,True,2757.5,4.833333333334041,0.6416666666662936,0.32791451651802317,1.1916666666663325
0.11912265277777781,evolving_q,True,2760.0,4.833333333334035,0.6416666666662968,0.3279145165180226,1.1916666666663356
0.11912265277777781,evolving_q,True,2762.5,4.8333333333340285,0.6416666666663,0.3279145165180221,1.1916666666663385
0.11912265277777781,evolving_q,True,2765.0,4.833333333334022,0.6416666666663033,0.32791451651802156,1.1916666666663414
0.11912265277777781,evolving_q,True,2767.5,4.833333333334016,0.6416666666663066,0.327914516518021,1.1916666666663445
0.11912265277777781,evolving_q,True,2770.0,4.83333333333401,0.6416666666663098,0.3279145165180205,1.1916666666663474
0.11912265277777781,evolving_q,True,2772.5,4.833333333334004,0.641666666666313,0.32791451651801995,1.1916666666663502
0.11912265277777781,evolving_q,True,2775.0,4.833333333333997,0.6416666666663163,0.32791451651801945,1.1916666666663533
0.11912265277777781,evolving_q,True,2777.5,4.833333333333991,0.6416666666663196,0.3279145165180189,1.1916666666663562
0.11912265277777781,evolving_q,True,2780.0,4.833333333333986,0.6416666666663228,0.32791451651801834,1.1916666666663582
0.11912265277777781,evolving_q,True,2782.5,4.83333333333398,0.6416666666663261,0.32791451651801784,1.1916666666663613
0.11912265277777781,evolving_q,True,2785.0,4.833333333333973,0.6416666666663293,0.3279145165180173,1.1916666666663642
0.11912265277777781,evolving_q,True,2787.5,4.833333333333967,0.6416666666663325,0.3279145165180168,1.1916666666663671
0.11912265277777781,evolving_q,True,2790.0,4.833333333333961,0.6416666666663358,0.32791451651801623,1.1916666666663702
0.11912265277777781,evolving_q,True,2792.5,4.833333333333955,0.6416666666663391,0.3279145165180157,1.191666666666373
0.11912265277777781,evolving_q,True,2795.0,4.8333333333339485,0.6416666666663423,0.3279145165180152,1.191666666666376
0.11912265277777781,evolving_q,True,2797.5,4.833333333333942,0.6416666666663455,0.3279145165180146,1.191666666666379
0.11912265277777781,evolving_q,True,2800.0,4.833333333333936,0.6416666666663489,0.3279145165180141,1.191666666666382
0.11912265277777781,evolving_q,True,2802.5,4.83333333333393,0.6416666666663521,0.32791451651801357,1.1916666666663849
0.11912265277777781,evolving_q,True,2805.0,4.833333333333924,0.6416666666663553,0.327914516518013,1.191666666666388
0.11912265277777781,evolving_q,True,2807.5,4.8333333333339175,0.6416666666663585,0.3279145165180125,1.191666666666391
0.11912265277777781,evolving_q,True,2810.0,4.833333333333911,0.6416666666663619,0.32791451651801196,1.1916666666663938
0.11912265277777781,evolving_q,True,2812.5,4.833333333333905,0.6416666666663651,0.32791451651801146,1.1916666666663969
0.11912265277777781,evolving_q,True,2815.0,4.833333333333899,0.6416666666663683,0.3279145165180109,1.1916666666664
0.11912265277777781,evolving_q,True,2817.5,4.833333333333893,0.6416666666663715,0.32791451651801035,1.1916666666664029
0.11912265277777781,evolving_q,True,2820.0,4.833333333333887,0.6416666666663748,0.32791451651800985,1.1916666666664049
0.11912265277777781,evolving_q,True,2822.5,4.833333333333881,0.6416666666663781,0.3279145165180093,1.191666666666408
0.11912265277777781,evolving_q,True,2825.0,4.833333333333875,0.6416666666663813,0.3279145165180088,1.1916666666664109
0.11912265277777781,evolving_q,True,2827.5,4.833333333333869,0.6416666666663846,0.32791451651800824,1.1916666666664137
0.11912265277777781,evolving_q,True,2830.0,4.833333333333862,0.6416666666663878,0.3279145165180077,1.1916666666664169
0.11912265277777781,evolving_q,True,2832.5,4.833333333333856,0.641666666666391,0.3279145165180072,1.1916666666664197
0.11912265277777781,evolving_q,True,2835.0,4.83333333333385,0.6416666666663943,0.3279145165180066,1.1916666666664226
0.11912265277777781,evolving_q,True,2837.5,4.833333333333844,0.6416666666663976,0.32791451651800607,1.1916666666664257
0.11912265277777781,evolving_q,True,2840.0,4.8333333333338375,0.6416666666664008,0.32791451651800557,1.1916666666664286
0.11912265277777781,evolving_q,True,2842.5,4.833333333333831,0.641666666666404,0.327914516518005,1.1916666666664315
0.11912265277777781,evolving_q,True,2845.0,4.833333333333825,0.6416666666664074,0.3279145165180045,1.1916666666664346
0.11912265277777781,evolving_q,True,2847.5,4.833333333333819,0.6416666666664106,0.32791451651800396,1.1916666666664375
0.11912265277777781,evolving_q,True,2850.0,4.833333333333813,0.6416666666664138,0.3279145165180034,1.1916666666664404
0.11912265277777781,evolving_q,True,2852.5,4.833333333333806,0.641666666666417,0.3279145165180029,1.1916666666664435
0.11912265277777781,evolving_q,True,2855.0,4.8333333333338,0.6416666666664204,0.32791451651800235,1.1916666666664464
0.11912265277777781,evolving_q,True,2857.5,4.833333333333794,0.6416666666664236,0.32791451651800185,1.1916666666664493
0.11912265277777781,evolving_q,True,2860.0,4.833333333333789,0.6416666666664268,0.3279145165180013,1.1916666666664515
0.11912265277777781,evolving_q,True,2862.5,4.8333333333337825,0.6416666666664301,0.32791451651800074,1.1916666666664544
0.11912265277777781,evolving_q,True,2865.0,4.833333333333776,0.6416666666664333,0.32791451651800024,1.1916666666664573
0.11912265277777781,evolving_q,True,2867.5,4.83333333333377,0.6416666666664366,0.3279145165179997,1.1916666666664604
0.11912265277777781,evolving_q,True,2870.0,4.833333333333764,0.6416666666664398,0.3279145165179992,1.1916666666664635
0.11912265277777781,evolving_q,True,2872.5,4.833333333333758,0.6416666666664431,0.32791451651799863,1.1916666666664661
0.11912265277777781,evolving_q,True,2875.0,4.833333333333751,0.6416666666664463,0.3279145165179981,1.1916666666664693
0.11912265277777781,evolving_q,True,2877.5,4.833333333333745,0.6416666666664496,0.3279145165179976,1.1916666666664724
0.11912265277777781,evolving_q,True,2880.0,4.833333333333739,0.6416666666664529,0.327914516517997,1.191666666666475
0.11912265277777781,evolving_q,True,2882.5,4.833333333333733,0.6416666666664561,0.3279145165179965,1.1916666666664781
0.11912265277777781,evolving_q,True,2885.0,4.8333333333337265,0.6416666666664593,0.32791451651799597,1.1916666666664812
0.11912265277777781,evolving_q,True,2887.5,4.83333333333372,0.6416666666664625,0.3279145165179954,1.1916666666664841
0.11912265277777781,evolving_q,True,2890.0,4.833333333333714,0.6416666666664659,0.3279145165179949,1.191666666666487
0.11912265277777781,evolving_q,True,2892.5,4.833333333333708,0.6416666666664691,0.32791451651799436,1.1916666666664901
0.11912265277777781,evolving_q,True,2895.0,4.833333333333702,0.6416666666664723,0.32791451651799386,1.191666666666493
0.11912265277777781,evolving_q,True,2897.5,4.833333333333695,0.6416666666664755,0.3279145165179933,1.191666666666496
0.11912265277777781,evolving_q,True,2900.0,4.83333333333369,0.6416666666664789,0.32791451651799275,1.1916666666664981
0.11912265277777781,evolving_q,True,2902.5,4.833333333333684,0.6416666666664821,0.32791451651799225,1.191666666666501
0.11912265277777781,evolving_q,True,2905.0,4.833333333333678,0.6416666666664853,0.3279145165179917,1.191666666666504
0.11912265277777781,evolving_q,True,2907.5,4.833333333333671,0.6416666666664886,0.32791451651799114,1.191666666666507
0.11912265277777781,evolving_q,True,2910.0,4.833333333333665,0.6416666666664919,0.32791451651799064,1.1916666666665099
0.11912265277777781,evolving_q,True,2912.5,4.833333333333659,0.6416666666664951,0.3279145165179901,1.1916666666665128
0.11912265277777781,evolving_q,True,2915.0,4.833333333333653,0.6416666666664983,0.3279145165179896,1.1916666666665159
0.11912265277777781,evolving_q,True,2917.5,4.833333333333647,0.6416666666665016,0.32791451651798903,1.1916666666665188
0.11912265277777781,evolving_q,True,2920.0,4.83333333333364,0.6416666666665048,0.3279145165179885,1.1916666666665217
0.11912265277777781,evolving_q,True,2922.5,4.833333333333634,0.6416666666665081,0.327914516517988,1.1916666666665248
0.11912265277777781,evolving_q,True,2925.0,4.833333333333628,0.6416666666665114,0.3279145165179874,1.1916666666665277
0.11912265277777781,evolving_q,True,2927.5,4.833333333333622,0.6416666666665146,0.3279145165179869,1.1916666666665305
0.11912265277777781,evolving_q,True,2930.0,4.8333333333336155,0.6416666666665178,0.32791451651798637,1.1916666666665336
0.11912265277777781,evolving_q,True,2932.5,4.833333333333609,0.6416666666665211,0.3279145165179858,1.1916666666665368
0.11912265277777781,evolving_q,True,2935.0,4.833333333333603,0.6416666666665244,0.3279145165179853,1.1916666666665394
0.11912265277777781,evolving_q,True,2937.5,4.833333333333597,0.6416666666665276,0.32791451651798476,1.1916666666665425
0.11912265277777781,evolving_q,True,2940.0,4.8333333333335915,0.6416666666665308,0.32791451651798426,1.1916666666665447
0.11912265277777781,evolving_q,True,2942.5,4.833333333333585,0.6416666666665342,0.3279145165179837,1.1916666666665474
0.11912265277777781,evolving_q,True,2945.0,4.833333333333579,0.6416666666665374,0.32791451651798315,1.1916666666665505
0.11912265277777781,evolving_q,True,2947.5,4.833333333333573,0.6416666666665406,0.32791451651798265,1.1916666666665536
0.11912265277777781,evolving_q,True,2950.0,4.833333333333567,0.6416666666665438,0.3279145165179821,1.1916666666665565
0.11912265277777781,evolving_q,True,2952.5,4.83333333333356,0.6416666666665471,0.3279145165179816,1.1916666666665594
0.11912265277777781,evolving_q,True,2955.0,4.833333333333554,0.6416666666665504,0.32791451651798104,1.1916666666665625
0.11912265277777781,evolving_q,True,2957.5,4.833333333333548,0.6416666666665536,0.3279145165179805,1.1916666666665654
0.11912265277777781,evolving_q,True,2960.0,4.833333333333542,0.6416666666665569,0.32791451651798,1.1916666666665683
0.11912265277777781,evolving_q,True,2962.5,4.8333333333335355,0.6416666666665601,0.3279145165179794,1.1916666666665714
0.11912265277777781,evolving_q,True,2965.0,4.833333333333529,0.6416666666665634,0.3279145165179789,1.1916666666665743
0.11912265277777781,evolving_q,True,2967.5,4.833333333333523,0.6416666666665666,0.32791451651797837,1.1916666666665772
0.11912265277777781,evolving_q,True,2970.0,4.833333333333517,0.6416666666665699,0.3279145165179778,1.1916666666665803
0.11912265277777781,evolving_q,True,2972.5,4.833333333333511,0.6416666666665731,0.3279145165179773,1.1916666666665832
0.11912265277777781,evolving_q,True,2975.0,4.8333333333335045,0.6416666666665763,0.32791451651797676,1.191666666666586
0.11912265277777781,evolving_q,True,2977.5,4.833333333333498,0.6416666666665796,0.3279145165179762,1.1916666666665892
0.11912265277777781,evolving_q,True,2980.0,4.833333333333493,0.6416666666665829,0.3279145165179757,1.1916666666665912
0.11912265277777781,evolving_q,True,2982.5,4.833333333333487,0.6416666666665861,0.32791451651797515,1.191666666666594
0.11912265277777781,evolving_q,True,2985.0,4.8333333333334805,0.6416666666665893,0.32791451651797465,1.1916666666665972
0.11912265277777781,evolving_q,True,2987.5,4.833333333333474,0.6416666666665927,0.3279145165179741,1.1916666666666
0.11912265277777781,evolving_q,True,2990.0,4.833333333333468,0.6416666666665959,0.32791451651797354,1.191666666666603
0.11912265277777781,evolving_q,True,2992.5,4.833333333333462,0.6416666666665991,0.32791451651797304,1.191666666666606
0.11912265277777781,evolving_q,True,2995.0,4.833333333333456,0.6416666666666023,0.3279145165179725,1.1916666666666091
0.11912265277777781,evolving_q,True,2997.5,4.833333333333449,0.6416666666666057,0.327914516517972,1.1916666666666118
0.11912265277777781,evolving_q,True,3000.0,4.833333333333443,0.6416666666666089,0.32791451651797143,1.191666666666615
