stress,q_star,n_star,w_star,z_star,A1,A2,A3,A1A2_minus_A3,minimum_rh_margin,routh_hurwitz_stable,max_real_eigenvalue,eigenvalues_real,eigenvalues_imag,eigenvalue_stable
-0.11313887888888888,0.9999999710634194,4.833333333333334,0.6416666666666666,1.1916666666666664,3.3320278321134422,0.3721666670772441,4.652083195447233e-10,1.2400696924210666,4.652083195447233e-10,True,-1.2499999755605785e-09,-3.216315726;-0.115712105;-1.249999976e-09,0;0;0,True
-0.11279329557555555,0.9989999711212926,4.833333333333334,0.6416666666666666,1.1916666666666664,3.333905582004771,0.372180481959024,1.6061211177472262e-05,1.2407985251052387,1.6061211177472262e-05,True,-4.317105654234979e-05,-3.218260664;-0.1156017472;-4.317105654e-05,0;0;0,True
-0.11244771226222221,0.9979999711791657,4.833333333333334,0.6416666666666666,1.1916666666666664,3.3357833318961,0.37219354894096224,3.2089803501041124e-05,1.241524946993016,3.2089803501041124e-05,True,-8.628477862434435e-05,-3.220205753;-0.1154912939;-8.628477862e-05,0;0;0,True
-0.11210212894888888,0.9969999712370389,4.833333333333334,0.6416666666666666,1.1916666666666664,3.3376610817874286,0.3722058680230571,4.8086242179026047e-05,1.2422489538712866,4.8086242179026047e-05,True,-0.00012934260737373497,-3.222150994;-0.1153807452;-0.0001293426074,0;0;0,True
-0.11175654563555554,0.9959999712949121,4.833333333333334,0.6416666666666666,1.1916666666666664,3.339538831678757,0.3722174392053068,6.405052721142547e-05,1.2429705415269376,6.405052721142547e-05,True,-0.0001723447336951491,-3.224096386;-0.1152701013;-0.0001723447337,0;0;0,True
-0.11141096232222221,0.9949999713527852,4.833333333333334,0.6416666666666666,1.1916666666666664,3.341416581570086,0.3722282624877131,7.998265859824436e-05,1.2436897057468688,7.998265859824436e-05,True,-0.0002152913482732426,-3.226041928;-0.1151593622;-0.0002152913483,0;0;0,True
-0.11106537900888888,0.9939999714106584,4.833333333333334,0.6416666666666666,1.1916666666666664,3.343294331461415,0.37223833787027516,9.588263633947584e-05,1.2444064423179704,9.588263633947584e-05,True,-0.00025818264157580895,-3.227987621;-0.1150485279;-0.0002581826416,0;0;0,True
-0.11071979569555554,0.9929999714685316,4.833333333333334,0.6416666666666666,1.1916666666666664,3.345172081352743,0.37224766535299203,0.00011175046043512527,1.2451207470271326,0.00011175046043512527,True,-0.0003010188038570177,-3.229933464;-0.1149375987;-0.0003010188039,0;0;0,True
-0.11037421238222221,0.9919999715264046,4.833333333333334,0.6416666666666666,1.1916666666666664,3.347049831244072,0.3722562449358664,0.00012758613088519253,1.2458326156612585,0.00012758613088519253,True,-0.00034380002516054423,-3.231879457;-0.1148265745;-0.0003438000252,0;0;0,True
-0.11002862906888888,0.9909999715842779,4.833333333333334,0.6416666666666666,1.1916666666666664,3.3489275811354005,0.3722640766188974,0.00014338964768967227,1.2465420440072377,0.00014338964768967227,True,-0.000386526495322759,-3.233825599;-0.1147154556;-0.0003865264953,0;0;0,True
-0.10968304575555554,0.989999971642151,4.833333333333334,0.6416666666666666,1.1916666666666664,3.3508053310267294,0.3722711604020841,0.0001591610108485703,1.2472490278519612,0.0001591610108485703,True,-0.0004291984039759702,-3.235771891;-0.1146042418;-0.000429198404,0;0;0,True
-0.10933746244222221,0.9889999717000242,4.833333333333334,0.6416666666666666,1.1916666666666664,3.3526830809180574,0.3722774962854247,0.00017490022036188398,1.2479535629823166,0.00017490022036188398,True,-0.00047181594055158003,-3.237718331;-0.1144929335;-0.0004718159406,0;0;0,True
-0.10899187912888887,0.9879999717578973,4.833333333333334,0.6416666666666666,1.1916666666666664,3.3545608308093864,0.372283084268922,0.00019060727622961392,1.248655645185206,0.00019060727622961392,True,-0.0005143792942833265,-3.239664921;-0.1143815306;-0.0005143792943,0;0;0,True
-0.10864629581555554,0.9869999718157705,4.833333333333334,0.6416666666666666,1.1916666666666664,3.3564385807007158,0.37228792435257674,0.00020628217845176014,1.2493552702475261,0.00020628217845176014,True,-0.0005568886542105074,-3.241611659;-0.1142700332;-0.0005568886542,0;0;0,True
-0.10830071250222222,0.9859999718736436,4.833333333333334,0.6416666666666666,1.1916666666666664,3.358316330592044,0.3722920165363863,0.0002219249270283221,1.2500524339561612,0.0002219249270283221,True,-0.0005993442091812114,-3.243558545;-0.1141584415;-0.0005993442092,0;0;0,True
-0.10795512918888887,0.9849999719315169,4.833333333333334,0.6416666666666666,1.1916666666666664,3.3601940804833728,0.3722953608203534,0.0002375355219592989,1.2507471320980137,0.0002375355219592989,True,-0.0006417461478555676,-3.245505579;-0.1140467554;-0.0006417461479,0;0;0,True
-0.10760954587555555,0.9839999719893899,4.833333333333334,0.6416666666666666,1.1916666666666664,3.3620718303747013,0.37229795720447445,0.0002531139632446948,1.251439360459965,0.0002531139632446948,True,-0.0006840946587090196,-3.24745276;-0.1139349752;-0.0006840946587,0;0;0,True
-0.1072639625622222,0.9829999720472631,4.833333333333334,0.6416666666666666,1.1916666666666664,3.36394958026603,0.3722998056887521,0.0002686602508845055,1.2521291148289175,0.0002686602508845055,True,-0.00072638993003555,-3.249400089;-0.1138231009;-0.00072638993,0;0;0,True
-0.10691837924888888,0.9819999721051363,4.833333333333334,0.6416666666666666,1.1916666666666664,3.3658273301573587,0.37230090627318724,0.0002841743848787306,1.2528163909917682,0.0002841743848787306,True,-0.0007686321499509981,-3.251347565;-0.1137111325;-0.00076863215,0;0;0,True
-0.10657279593555555,0.9809999721630095,4.833333333333334,0.6416666666666666,1.1916666666666664,3.3677050800486876,0.3723012589577772,0.0002996563652273729,1.253501184735401,0.0002996563652273729,True,-0.0008108215063963504,-3.253295188;-0.1135990703;-0.0008108215064,0;0;0,True
-0.1062272126222222,0.9799999722208826,4.833333333333334,0.6416666666666666,1.1916666666666664,3.369582829940016,0.372300863742522,0.00031510619193043194,1.2541834918467092,0.00031510619193043194,True,-0.0008529581871410093,-3.255242958;-0.1134869141;-0.0008529581871,0;0;0,True
-0.10588162930888888,0.9789999722787558,4.833333333333334,0.6416666666666666,1.1916666666666664,3.3714605798313446,0.37229972062742434,0.0003305238649879068,1.2548633081125957,0.0003305238649879068,True,-0.0008950423797861344,-3.257190873;-0.1133746642;-0.0008950423798,0;0;0,True
-0.10553604599555555,0.9779999723366289,4.833333333333334,0.6416666666666666,1.1916666666666664,3.3733383297226736,0.37229782961248326,0.0003459093843997981,1.255540629319951,0.0003459093843997981,True,-0.0009370742717679498,-3.259138935;-0.1132623207;-0.0009370742718,0;0;0,True
-0.10519046268222221,0.9769999723945021,4.833333333333334,0.6416666666666666,1.1916666666666664,3.375216079614002,0.3722951906976961,0.00036126275016610474,1.2562154512556591,0.00036126275016610474,True,-0.0009790540503610873,-3.261087142;-0.1131498835;-0.0009790540504,0;0;0,True
-0.10484487936888888,0.9759999724523752,4.833333333333334,0.6416666666666666,1.1916666666666664,3.3770938295053305,0.3722918038830665,0.0003765839622868284,1.2568877697066256,0.0003765839622868284,True,-0.0010209819026819346,-3.263035495;-0.1130373529;-0.001020981903,0;0;0,True
-0.10449929605555554,0.9749999725102484,4.833333333333334,0.6416666666666666,1.1916666666666664,3.378971579396659,0.37228766916859257,0.0003918730207619675,1.257557580459738,0.0003918730207619675,True,-0.0010628580156919886,-3.264983993;-0.1129247288;-0.001062858016,0;0;0,True
-0.10415371274222221,0.9739999725681217,4.833333333333334,0.6416666666666666,1.1916666666666664,3.380849329287988,0.37228278655427527,0.0004071299255915219,1.2582248793018933,0.0004071299255915219,True,-0.0011046825762012285,-3.266932635;-0.1128120113;-0.001104682576,0;0;0,True
-0.10380812942888887,0.9729999726259947,4.833333333333334,0.6416666666666666,1.1916666666666664,3.3827270791793165,0.3722771560401137,0.000422354676775495,1.258889662019981,0.000422354676775495,True,-0.0011464557708715207,-3.268881423;-0.1126992007;-0.001146455771,0;0;0,True
-0.10346254611555554,0.971999972683868,4.833333333333334,0.6416666666666666,1.1916666666666664,3.384604829070646,0.3722707776261087,0.00043754727431388063,1.2595519244008981,0.00043754727431388063,True,-0.0011881777862199681,-3.270830354;-0.1125862968;-0.001188177786,0;0;0,True
-0.10311696280222221,0.9709999727417411,4.833333333333334,0.6416666666666666,1.1916666666666664,3.3864825789619735,0.3722636513122577,0.0004527077182066847,1.2602116622315287,0.0004527077182066847,True,-0.0012298488086223826,-3.27277943;-0.1124732999;-0.001229848809,0;0;0,True
-0.10277137948888887,0.9699999727996143,4.833333333333334,0.6416666666666666,1.1916666666666664,3.3883603288533024,0.37225577709856417,0.0004678360084539047,1.2608688712987786,0.0004678360084539047,True,-0.0012714690243166593,-3.27472865;-0.1123602099;-0.001271469024,0;0;0,True
-0.10242579617555554,0.9689999728574874,4.833333333333334,0.6416666666666666,1.1916666666666664,3.390238078744632,0.3722471549850255,0.0004829321450555409,1.2615235473895325,0.0004829321450555409,True,-0.0013130386194062395,-3.276678013;-0.112247027;-0.001313038619,0;0;0,True
-0.10208021286222221,0.9679999729153606,4.833333333333334,0.6416666666666666,1.1916666666666664,3.3921158286359603,0.3722377849716443,0.0004979961280115933,1.2621756862906919,0.0004979961280115933,True,-0.0013545577798635556,-3.27862752;-0.1121337513;-0.00135455778,0;0;0,True
-0.10173462954888887,0.9669999729732337,4.833333333333334,0.6416666666666666,1.1916666666666664,3.393993578527289,0.3722276670584179,0.0005130279573220614,1.262825283789142,0.0005130279573220614,True,-0.0013960266915334944,-3.280577169;-0.1120203828;-0.001396026692,0;0;0,True
-0.10138904623555554,0.9659999730311069,4.833333333333334,0.6416666666666666,1.1916666666666664,3.3958713284186173,0.3722168012453482,0.0005280276329869459,1.263472335671782,0.0005280276329869459,True,-0.0014374455401368795,-3.282526961;-0.1119069216;-0.00143744554,0;0;0,True
-0.10104346292222222,0.9649999730889801,4.833333333333334,0.6416666666666666,1.1916666666666664,3.397749078309946,0.3722051875324359,0.0005429951550062445,1.2641168377255085,0.0005429951550062445,True,-0.0014788145112739604,-3.284476896;-0.1117933678;-0.001478814511,0;0;0,True
-0.10069787960888887,0.9639999731468533,4.833333333333334,0.6416666666666666,1.1916666666666664,3.3996268282012747,0.3721928259196776,0.0005579305233799606,1.2647587857372027,0.0005579305233799606,True,-0.0015201337904279418,-3.286426973;-0.1116797215;-0.00152013379,0;0;0,True
-0.10035229629555555,0.9629999732047264,4.833333333333334,0.6416666666666666,1.1916666666666664,3.401504578092603,0.37217971640707415,0.0005728337381080937,1.2653981754937613,0.0005728337381080937,True,-0.0015614035629684755,-3.288377192;-0.1115659827;-0.001561403563,0;0;0,True
-0.1000067129822222,0.9619999732625995,4.833333333333334,0.6416666666666666,1.1916666666666664,3.403382327983932,0.37216585899462906,0.0005877047991906441,1.26603500278209,0.0005877047991906441,True,-0.0016026240141552217,-3.290327552;-0.1114521516;-0.001602624014,0;0;0,True
-0.09966112966888888,0.9609999733204727,4.833333333333334,0.6416666666666666,1.1916666666666664,3.4052600778752606,0.3721512536823397,0.0006025437066276076,1.2666692633890722,0.0006025437066276076,True,-0.0016437953291413847,-3.292278054;-0.1113382281;-0.001643795329,0;0;0,True
-0.09931554635555553,0.9599999733783459,4.833333333333334,0.6416666666666666,1.1916666666666664,3.4071378277665896,0.37213590047020695,0.000617350460418989,1.2673009531016057,0.000617350460418989,True,-0.0016849176929773196,-3.294228698;-0.1112242125;-0.001684917693,0;0;0,True
-0.0989699630422222,0.9589999734362191,4.833333333333334,0.6416666666666666,1.1916666666666664,3.409015577657918,0.37211979935822903,0.0006321250605647841,1.267930067706577,0.0006321250605647841,True,-0.0017259912906140728,-3.296179482;-0.1111101047;-0.001725991291,0;0;0,True
-0.09862437972888888,0.9579999734940922,4.833333333333334,0.6416666666666666,1.1916666666666664,3.410893327549247,0.37210295034640684,0.0006468675070649991,1.2685566029908828,0.0006468675070649991,True,-0.0017670163069070273,-3.298130406;-0.1109959048;-0.001767016307,0;0;0,True
-0.09827879641555554,0.9569999735519653,4.833333333333334,0.6416666666666666,1.1916666666666664,3.4127710774405755,0.37208535343474036,0.0006615777999196285,1.2691805547414166,0.0006615777999196285,True,-0.0018079929266194763,-3.300081472;-0.1108816129;-0.001807992927,0;0;0,True
-0.09793321310222221,0.9559999736098385,4.833333333333334,0.6416666666666666,1.1916666666666664,3.414648827331904,0.3720670086232314,0.0006762559391286737,1.2698019187450778,0.0006762559391286737,True,-0.001848921334426297,-3.302032677;-0.1107672291;-0.001848921334,0;0;0,True
-0.09758762978888888,0.9549999736677116,4.833333333333334,0.6416666666666666,1.1916666666666664,3.4165265772232334,0.37204791591187814,0.0006909019246921363,1.2704206907887543,0.0006909019246921363,True,-0.0018898017149175906,-3.303984022;-0.1106527535;-0.001889801715,0;0;0,True
-0.09724204647555554,0.9539999737255848,4.833333333333334,0.6416666666666666,1.1916666666666664,3.418404327114562,0.3720280753006806,0.0007055157566100132,1.2710368666593386,0.0007055157566100132,True,-0.001930634252602345,-3.305935507;-0.1105381861;-0.001930634253,0;0;0,True
-0.09689646316222221,0.952999973783458,4.833333333333334,0.6416666666666666,1.1916666666666664,3.4202820770058895,0.3720074867896379,0.0007200974348823056,1.2716504421437216,0.0007200974348823056,True,-0.0019714191319121287,-3.307887131;-0.110423527;-0.001971419132,0;0;0,True
-0.09655087984888888,0.9519999738413312,4.833333333333334,0.6416666666666666,1.1916666666666664,3.4221598268972184,0.3719861503787527,0.0007346469595090148,1.272261413028806,0.0007346469595090148,True,-0.0020121565372048073,-3.309838894;-0.1103087762;-0.002012156537,0;0;0,True
-0.09620529653555554,0.9509999738992043,4.833333333333334,0.6416666666666666,1.1916666666666664,3.424037576788548,0.3719640660680241,0.0007491643304901416,1.2728697751014824,0.0007491643304901416,True,-0.002052846652768244,-3.311790796;-0.1101939339;-0.002052846653,0;0;0,True
-0.09585971322222221,0.9499999739570775,4.833333333333334,0.6416666666666666,1.1916666666666664,3.4259153266798763,0.37194123385745037,0.0007636495478256835,1.2734755241486377,0.0007636495478256835,True,-0.0020934896628240583,-3.313742837;-0.1100790001;-0.002093489663,0;0;0,True
-0.09551412990888887,0.9489999740149506,4.833333333333334,0.6416666666666666,1.1916666666666664,3.4277930765712052,0.37191765374703323,0.0007781026115156427,1.2740786559571715,0.0007781026115156427,True,-0.0021340857515313783,-3.315695016;-0.109963975;-0.002134085752,0;0;0,True
-0.09516854659555554,0.9479999740728238,4.833333333333334,0.6416666666666666,1.1916666666666664,3.4296708264625333,0.37189332573677003,0.0007925235215600169,1.2746791663139683,0.0007925235215600169,True,-0.002174635102990628,-3.317647333;-0.1098488584;-0.002174635103,0;0;0,True
-0.0948229632822222,0.9469999741306969,4.833333333333334,0.6416666666666666,1.1916666666666664,3.4315485763538622,0.3718682498266661,0.0008069122779588069,1.2752770510059397,0.0008069122779588069,True,-0.0022151379012473197,-3.319599788;-0.1097336506;-0.002215137901,0;0;0,True
-0.09447737996888887,0.9459999741885702,4.833333333333334,0.6416666666666666,1.1916666666666664,3.4334263262451907,0.37184242601671524,0.0008212688807120117,1.2758723058199577,0.0008212688807120117,True,-0.002255594330295868,-3.32155238;-0.1096183516;-0.00225559433,0;0;0,True
-0.09413179665555554,0.9449999742464433,4.833333333333334,0.6416666666666666,1.1916666666666664,3.4353040761365197,0.37181585430692277,0.0008355933298196345,1.2764649265429344,0.0008355933298196345,True,-0.0022960045740834604,-3.32350511;-0.1095029615;-0.002296004574,0;0;0,True
-0.0937862133422222,0.9439999743043164,4.833333333333334,0.6416666666666666,1.1916666666666664,3.4371818260278477,0.37178853469728335,0.0008498856252816748,1.2770549089617445,0.0008498856252816748,True,-0.002336368816513867,-3.325457977;-0.1093874803;-0.002336368817,0;0;0,True
-0.09344063002888887,0.9429999743621895,4.833333333333334,0.6416666666666666,1.1916666666666664,3.4390595759191767,0.3717604671878023,0.0008641457670981302,1.2776422488633004,0.0008641457670981302,True,-0.002376687241451337,-3.327410981;-0.1092719081;-0.002376687241,0;0;0,True
-0.09309504671555555,0.9419999744200628,4.833333333333334,0.6416666666666666,1.1916666666666664,3.4409373258105056,0.371731651778477,0.0008783737552689993,1.2782269420344858,0.0008783737552689993,True,-0.00241696003272452,-3.329364121;-0.1091562449;-0.002416960033,0;0;0,True
-0.0927494634022222,0.9409999744779359,4.833333333333334,0.6416666666666666,1.1916666666666664,3.4428150757018345,0.3717020884693074,0.0008925695897942865,1.2788089842621944,0.0008925695897942865,True,-0.0024571873741303756,-3.331317397;-0.1090404909;-0.002457187374,0;0;0,True
-0.09240388008888888,0.9399999745358092,4.833333333333334,0.6416666666666666,1.1916666666666664,3.4446928255931626,0.37167177726029443,0.0009067332706739888,1.279388371333322,0.0009067332706739888,True,-0.0024973694494380993,-3.33327081;-0.1089246461;-0.002497369449,0;0;0,True
-0.09205829677555555,0.9389999745936822,4.833333333333334,0.6416666666666666,1.1916666666666664,3.446570575484491,0.3716407181514363,0.000920864797908109,1.279965099034757,0.000920864797908109,True,-0.0025375064423931158,-3.335224358;-0.1088087106;-0.002537506442,0;0;0,True
-0.0917127134622222,0.9379999746515554,4.833333333333334,0.6416666666666666,1.1916666666666664,3.4484483253758205,0.37160891114273564,0.0009349641714966447,1.2805391631534022,0.0009349641714966447,True,-0.0025775985367210213,-3.337178042;-0.1086926844;-0.002577598537,0;0;0,True
-0.09136713014888888,0.9369999747094285,4.833333333333334,0.6416666666666666,1.1916666666666664,3.450326075267149,0.37157635623418983,0.0009490313914395964,1.2811105594761407,0.0009490313914395964,True,-0.0026176459161316445,-3.339131862;-0.1085765676;-0.002617645916,0;0;0,True
-0.09102154683555554,0.9359999747673017,4.833333333333334,0.6416666666666666,1.1916666666666664,3.452203825158478,0.37154305342580063,0.0009630664577369636,1.2816792837898727,0.0009630664577369636,True,-0.002657648764323039,-3.341085816;-0.1084603603;-0.002657648764,0;0;0,True
-0.09067596352222221,0.9349999748251749,4.833333333333334,0.6416666666666666,1.1916666666666664,3.4540815750498055,0.37150900271756626,0.0009770693703887463,1.282245331881485,0.0009770693703887463,True,-0.0026976072649855564,-3.343039905;-0.1083440624;-0.002697607265,0;0;0,True
-0.09033038020888887,0.9339999748830481,4.833333333333334,0.6416666666666666,1.1916666666666664,3.455959324941135,0.3714742041094894,0.0009910401293949454,1.2828086995378813,0.0009910401293949454,True,-0.002737521601805928,-3.344994129;-0.1082276742;-0.002737521602,0;0;0,True
-0.08998479689555554,0.9329999749409211,4.833333333333334,0.6416666666666666,1.1916666666666664,3.457837074832464,0.37143865760156825,0.0010049787347555638,1.2833693825459485,0.0010049787347555638,True,-0.0027773919584713545,-3.346948487;-0.1081111956;-0.002777391958,0;0;0,True
-0.08963921358222221,0.9319999749987944,4.833333333333334,0.6416666666666666,1.1916666666666664,3.4597148247237923,0.3714023631938028,0.001018885186470594,1.2839273766925792,0.001018885186470594,True,-0.0028172185186736095,-3.348902979;-0.1079946267;-0.002817218519,0;0;0,True
-0.08929363026888887,0.9309999750566675,4.833333333333334,0.6416666666666666,1.1916666666666664,3.4615925746151213,0.3713653208861931,0.001032759484540043,1.2844826777646678,0.001032759484540043,True,-0.002857001466113261,-3.350857606;-0.1078779676;-0.002857001466,0;0;0,True
-0.08894804695555554,0.9299999751145407,4.833333333333334,0.6416666666666666,1.1916666666666664,3.4634703245064493,0.37132753067873914,0.0010466016289639062,1.2850352815491073,0.0010466016289639062,True,-0.002896740984503774,-3.352812365;-0.1077612183;-0.002896740985,0;0;0,True
-0.08860246364222221,0.928999975172414,4.833333333333334,0.6416666666666666,1.1916666666666664,3.4653480743977783,0.37128899257144354,0.001060411619742186,1.2855851838328007,0.001060411619742186,True,-0.0029364372575757334,-3.354767258;-0.107644379;-0.002936437258,0;0;0,True
-0.08825688032888887,0.927999975230287,4.833333333333334,0.6416666666666666,1.1916666666666664,3.4672258242891068,0.371249706564301,0.0010741894568748827,1.2861323804026228,0.0010741894568748827,True,-0.0029760904690811106,-3.356722284;-0.1075274495;-0.002976090469,0;0;0,True
-0.08791129701555554,0.9269999752881602,4.833333333333334,0.6416666666666666,1.1916666666666664,3.4691035741804357,0.37120967265731597,0.0010879351403619952,1.2866768670454822,0.0010879351403619952,True,-0.003015700802797432,-3.358677443;-0.1074104301;-0.003015700803,0;0;0,True
-0.08756571370222221,0.9259999753460334,4.833333333333334,0.6416666666666666,1.1916666666666664,3.4709813240717637,0.37116889085048665,0.0011016486702035237,1.2872186395482665,0.0011016486702035237,True,-0.003055268442532146,-3.360632735;-0.1072933207;-0.003055268443,0;0;0,True
-0.08722013038888887,0.9249999754039064,4.833333333333334,0.6416666666666666,1.1916666666666664,3.4728590739630927,0.3711273611438122,0.0011153300463994694,1.2877576936978663,0.0011153300463994694,True,-0.0030947935721268734,-3.362588159;-0.1071761215;-0.003094793572,0;0;0,True
-0.08687454707555553,0.9239999754617796,4.833333333333334,0.6416666666666666,1.1916666666666664,3.474736823854422,0.3710850835372952,0.0011289792689498322,1.2882940252811843,0.0011289792689498322,True,-0.003134276375461747,-3.364543715;-0.1070588324;-0.003134276375,0;0;0,True
-0.0865289637622222,0.9229999755196527,4.833333333333334,0.6416666666666666,1.1916666666666664,3.4766145737457506,0.3710420580309366,0.0011425963378546087,1.288827630085116,0.0011425963378546087,True,-0.0031737170364597913,-3.366499403;-0.1069414536;-0.003173717036,0;0;0,True
-0.08618338044888887,0.9219999755775259,4.833333333333334,0.6416666666666666,1.1916666666666664,3.478492323637079,0.3709982846247275,0.001156181253113802,1.289358503896525,0.001156181253113802,True,-0.0032131157390912946,-3.368455223;-0.106823985;-0.003213115739,0;0;0,True
-0.08583779713555553,0.9209999756353991,4.833333333333334,0.6416666666666666,1.1916666666666664,3.4803700735284075,0.3709537633186786,0.0011697340147274091,1.2898866425023414,0.0011697340147274091,True,-0.0032524726673782175,-3.370411174;-0.1067064268;-0.003252472667,0;0;0,True
-0.0854922138222222,0.9199999756932723,4.833333333333334,0.6416666666666666,1.1916666666666664,3.4822478234197365,0.37090849411278715,0.0011832546226954355,1.2904120416894496,0.0011832546226954355,True,-0.003291788005398678,-3.372367256;-0.1065887791;-0.003291788005,0;0;0,True
-0.08514663050888888,0.9189999757511454,4.833333333333334,0.6416666666666666,1.1916666666666664,3.484125573311065,0.3708624770070488,0.0011967430770178761,1.2909346972447275,0.0011967430770178761,True,-0.0033310619372913675,-3.37432347;-0.1064710417;-0.003331061937,0;0;0,True
-0.08480104719555553,0.9179999758090186,4.833333333333334,0.6416666666666666,1.1916666666666664,3.486003323202394,0.3708157120014679,0.0012101993776947346,1.2914546049550841,0.0012101993776947346,True,-0.0033702946472600965,-3.376279814;-0.1063532149;-0.003370294647,0;0;0,True
-0.0844554638822222,0.9169999758668917,4.833333333333334,0.6416666666666666,1.1916666666666664,3.4878810730937224,0.37076819909604186,0.001223623524726008,1.2919717606074033,0.001223623524726008,True,-0.0034094863195783154,-3.378236288;-0.1062352986;-0.00340948632,0;0;0,True
-0.08410988056888888,0.915999975924765,4.833333333333334,0.6416666666666666,1.1916666666666664,3.489758822985051,0.3707199382907742,0.0012370155181116974,1.2924861599885913,0.0012370155181116974,True,-0.003448637138593671,-3.380192893;-0.106117293;-0.003448637139,0;0;0,True
-0.08376429725555554,0.9149999759826382,4.833333333333334,0.6416666666666666,1.1916666666666664,3.49163657287638,0.3706709295856605,0.0012503753578518035,1.2929977988855257,0.0012503753578518035,True,-0.00348774728873263,-3.382149628;-0.105999198;-0.003487747289,0;0;0,True
-0.08341871394222221,0.9139999760405112,4.833333333333334,0.6416666666666666,1.1916666666666664,3.493514322767709,0.3706211729807034,0.0012637030439463265,1.2935066730851095,0.0012637030439463265,True,-0.003526816954505069,-3.384106492;-0.1058810137;-0.003526816955,0;0;0,True
-0.08307313062888887,0.9129999760983845,4.833333333333334,0.6416666666666666,1.1916666666666664,3.4953920726590373,0.3705706684759038,0.0012769985763952637,1.2940127783742392,0.0012769985763952637,True,-0.003565846320508933,-3.386063486;-0.1057627402;-0.003565846321,0;0;0,True
-0.08272754731555554,0.9119999761562576,4.833333333333334,0.6416666666666666,1.1916666666666664,3.4972698225503653,0.3705194160712564,0.0012902619551986164,1.294516110539789,0.0012902619551986164,True,-0.003604835571434986,-3.388020609;-0.1056443775;-0.003604835571,0;0;0,True
-0.0823819640022222,0.9109999762141306,4.833333333333334,0.6416666666666666,1.1916666666666664,3.4991475724416947,0.37046741576676734,0.001303493180356389,1.2950166653686757,0.001303493180356389,True,-0.003643784892071459,-3.389977862;-0.1055259257;-0.003643784892,0;0;0,True
-0.08203638068888887,0.9099999762720039,4.833333333333334,0.6416666666666666,1.1916666666666664,3.5010253223330228,0.370414667562434,0.0013166922518685746,1.2955144386477815,0.0013166922518685746,True,-0.003682694467308826,-3.391935243;-0.1054073847;-0.003682694467,0;0;0,True
-0.08169079737555554,0.9089999763298771,4.833333333333334,0.6416666666666666,1.1916666666666664,3.5029030722243517,0.3703611714582582,0.0013298591697351774,1.2960094261640072,0.0013298591697351774,True,-0.003721564482144642,-3.393892753;-0.1052887548;-0.003721564482,0;0;0,True
-0.0813452140622222,0.9079999763877502,4.833333333333334,0.6416666666666666,1.1916666666666664,3.5047808221156798,0.3703069274542363,0.001342993933956196,1.2965016237042335,0.001342993933956196,True,-0.0037603951216883054,-3.395850391;-0.1051700358;-0.003760395122,0;0;0,True
-0.08099963074888887,0.9069999764456235,4.833333333333334,0.6416666666666666,1.1916666666666664,3.5066585720070087,0.37025193555037106,0.0013560965445316292,1.2969910270553635,0.0013560965445316292,True,-0.003799186571165951,-3.397808158;-0.1050512279;-0.003799186571,0;0;0,True
-0.08065404743555554,0.9059999765034965,4.833333333333334,0.6416666666666666,1.1916666666666664,3.508536321898338,0.3701961957466615,0.001369167001461483,1.2974776320042876,0.001369167001461483,True,-0.003837939015925348,-3.399766052;-0.1049323311;-0.003837939016,0;0;0,True
-0.0803084641222222,0.9049999765613698,4.833333333333334,0.6416666666666666,1.1916666666666664,3.5104140717896666,0.37013970804310947,0.001382205304745748,1.2979614343379047,0.001382205304745748,True,-0.0038766526414407867,-3.401724074;-0.1048133455;-0.003876652641,0;0;0,True
-0.07996288080888887,0.9039999766192429,4.833333333333334,0.6416666666666666,1.1916666666666664,3.5122918216809955,0.37008247243971315,0.0013952114543844315,1.2984424298431025,0.0013952114543844315,True,-0.0039153276333181095,-3.403682223;-0.104694271;-0.003915327633,0;0;0,True
-0.07961729749555554,0.902999976677116,4.833333333333334,0.6416666666666666,1.1916666666666664,3.5141695715723236,0.3700244889364708,0.0014081854503775323,1.298920614306768,0.0014081854503775323,True,-0.003953964177299669,-3.4056405;-0.1045751077;-0.003953964177,0;0;0,True
-0.0792717141822222,0.9019999767349892,4.833333333333334,0.6416666666666666,1.1916666666666664,3.5160473214636525,0.3699657575333859,0.001421127292725047,1.2993959835158075,0.001421127292725047,True,-0.003992562459269353,-3.407598903;-0.1044558558;-0.003992562459,0;0;0,True
-0.07892613086888886,0.9009999767928624,4.833333333333334,0.6416666666666666,1.1916666666666664,3.517925071354981,0.36990627823045585,0.0014340369814269769,1.299868533257105,0.0014340369814269769,True,-0.0040311226652577385,-3.409557434;-0.1043365151;-0.004031122665,0;0;0,True
-0.07858054755555555,0.8999999768507356,4.833333333333334,0.6416666666666666,1.1916666666666664,3.51980282124631,0.3698460510276842,0.0014469145164833234,1.3003382593175663,0.0014469145164833234,True,-0.004069644981447103,-3.41151609;-0.1042170858;-0.004069644981,0;0;0,True
-0.0782349642422222,0.8989999769086088,4.833333333333334,0.6416666666666666,1.1916666666666664,3.521680571137638,0.3697850759250665,0.0014597598978940871,1.3008051574840689,0.0014597598978940871,True,-0.004108129594176682,-3.413474874;-0.1040975679;-0.004108129594,0;0;0,True
-0.07788938092888886,0.8979999769664818,4.833333333333334,0.6416666666666666,1.1916666666666664,3.523558321028967,0.3697233529226063,0.0014725731256592695,1.3012692235435195,0.0014725731256592695,True,-0.00414657668994779,-3.415433783;-0.1039779615;-0.00414657669,0;0;0,True
-0.07754379761555553,0.896999977024355,4.833333333333334,0.6416666666666666,1.1916666666666664,3.525436070920296,0.3696608820203,0.0014853541997788642,1.3017304532827987,0.0014853541997788642,True,-0.004184986455429075,-3.417392818;-0.1038582665;-0.004184986455,0;0;0,True
-0.0771982143022222,0.8959999770822282,4.833333333333334,0.6416666666666666,1.1916666666666664,3.5273138208116244,0.36959766321815124,0.0014981031202528758,1.3021888424888122,0.0014981031202528758,True,-0.004223359077461801,-3.419351979;-0.103738483;-0.004223359077,0;0;0,True
-0.07685263098888886,0.8949999771401013,4.833333333333334,0.6416666666666666,1.1916666666666664,3.5291915707029533,0.36953369651615997,0.0015108198870813047,1.3026443869484539,0.0015108198870813047,True,-0.004261694743065183,-3.421311265;-0.1036186111;-0.004261694743,0;0;0,True
-0.07650704767555554,0.8939999771979746,4.833333333333334,0.6416666666666666,1.1916666666666664,3.5310693205942814,0.36946898191432087,0.0015235045002641478,1.3030970824485977,0.0015235045002641478,True,-0.004299993639441674,-3.423270676;-0.1034986508;-0.004299993639,0;0;0,True
-0.07616146436222221,0.8929999772558477,4.833333333333334,0.6416666666666666,1.1916666666666664,3.5329470704856107,0.36940351941264016,0.0015361569598014086,1.3035469247761602,0.0015361569598014086,True,-0.004338255953982483,-3.425230212;-0.1033786021;-0.004338255954,0;0;0,True
-0.07581588104888887,0.8919999773137207,4.833333333333334,0.6416666666666666,1.1916666666666664,3.5348248203769397,0.36933730901111517,0.0015487772656930866,1.3039939097180244,0.0015487772656930866,True,-0.004376481874272889,-3.427189873;-0.1032584651;-0.004376481874,0;0;0,True
-0.07547029773555554,0.890999977371594,4.833333333333334,0.6416666666666666,1.1916666666666664,3.5367025702682673,0.3692703507097459,0.0015613654179391773,1.3044380330610836,0.0015613654179391773,True,-0.0044146715880977955,-3.429149659;-0.1031382398;-0.004414671588,0;0;0,True
-0.07512471442222221,0.8899999774294671,4.833333333333334,0.6416666666666666,1.1916666666666664,3.5385803201595967,0.36920264450853235,0.0015739214165396871,1.3048792905922324,0.0015739214165396871,True,-0.00445282528344727,-3.431109569;-0.1030179262;-0.004452825283,0;0;0,True
-0.07477913110888887,0.8889999774873402,4.833333333333334,0.6416666666666666,1.1916666666666664,3.540458070050925,0.3691341904074772,0.0015864452614946139,1.3053176780983728,0.0015864452614946139,True,-0.004490943148522102,-3.433069603;-0.1028975244;-0.004490943149,0;0;0,True
-0.07443354779555553,0.8879999775452134,4.833333333333334,0.6416666666666666,1.1916666666666664,3.542335819942254,0.369064988406576,0.0015989369528039536,1.305753191366383,0.0015989369528039536,True,-0.004529025371739388,-3.43502976;-0.1027770344;-0.004529025372,0;0;0,True
-0.07408796448222221,0.8869999776030866,4.833333333333334,0.6416666666666666,1.1916666666666664,3.5442135698335826,0.36899503850583226,0.0016113964904677105,1.3061858261831683,0.0016113964904677105,True,-0.004567072141738286,-3.436990042;-0.1026564562;-0.004567072142,0;0;0,True
-0.07374238116888887,0.8859999776609598,4.833333333333334,0.6416666666666666,1.1916666666666664,3.546091319724911,0.3689243407052425,0.0016238238744858825,1.3066155783356102,0.0016238238744858825,True,-0.004605083647385626,-3.438950446;-0.1025357899;-0.004605083647,0;0;0,True
-0.07339679785555553,0.884999977718833,4.833333333333334,0.6416666666666666,1.1916666666666664,3.5479690696162396,0.36885289500480845,0.001636219104858471,1.3070424436106083,0.001636219104858471,True,-0.004643060077781758,-3.440910974;-0.1024150355;-0.004643060078,0;0;0,True
-0.0730512145422222,0.883999977776706,4.833333333333334,0.6416666666666666,1.1916666666666664,3.5498468195075685,0.3687807014045319,0.0016485821815854782,1.3074664177950623,0.0016485821815854782,True,-0.004681001622266303,-3.442871625;-0.102294193;-0.004681001622,0;0;0,True
-0.07270563122888887,0.8829999778345794,4.833333333333334,0.6416666666666666,1.1916666666666664,3.551724569398897,0.36870775990441285,0.001660913104666896,1.3078874966758656,0.001660913104666896,True,-0.004718908470424022,-3.444832398;-0.1021732625;-0.00471890847,0;0;0,True
-0.07236004791555553,0.8819999778924524,4.833333333333334,0.6416666666666666,1.1916666666666664,3.553602319290226,0.36863407050444774,0.001673211874102736,1.3083056760398994,0.001673211874102736,True,-0.004756780812090776,-3.446793295;-0.102052244;-0.004756780812,0;0;0,True
-0.0720144646022222,0.8809999779503256,4.833333333333334,0.6416666666666666,1.1916666666666664,3.555480069181554,0.36855963320463747,0.0016854784898929901,1.3087209516740597,0.0016854784898929901,True,-0.004794618837359382,-3.448754313;-0.1019311374;-0.004794618837,0;0;0,True
-0.07166888128888887,0.8799999780081988,4.833333333333334,0.6416666666666666,1.1916666666666664,3.557357819072883,0.3684844480049847,0.0016977129520376576,1.30913331936525,0.0016977129520376576,True,-0.004832422736585712,-3.450715453;-0.101809943;-0.004832422737,0;0;0,True
-0.07132329797555553,0.8789999780660719,4.833333333333334,0.6416666666666666,1.1916666666666664,3.559235568964212,0.36840851490548854,0.0017099152605367447,1.30954277490036,0.0017099152605367447,True,-0.004870192700394735,-3.452676716;-0.1016886606;-0.0048701927,0;0;0,True
-0.0709777146622222,0.8779999781239449,4.833333333333334,0.6416666666666666,1.1916666666666664,3.561113318855541,0.3683318339061472,0.0017220854153902508,1.3099493140662775,0.0017220854153902508,True,-0.004907928919686579,-3.4546381;-0.1015672903;-0.00490792892,0;0;0,True
-0.07063213134888888,0.8769999781818183,4.833333333333334,0.6416666666666666,1.1916666666666664,3.5629910687468693,0.36825440500696427,0.001734223416598164,1.310352932649908,0.001734223416598164,True,-0.004945631585642735,-3.456599605;-0.1014458321;-0.004945631586,0;0;0,True
-0.07028654803555553,0.8759999782396913,4.833333333333334,0.6416666666666666,1.1916666666666664,3.564868818638198,0.3681762282079335,0.0017463292641605001,1.310753626438123,0.0017463292641605001,True,-0.004983300889732319,-3.458561232;-0.101324286;-0.00498330089,0;0;0,True
-0.0699409647222222,0.8749999782975646,4.833333333333334,0.6416666666666666,1.1916666666666664,3.5667465685295263,0.3680973035090611,0.0017584029580772495,1.311151391217838,0.0017584029580772495,True,-0.0050209370237182345,-3.460522979;-0.1012026522;-0.005020937024,0;0;0,True
-0.06959538140888888,0.8739999783554377,4.833333333333334,0.6416666666666666,1.1916666666666664,3.5686243184208553,0.36801763091034534,0.0017704444983484154,1.3115462227759407,0.0017704444983484154,True,-0.005058540179663618,-3.462484848;-0.1010809305;-0.00505854018,0;0;0,True
-0.06924979809555554,0.8729999784133108,4.833333333333334,0.6416666666666666,1.1916666666666664,3.570502068312184,0.3679372104117835,0.0017824538849740001,1.3119381168993143,0.0017824538849740001,True,-0.0050961105499381645,-3.464446837;-0.100959121;-0.00509611055,0;0;0,True
-0.0689042147822222,0.871999978471184,4.833333333333334,0.6416666666666666,1.1916666666666664,3.5723798182035127,0.3678560420133792,0.0017944311179539983,1.3123270693748652,0.0017944311179539983,True,-0.005133648327224549,-3.466408946;-0.1008372238;-0.005133648327,0;0;0,True
-0.06855863146888887,0.8709999785290572,4.833333333333334,0.6416666666666666,1.1916666666666664,3.574257568094841,0.3677741257151297,0.001806376197288412,1.3127130759894774,0.001806376197288412,True,-0.005171153704525003,-3.468371176;-0.1007152388;-0.005171153705,0;0;0,True
-0.06821304815555554,0.8699999785869303,4.833333333333334,0.6416666666666666,1.1916666666666664,3.57613531798617,0.3676914615170377,0.001818289122977243,1.313096132530054,0.001818289122977243,True,-0.0052086268751677985,-3.470333525;-0.1005931661;-0.005208626875,0;0;0,True
-0.0678674648422222,0.8689999786448036,4.833333333333334,0.6416666666666666,1.1916666666666664,3.5780130678774986,0.3676080494191014,0.0018301698950204898,1.3134762347834816,0.0018301698950204898,True,-0.005246068032813908,-3.472295994;-0.1004710057;-0.005246068033,0;0;0,True
-0.06752188152888887,0.8679999787026766,4.833333333333334,0.6416666666666666,1.1916666666666664,3.5798908177688276,0.36752388942132175,0.0018420185134181532,1.3138533785366575,0.0018420185134181532,True,-0.005283477371463692,-3.474258583;-0.1003487576;-0.005283477371,0;0;0,True
-0.06717629821555554,0.8669999787605498,4.833333333333334,0.6416666666666666,1.1916666666666664,3.5817685676601556,0.36743898152369425,0.0018538349781702314,1.3142275595764585,0.0018538349781702314,True,-0.005320855085463579,-3.476221291;-0.1002264218;-0.005320855085,0;0;0,True
-0.0668307149022222,0.865999978818423,4.833333333333334,0.6416666666666666,1.1916666666666664,3.5836463175514846,0.3673533257262269,0.0018656192892767271,1.3145987736898075,0.0018656192892767271,True,-0.005358201369512949,-3.478184118;-0.1001039984;-0.00535820137,0;0;0,True
-0.06648513158888887,0.8649999788762961,4.833333333333334,0.6416666666666666,1.1916666666666664,3.585524067442813,0.36726692202891353,0.0018773714467376394,1.3149670166635747,0.0018773714467376394,True,-0.0053955164186709585,-3.480147064;-0.09998148736;-0.005395516419,0;0;0,True
-0.06613954827555554,0.8639999789341695,4.833333333333334,0.6416666666666666,1.1916666666666664,3.587401817334142,0.36717977043175853,0.0018890914505529652,1.3153322842846706,0.0018890914505529652,True,-0.005432800428363443,-3.482110128;-0.09985888867;-0.005432800428,0;0;0,True
-0.0657939649622222,0.8629999789920425,4.833333333333334,0.6416666666666666,1.1916666666666664,3.5892795672254705,0.3670918709347566,0.001900779300722712,1.3156945723399687,0.001900779300722712,True,-0.005470053594389999,-3.484073311;-0.09973620236;-0.005470053594,0;0;0,True
-0.06544838164888886,0.8619999790499155,4.833333333333334,0.6416666666666666,1.1916666666666664,3.5911573171167994,0.36700322353791215,0.0019124349972468712,1.3160538766163787,0.0019124349972468712,True,-0.005507276112930933,-3.486036613;-0.09961342846;-0.005507276113,0;0;0,True
-0.06510279833555553,0.8609999791077889,4.833333333333334,0.6416666666666666,1.1916666666666664,3.593035067008128,0.3669138282412234,0.0019240585401254456,1.3164101929007874,0.0019240585401254456,True,-0.005544468180554471,-3.488000032;-0.09949056697;-0.005544468181,0;0;0,True
-0.0647572150222222,0.859999979165662,4.833333333333334,0.6416666666666666,1.1916666666666664,3.594912816899457,0.3668236850446913,0.0019356499293584379,1.316763516980092,0.0019356499293584379,True,-0.005581629994223944,-3.489963569;-0.09936761791;-0.005581629994,0;0;0,True
-0.06441163170888886,0.858999979223535,4.833333333333334,0.6416666666666666,1.1916666666666664,3.5967905667907853,0.36673279394831404,0.0019472091649458474,1.3171138446411788,0.0019472091649458474,True,-0.005618761751305017,-3.491927224;-0.09924458128;-0.005618761751,0;0;0,True
-0.06406604839555553,0.8579999792814084,4.833333333333334,0.6416666666666666,1.1916666666666664,3.5986683166821134,0.3666411549520934,0.001958736246887669,1.3174611716709481,0.001958736246887669,True,-0.00565586364957303,-3.493890996;-0.09912145709;-0.00565586365,0;0;0,True
-0.0637204650822222,0.8569999793392814,4.833333333333334,0.6416666666666666,1.1916666666666664,3.600546066573443,0.3665487680560293,0.001970231175183912,1.3178054938562938,0.001970231175183912,True,-0.005692935887220482,-3.495854885;-0.09899824535;-0.005692935887,0;0;0,True
-0.06337488176888886,0.8559999793971546,4.833333333333334,0.6416666666666666,1.1916666666666664,3.6024238164647713,0.366455633260121,0.0019816939498345696,1.3181468069841051,0.0019816939498345696,True,-0.005729978662864357,-3.497818892;-0.09887494608;-0.005729978663,0;0;0,True
-0.06302929845555554,0.8549999794550278,4.833333333333334,0.6416666666666666,1.1916666666666664,3.6043015663561,0.36636175056436837,0.001993124570839639,1.3184851068412762,0.001993124570839639,True,-0.0057669921755538305,-3.499783015;-0.09875155927;-0.005766992176,0;0;0,True
-0.06268371514222221,0.853999979512901,4.833333333333334,0.6416666666666666,1.1916666666666664,3.6061793162474287,0.3662671199687706,0.00200452303819913,1.318820389214697,0.00200452303819913,True,-0.005803976624777796,-3.501747255;-0.09862808494;-0.005803976625,0;0;0,True
-0.062338131828888865,0.8529999795707742,4.833333333333334,0.6416666666666666,1.1916666666666664,3.608057066138757,0.3661717414733303,0.002015889351913031,1.3191526498912705,0.002015889351913031,True,-0.005840932210472588,-3.503711611;-0.09850452308;-0.00584093221,0;0;0,True
-0.06199254851555554,0.8519999796286473,4.833333333333334,0.6416666666666666,1.1916666666666664,3.609934816030086,0.36607561507804665,0.0020272235119813556,1.3194818846578875,0.0020272235119813556,True,-0.005877859133029805,-3.505676083;-0.0983808737;-0.005877859133,0;0;0,True
-0.0616469652022222,0.8509999796865204,4.833333333333334,0.6416666666666666,1.1916666666666664,3.611812565921415,0.3659787407829187,0.0020385255184040903,1.319808089301438,0.0020385255184040903,True,-0.005914757593304044,-3.507640672;-0.09825713681;-0.005914757593,0;0;0,True
-0.06130138188888887,0.8499999797443937,4.833333333333334,0.6416666666666666,1.1916666666666664,3.6136903158127436,0.36588111858794736,0.0020497953711812434,1.3201312596088182,0.0020497953711812434,True,-0.00595162779262097,-3.509605376;-0.09813331241;-0.005951627793,0;0;0,True
-0.06095579857555553,0.8489999798022667,4.833333333333334,0.6416666666666666,1.1916666666666664,3.6155680657040716,0.3657827484931291,0.0020610330703128106,1.320451391366909,0.0020610330703128106,True,-0.005988469932785274,-3.511570195;-0.09800940049;-0.005988469933,0;0;0,True
-0.0606102152622222,0.84799997986014,4.833333333333334,0.6416666666666666,1.1916666666666664,3.6174458155954006,0.3656836304984692,0.0020722386157987975,1.3207684803626232,0.0020722386157987975,True,-0.00602528421608869,-3.51353513;-0.09788540106;-0.006025284216,0;0;0,True
-0.06026463194888887,0.8469999799180131,4.833333333333334,0.6416666666666666,1.1916666666666664,3.619323565486729,0.365583764603965,0.002083412007639199,1.3210825223828446,0.002083412007639199,True,-0.006062070845318307,-3.515500181;-0.09776131412;-0.006062070845,0;0;0,True
-0.059919048635555534,0.8459999799758862,4.833333333333334,0.6416666666666666,1.1916666666666664,3.6212013153780584,0.3654831508096166,0.002094553245834018,1.3213935132144667,0.002094553245834018,True,-0.006098830023764717,-3.517465346;-0.09763713967;-0.006098830024,0;0;0,True
-0.0595734653222222,0.8449999800337593,4.833333333333334,0.6416666666666666,1.1916666666666664,3.623079065269387,0.3653817891154221,0.002105662330383252,1.3217014486443763,0.002105662330383252,True,-0.006135561955230409,-3.519430626;-0.0975128777;-0.006135561955,0;0;0,True
-0.059227882008888864,0.8439999800916326,4.833333333333334,0.6416666666666666,1.1916666666666664,3.624956815160715,0.36527967952138596,0.002116739261286901,1.322006324459483,0.002116739261286901,True,-0.0061722668440381614,-3.52139602;-0.09738852821;-0.006172266844,0;0;0,True
-0.058882298695555536,0.8429999801495056,4.833333333333334,0.6416666666666666,1.1916666666666664,3.6268345650520444,0.36517682202750645,0.002127784038544967,1.3223081364466742,0.002127784038544967,True,-0.00620894489503961,-3.523361529;-0.0972640912;-0.006208944895,0;0;0,True
-0.0585367153822222,0.841999980207379,4.833333333333334,0.6416666666666666,1.1916666666666664,3.628712314943373,0.36507321663378356,0.0021387966621574457,1.3226068803928426,0.0021387966621574457,True,-0.006245596313623782,-3.525327152;-0.09713956665;-0.006245596314,0;0;0,True
-0.058191132068888866,0.840999980265252,4.833333333333334,0.6416666666666666,1.1916666666666664,3.630590064834702,0.3649688633402146,0.002149777132124347,1.3229025520848727,0.002149777132124347,True,-0.00628222130572588,-3.527292889;-0.09701495457;-0.006282221306,0;0;0,True
-0.05784554875555553,0.8399999803231252,4.833333333333334,0.6416666666666666,1.1916666666666664,3.63246781472603,0.3648637621468014,0.0021607254484456617,1.323195147309664,0.0021607254484456617,True,-0.006318820077835952,-3.52925874;-0.09689025495;-0.006318820078,0;0;0,True
-0.057499965442222196,0.8389999803809984,4.833333333333334,0.6416666666666666,1.1916666666666664,3.634345564617359,0.36475791305354477,0.0021716416111213915,1.3234846618541132,0.0021716416111213915,True,-0.006355392837007857,-3.531224704;-0.09676546778;-0.006355392837,0;0;0,True
-0.05715438212888887,0.8379999804388715,4.833333333333334,0.6416666666666666,1.1916666666666664,3.6362233145086873,0.3646513160604439,0.002182525620151539,1.3237710915051106,0.002182525620151539,True,-0.006391939790868213,-3.533190782;-0.09664059304;-0.006391939791,0;0;0,True
-0.05680879881555553,0.8369999804967446,4.833333333333334,0.6416666666666666,1.1916666666666664,3.6381010644000162,0.3645439711675005,0.0021933774755361003,1.3240544320495562,0.0021933774755361003,True,-0.006428461147625417,-3.535156973;-0.09651563073;-0.006428461148,0;0;0,True
-0.0564632155022222,0.8359999805546179,4.833333333333334,0.6416666666666666,1.1916666666666664,3.6399788142913443,0.36443587837471014,0.002204197177275078,1.324334679274327,0.002204197177275078,True,-0.0064649571160788665,-3.537123276;-0.09639058084;-0.006464957116,0;0;0,True
-0.056117632188888864,0.834999980612491,4.833333333333334,0.6416666666666666,1.1916666666666664,3.6418565641826732,0.36432703768207997,0.0022149847253684738,1.3246118289663427,0.0022149847253684738,True,-0.0065014279056282145,-3.539089693;-0.09626544335;-0.006501427906,0;0;0,True
-0.055772048875555535,0.8339999806703643,4.833333333333334,0.6416666666666666,1.1916666666666664,3.643734314074002,0.36421744908960374,0.0022257401198162823,1.3248858769124738,0.0022257401198162823,True,-0.006537873726282651,-3.541056222;-0.09614021825;-0.006537873726,0;0;0,True
-0.0554264655622222,0.8329999807282373,4.833333333333334,0.6416666666666666,1.1916666666666664,3.6456120639653307,0.36410711259728235,0.002236463360618511,1.325156818899617,0.002236463360618511,True,-0.006574294788670497,-3.543022864;-0.09601490553;-0.006574294789,0;0;0,True
-0.055080882248888866,0.8319999807861104,4.833333333333334,0.6416666666666666,1.1916666666666664,3.6474898138566596,0.36399602820511756,0.0022471544477751563,1.3254246507146725,0.0022471544477751563,True,-0.006610691304048633,-3.544989617;-0.09588950517;-0.006610691304,0;0;0,True
-0.05473529893555553,0.8309999808439837,4.833333333333334,0.6416666666666666,1.1916666666666664,3.6493675637479877,0.3638841959131103,0.002257813381286212,1.3256893681445363,0.002257813381286212,True,-0.006647063484312213,-3.546956483;-0.09576401715;-0.006647063484,0;0;0,True
-0.0543897156222222,0.8299999809018568,4.833333333333334,0.6416666666666666,1.1916666666666664,3.651245313639317,0.3637716157212578,0.002268440161151688,1.3259509669760934,0.002268440161151688,True,-0.006683411542004524,-3.548923461;-0.09563844146;-0.006683411542,0;0;0,True
-0.05404413230888887,0.82899998095973,4.833333333333334,0.6416666666666666,1.1916666666666664,3.653123063530645,0.363658287629562,0.002279034787371579,1.3262094429962423,0.002279034787371579,True,-0.0067197356903267134,-3.55089055;-0.09551277807;-0.00671973569,0;0;0,True
-0.05369854899555553,0.8279999810176032,4.833333333333334,0.6416666666666666,1.1916666666666664,3.655000813421974,0.36354421163802186,0.0022895972599458877,1.3264647919918742,0.0022895972599458877,True,-0.006756036143147898,-3.55285775;-0.09538702697;-0.006756036143,0;0;0,True
-0.0533529656822222,0.8269999810754762,4.833333333333334,0.6416666666666666,1.1916666666666664,3.656878563313303,0.3634293877466366,0.0023001275788746135,1.326717009749879,0.0023001275788746135,True,-0.006792313115015203,-3.554825062;-0.09526118814;-0.006792313115,0;0;0,True
-0.05300738236888886,0.8259999811333494,4.833333333333334,0.6416666666666666,1.1916666666666664,3.6587563132046315,0.3633138159554079,0.002310625744157752,1.3269660920571564,0.002310625744157752,True,-0.0068285668211639705,-3.556792485;-0.09513526155;-0.006828566821,0;0;0,True
-0.052661799055555535,0.8249999811912226,4.833333333333334,0.6416666666666666,1.1916666666666664,3.6606340630959604,0.3631974962643367,0.002321091755795308,1.3272120347006036,0.002321091755795308,True,-0.006864797477528141,-3.558760018;-0.09500924717;-0.006864797478,0;0;0,True
-0.0523162157422222,0.8239999812490958,4.833333333333334,0.6416666666666666,1.1916666666666664,3.662511812987289,0.3630804286734213,0.0023315256137872806,1.327454833467107,0.0023315256137872806,True,-0.0069010053007506405,-3.560727663;-0.094883145;-0.006901005301,0;0;0,True
-0.051970632428888865,0.822999981306969,4.833333333333334,0.6416666666666666,1.1916666666666664,3.6643895628786174,0.36296261318266154,0.0023419273181336676,1.32769448414356,0.0023419273181336676,True,-0.006937190508193965,-3.562695417;-0.09475695499;-0.006937190508,0;0;0,True
-0.05162504911555553,0.8219999813648421,4.833333333333334,0.6416666666666666,1.1916666666666664,3.666267312769946,0.36284404979205487,0.002352296868834472,1.3279309825168468,0.002352296868834472,True,-0.0069733533179508625,-3.564663282;-0.09463067712;-0.006973353318,0;0;0,True
-0.0512794658022222,0.8209999814227152,4.833333333333334,0.6416666666666666,1.1916666666666664,3.668145062661275,0.36272473850160747,0.002362634265889692,1.3281643243738837,0.002362634265889692,True,-0.007009493948855087,-3.566631257;-0.09450431137;-0.007009493949,0;0;0,True
-0.05093388248888887,0.8199999814805885,4.833333333333334,0.6416666666666666,1.1916666666666664,3.6700228125526033,0.3626046793113158,0.002372939509299328,1.3283945055015507,0.002372939509299328,True,-0.0070456126204923725,-3.568599342;-0.0943778577;-0.00704561262,0;0;0,True
-0.05058829917555553,0.8189999815384615,4.833333333333334,0.6416666666666666,1.1916666666666664,3.6719005624439323,0.3624838722211807,0.002383212599063382,1.3286215216867445,0.002383212599063382,True,-0.0070817095532115125,-3.570567537;-0.09425131609;-0.007081709553,0;0;0,True
-0.050242715862222204,0.8179999815963348,4.833333333333334,0.6416666666666666,1.1916666666666664,3.6737783123352603,0.3623623172311987,0.0023934535351818496,1.3288453687163455,0.0023934535351818496,True,-0.007117784968135401,-3.572535841;-0.0941246865;-0.007117784968,0;0;0,True
-0.04989713254888886,0.816999981654208,4.833333333333334,0.6416666666666666,1.1916666666666664,3.6756560622265892,0.3622400143413751,0.0024036623176547354,1.3290660423772673,0.0024036623176547354,True,-0.007153839087172489,-3.574504254;-0.09399796891;-0.007153839087,0;0;0,True
-0.049551549235555534,0.8159999817120811,4.833333333333334,0.6416666666666666,1.1916666666666664,3.677533812117918,0.3621169635517081,0.0024138389464820336,1.3292835384563961,0.0024138389464820336,True,-0.007189872133028157,-3.576472777;-0.09387116327;-0.007189872133,0;0;0,True
-0.04920596592222219,0.8149999817699543,4.833333333333334,0.6416666666666666,1.1916666666666664,3.6794115620092467,0.3619931648621959,0.002423983421663752,1.3294978527406192,0.002423983421663752,True,-0.007225884329216227,-3.578441408;-0.09374426955;-0.007225884329,0;0;0,True
-0.048860382608888864,0.8139999818278274,4.833333333333334,0.6416666666666666,1.1916666666666664,3.681289311900576,0.36186861827283945,0.0024340957431998865,1.3297089810168334,0.0024340957431998865,True,-0.00726187590007078,-3.580410148;-0.09361728771;-0.0072618759,0;0;0,True
-0.048514799295555536,0.8129999818857004,4.833333333333334,0.6416666666666666,1.1916666666666664,3.683167061791904,0.3617433237836387,0.0024441759110904334,1.3299169190719315,0.0024441759110904334,True,-0.007297847070757898,-3.582378997;-0.09349021772;-0.007297847071,0;0;0,True
-0.048169215982222194,0.8119999819435736,4.833333333333334,0.6416666666666666,1.1916666666666664,3.685044811683233,0.3616172813945955,0.002454223925335402,1.3301216626928145,0.002454223925335402,True,-0.007333798067287667,-3.584347954;-0.09336305955;-0.007333798067,0;0;0,True
-0.047823632668888866,0.8109999820014469,4.833333333333334,0.6416666666666666,1.1916666666666664,3.6869225615745616,0.3614904911057062,0.00246423978593478,1.3303232076663618,0.00246423978593478,True,-0.007369729116526368,-3.586317019;-0.09323581314;-0.007369729117,0;0;0,True
-0.04747804935555554,0.8099999820593201,4.833333333333334,0.6416666666666666,1.1916666666666664,3.68880031146589,0.3613629529169762,0.002474223492888576,1.330521549779487,0.002474223492888576,True,-0.007405640446208623,-3.588286193;-0.09310847845;-0.007405640446,0;0;0,True
-0.047132466042222196,0.8089999821171933,4.833333333333334,0.6416666666666666,1.1916666666666664,3.690678061357219,0.36123466682839833,0.002484175046196793,1.3307166848190572,0.002484175046196793,True,-0.007441532284949944,-3.590255474;-0.09298105545;-0.007441532285,0;0;0,True
-0.04678688272888887,0.8079999821750664,4.833333333333334,0.6416666666666666,1.1916666666666664,3.6925558112485475,0.3611056328399789,0.002494094445859422,1.330908608571989,0.002494094445859422,True,-0.007477404862259154,-3.592224862;-0.09285354409;-0.007477404862,0;0;0,True
-0.046441299415555526,0.8069999822329395,4.833333333333334,0.6416666666666666,1.1916666666666664,3.6944335611398764,0.36097585095171514,0.0025039816918764695,1.3310973168251659,0.0025039816918764695,True,-0.007513258408551195,-3.594194358;-0.09272594433;-0.007513258409,0;0;0,True
-0.0460957161022222,0.8059999822908127,4.833333333333334,0.6416666666666666,1.1916666666666664,3.696311311031205,0.360845321163608,0.0025138367842479302,1.3312828053654842,0.0025138367842479302,True,-0.00754909315515994,-3.596163962;-0.09259825611;-0.007549093155,0;0;0,True
-0.04575013278888887,0.8049999823486859,4.833333333333334,0.6416666666666666,1.1916666666666664,3.698189060922534,0.3607140434756557,0.00252365972297381,1.3314650699798314,0.00252365972297381,True,-0.007584909334351262,-3.598133672;-0.0924704794;-0.007584909334,0;0;0,True
-0.04540454947555553,0.8039999824065589,4.833333333333334,0.6416666666666666,1.1916666666666664,3.700066810813862,0.3605820178878574,0.002533450508054101,1.3316441064550972,0.002533450508054101,True,-0.0076207071793361735,-3.60010349;-0.09234261413;-0.007620707179,0;0;0,True
-0.0450589661622222,0.8029999824644323,4.833333333333334,0.6416666666666666,1.1916666666666664,3.701944560705191,0.3604492444002192,0.0025432091394888136,1.3318199105781987,0.0025432091394888136,True,-0.0076564869242841125,-3.602073414;-0.09221466026;-0.007656486924,0;0;0,True
-0.04471338284888886,0.8019999825223053,4.833333333333334,0.6416666666666666,1.1916666666666664,3.7038223105965193,0.36031572301273496,0.0025529356172779385,1.3319924781360055,0.0025529356172779385,True,-0.0076922488043366264,-3.604043444;-0.09208661774;-0.007692248804,0;0;0,True
-0.04436779953555553,0.8009999825801786,4.833333333333334,0.6416666666666666,1.1916666666666664,3.7057000604878483,0.3601814537254091,0.0025626299414214823,1.3321618049154282,0.0025626299414214823,True,-0.00772799305562081,-3.606013581;-0.09195848652;-0.007727993056,0;0;0,True
-0.0440222162222222,0.7999999826380516,4.833333333333334,0.6416666666666666,1.1916666666666664,3.7075778103791763,0.36004643653823454,0.002572292111919441,1.3323278867033332,0.002572292111919441,True,-0.0077637199152633144,-3.607983824;-0.09183026653;-0.007763719915,0;0;0,True
-0.04367663290888886,0.7989999826959248,4.833333333333334,0.6416666666666666,1.1916666666666664,3.7094555602705057,0.35991067145121924,0.0025819221287718135,1.3324907192866446,0.0025819221287718135,True,-0.007799429621404245,-3.609954173;-0.09170195773;-0.007799429621,0;0;0,True
-0.04333104959555553,0.797999982753798,4.833333333333334,0.6416666666666666,1.1916666666666664,3.711333310161834,0.3597741584643597,0.002591519991978608,1.3326502984522417,0.002591519991978608,True,-0.007835122413211423,-3.611924628;-0.09157356005;-0.007835122413,0;0;0,True
-0.04298546628222219,0.7969999828116712,4.833333333333334,0.6416666666666666,1.1916666666666664,3.7132110600531627,0.3596368975776558,0.0026010857015398127,1.3328066199870183,0.0026010857015398127,True,-0.0078707985308947,-3.613895188;-0.09144507344;-0.007870798531,0;0;0,True
-0.04263988296888886,0.7959999828695443,4.833333333333334,0.6416666666666666,1.1916666666666664,3.7150888099444916,0.3594988887911077,0.0026106192574554374,1.332959679677868,0.0026106192574554374,True,-0.007906458215720507,-3.615865854;-0.09131649784;-0.007906458216,0;0;0,True
-0.042294299655555534,0.7949999829274175,4.833333333333334,0.6416666666666666,1.1916666666666664,3.71696655983582,0.3593601321047153,0.0026201206597254744,1.3331094733116842,0.0026201206597254744,True,-0.00794210171002656,-3.617836625;-0.09118783318;-0.00794210171,0;0;0,True
-0.04194871634222219,0.7939999829852906,4.833333333333334,0.6416666666666666,1.1916666666666664,3.718844309727149,0.3592206275184795,0.0026295899083499303,1.3332559966753632,0.0026295899083499303,True,-0.00797772925723679,-3.619807501;-0.09105907939;-0.007977729257,0;0;0,True
-0.041603133028888864,0.7929999830431637,4.833333333333334,0.6416666666666666,1.1916666666666664,3.720722059618478,0.3590803750324003,0.0026390270033288033,1.3333992455557993,0.0026390270033288033,True,-0.008013341101876473,-3.621778482;-0.09093023643;-0.008013341102,0;0;0,True
-0.041257549715555536,0.791999983101037,4.833333333333334,0.6416666666666666,1.1916666666666664,3.7225998095098065,0.35893937464647685,0.00264843194466209,1.3335392157398818,0.00264843194466209,True,-0.00804893748958736,-3.623749568;-0.09080130421;-0.00804893749,0;0;0,True
-0.040911966402222194,0.7909999831589101,4.833333333333334,0.6416666666666666,1.1916666666666664,3.724477559401135,0.3587976263607082,0.002657804732349794,1.3336759030145011,0.002657804732349794,True,-0.008084518667143426,-3.625720758;-0.09067228267;-0.008084518667,0;0;0,True
-0.040566383088888866,0.7899999832167833,4.833333333333334,0.6416666666666666,1.1916666666666664,3.7263553092924635,0.3586551301750971,0.0026671453663919143,1.3338093031665608,0.0026671453663919143,True,-0.008120084882466268,-3.627692053;-0.09054317174;-0.008120084882,0;0;0,True
-0.040220799775555524,0.7889999832746565,4.833333333333334,0.6416666666666666,1.1916666666666664,3.7282330591837924,0.3585118860896408,0.002676453846788448,1.3339394119829444,0.002676453846788448,True,-0.008155636384641191,-3.629663451;-0.09041397135;-0.008155636385,0;0;0,True
-0.039875216462222196,0.7879999833325295,4.833333333333334,0.6416666666666666,1.1916666666666664,3.730110809075121,0.3583678941043411,0.002685730173539399,1.3340662252505515,0.002685730173539399,True,-0.008191173423933223,-3.631634954;-0.09028468143;-0.008191173424,0;0;0,True
-0.03952963314888887,0.7869999833904028,4.833333333333334,0.6416666666666666,1.1916666666666664,3.7319885589664503,0.35822315421919715,0.002694974346644768,1.3341897387562733,0.002694974346644768,True,-0.00822669625180337,-3.633606561;-0.0901553019;-0.008226696252,0;0;0,True
-0.039184049835555526,0.7859999834482758,4.833333333333334,0.6416666666666666,1.1916666666666664,3.733866308857778,0.358077666434208,0.002704186366104553,1.3343099482869984,0.002704186366104553,True,-0.008262205120925192,-3.635578271;-0.09002583268;-0.008262205121,0;0;0,True
-0.0388384665222222,0.7849999835061491,4.833333333333334,0.6416666666666666,1.1916666666666664,3.735744058749107,0.35793143074937817,0.0027133662319187538,1.334426849629638,0.0027133662319187538,True,-0.00829770028520148,-3.637550085;-0.08989627371;-0.008297700285,0;0;0,True
-0.038492883208888856,0.7839999835640222,4.833333333333334,0.6416666666666666,1.1916666666666664,3.737621808640436,0.35778444716470137,0.0027225139440873684,1.3345404385710622,0.0027225139440873684,True,-0.008333181999781253,-3.639522002;-0.08976662489;-0.008333182,0;0;0,True
-0.03814729989555553,0.7829999836218954,4.833333333333334,0.6416666666666666,1.1916666666666664,3.7394995585317647,0.35763671568018296,0.0027316295026104014,1.3346507108981842,0.0027316295026104014,True,-0.008368650521076859,-3.641494022;-0.08963688615;-0.008368650521,0;0;0,True
-0.0378017165822222,0.7819999836797685,4.833333333333334,0.6416666666666666,1.1916666666666664,3.7413773084230932,0.3574882362958167,0.0027407129074878524,1.3347576623978736,0.0027407129074878524,True,-0.008404106106781408,-3.643466145;-0.08950705741;-0.008404106107,0;0;0,True
-0.03745613326888886,0.7809999837376417,4.833333333333334,0.6416666666666666,1.1916666666666664,3.7432550583144217,0.35733900901160975,0.002749764158719716,1.3348612888570512,0.002749764158719716,True,-0.008439549015886333,-3.645438371;-0.08937713858;-0.008439549016,0;0;0,True
-0.03711054995555553,0.7799999837955148,4.833333333333334,0.6416666666666666,1.1916666666666664,3.7451328082057507,0.3571890338275585,0.0027587832563059963,1.334961586062597,0.0027587832563059963,True,-0.008474979508699349,-3.647410699;-0.08924712958;-0.008474979509,0;0;0,True
-0.0367649666422222,0.7789999838533881,4.833333333333334,0.6416666666666666,1.1916666666666664,3.7470105580970787,0.3570383107436639,0.0027677702002466926,1.3350585498014076,0.0027677702002466926,True,-0.00851039784686247,-3.64938313;-0.08911703032;-0.008510397847,0;0;0,True
-0.03641938332888886,0.7779999839112612,4.833333333333334,0.6416666666666666,1.1916666666666664,3.748888307988408,0.3568868397599241,0.002776724990541808,1.3351521758603702,0.002776724990541808,True,-0.00854580429337034,-3.651355663;-0.0889868407;-0.008545804293,0;0;0,True
-0.03607380001555553,0.7769999839691344,4.833333333333334,0.6416666666666666,1.1916666666666664,3.750766057879736,0.35673462087634,0.0027856476271913336,1.3352424600263808,0.0027856476271913336,True,-0.008581199112588872,-3.653328298;-0.08885656065;-0.008581199113,0;0;0,True
-0.03572821670222219,0.7759999840270075,4.833333333333334,0.6416666666666666,1.1916666666666664,3.752643807771065,0.35658165409291165,0.002794538110195282,1.3353293980863334,0.002794538110195282,True,-0.008616582570274024,-3.655301035;-0.08872619006;-0.00861658257,0;0;0,True
-0.03538263338888886,0.7749999840848807,4.833333333333334,0.6416666666666666,1.1916666666666664,3.7545215576623936,0.3564279394096408,0.0028033964395536405,1.335412985827128,0.0028033964395536405,True,-0.008651954933590904,-3.657273874;-0.08859572884;-0.008651954934,0;0;0,True
-0.035037050075555534,0.7739999841427537,4.833333333333334,0.6416666666666666,1.1916666666666664,3.7563993075537225,0.35627347682652477,0.0028122226152664234,1.3354932190356483,0.0028122226152664234,True,-0.008687316471133138,-3.659246814;-0.08846517689;-0.008687316471,0;0;0,True
-0.03469146676222219,0.772999984200627,4.833333333333334,0.6416666666666666,1.1916666666666664,3.7582770574450506,0.35611826634356536,0.002821016637333613,1.335570093498794,0.002821016637333613,True,-0.008722667452942447,-3.661219856;-0.08833453413;-0.008722667453,0;0;0,True
-0.034345883448888864,0.7719999842585001,4.833333333333334,0.6416666666666666,1.1916666666666664,3.76015480733638,0.3559623079607608,0.002829778505755224,1.3356436050034524,0.002829778505755224,True,-0.008758008150528549,-3.663192999;-0.08820380044;-0.008758008151,0;0;0,True
-0.03400030013555552,0.7709999843163733,4.833333333333334,0.6416666666666666,1.1916666666666664,3.7620325572277085,0.3558056016781137,0.002838508220531249,1.335713749336526,0.002838508220531249,True,-0.008793338836889321,-3.665166243;-0.08807297572;-0.008793338837,0;0;0,True
-0.033654716822222194,0.7699999843742465,4.833333333333334,0.6416666666666666,1.1916666666666664,3.763910307119037,0.35564814749562146,0.002847205781661693,1.3357805222848993,0.002847205781661693,True,-0.008828659786531154,-3.667139587;-0.08794205987;-0.008828659787,0;0;0,True
-0.033309133508888866,0.7689999844321196,4.833333333333334,0.6416666666666666,1.1916666666666664,3.7657880570103663,0.3554899454132876,0.002855871189146552,1.3358439196354788,0.002855871189146552,True,-0.008863971275489792,-3.669113033;-0.08781105279;-0.008863971275,0;0;0,True
-0.032963550195555524,0.7679999844899928,4.833333333333334,0.6416666666666666,1.1916666666666664,3.7676658069016944,0.3553309954311059,0.0028645044429858216,1.3359039371751342,0.0028645044429858216,True,-0.0088992735813512,-3.671086579;-0.08767995437;-0.008899273581,0;0;0,True
-0.032617966882222196,0.766999984547866,4.833333333333334,0.6416666666666666,1.1916666666666664,3.769543556793023,0.3551712975490835,0.0028731055431795135,1.3359605706907858,0.0028731055431795135,True,-0.008934566983272964,-3.673060225;-0.08754876449;-0.008934566983,0;0;0,True
-0.03227238356888887,0.7659999846057391,4.833333333333334,0.6416666666666666,1.1916666666666664,3.771421306684352,0.3550108517672159,0.0028816744897276203,1.3360138159693107,0.0028816744897276203,True,-0.008969851762005763,-3.675033972;-0.08741748305;-0.008969851762,0;0;0,True
-0.031926800255555526,0.7649999846636123,4.833333333333334,0.6416666666666666,1.1916666666666664,3.7732990565756803,0.35484965808550584,0.002890211282630143,1.3360636687976117,0.002890211282630143,True,-0.009005128199915394,-3.677007818;-0.08728610994;-0.0090051282,0;0;0,True
-0.0315812169422222,0.7639999847214856,4.833333333333334,0.6416666666666666,1.1916666666666664,3.7751768064670093,0.3546877165039488,0.0028987159218870798,1.3361101249625662,0.0028987159218870798,True,-0.009040396581004832,-3.678981765;-0.08715464503;-0.009040396581,0;0;0,True
-0.031235633628888856,0.7629999847793586,4.833333333333334,0.6416666666666666,1.1916666666666664,3.7770545563583378,0.3545250270225493,0.0029071884074984367,1.3361531802510842,0.0029071884074984367,True,-0.009075657190936915,-3.680955811;-0.08702308821;-0.009075657191,0;0;0,True
-0.03089005031555553,0.7619999848372319,4.833333333333334,0.6416666666666666,1.1916666666666664,3.7789323062496667,0.3543615896413064,0.0029156287394642077,1.3361928304500557,0.0029156287394642077,True,-0.00911091031705695,-3.682929957;-0.08689143936;-0.009110910317,0;0;0,True
-0.0305444670022222,0.7609999848951049,4.833333333333334,0.6416666666666666,1.1916666666666664,3.780810056140995,0.3541974043602183,0.002924036917784394,1.3362290713463674,0.002924036917784394,True,-0.009146156248416146,-3.684904202;-0.08675969836;-0.009146156248,0;0;0,True
-0.03019888368888886,0.759999984952978,4.833333333333334,0.6416666666666666,1.1916666666666664,3.7826878060323246,0.3540324711792877,0.0029324129424589986,1.336261898726923,0.0029324129424589986,True,-0.009181395275794825,-3.686878546;-0.08662786509;-0.009181395276,0;0;0,True
-0.02985330037555553,0.7589999850108513,4.833333333333334,0.6416666666666666,1.1916666666666664,3.784565555923652,0.3538667900985102,0.0029407568134880184,1.3362913083785986,0.0029407568134880184,True,-0.009216627691726419,-3.688852989;-0.08649593941;-0.009216627692,0;0;0,True
-0.02950771706222219,0.7579999850687243,4.833333333333334,0.6416666666666666,1.1916666666666664,3.786443305814981,0.35370036111789194,0.0029490685308714514,1.3363172960883118,0.0029490685308714514,True,-0.00925185379052163,-3.690827531;-0.08636392121;-0.009251853791,0;0;0,True
-0.02916213374888886,0.7569999851265977,4.833333333333334,0.6416666666666666,1.1916666666666664,3.788321055706309,0.3535331842374294,0.0029573480946093016,1.3363398576429424,0.0029573480946093016,True,-0.009287073868292825,-3.692802171;-0.08623181035;-0.009287073868,0;0;0,True
-0.028816550435555532,0.7559999851844708,4.833333333333334,0.6416666666666666,1.1916666666666664,3.7901988055976386,0.3533652594571217,0.0029655955047015706,1.3363589888293808,0.0029655955047015706,True,-0.009322288222979116,-3.694776911;-0.08609960669;-0.009322288223,0;0;0,True
-0.02847096712222219,0.7549999852423439,4.833333333333334,0.6416666666666666,1.1916666666666664,3.7920765554889666,0.35319658677696886,0.0029738107611482537,1.3363746854345195,0.0029738107611482537,True,-0.009357497154371331,-3.696751748;-0.08596731011;-0.009357497154,0;0;0,True
-0.028125383808888862,0.7539999853002171,4.833333333333334,0.6416666666666666,1.1916666666666664,3.793954305380296,0.3530271661969726,0.0029819938639493535,1.3363869432452602,0.0029819938639493535,True,-0.009392700964137843,-3.698726684;-0.08583492047;-0.009392700964,0;0;0,True
-0.02777980049555552,0.7529999853580902,4.833333333333334,0.6416666666666666,1.1916666666666664,3.795832055271625,0.35285699771713386,0.0029901448131048718,1.3363957580484984,0.0029901448131048718,True,-0.009427899955850432,-3.700701718;-0.08570243763;-0.009427899956,0;0;0,True
-0.027434217182222193,0.7519999854159634,4.833333333333334,0.6416666666666666,1.1916666666666664,3.7977098051629534,0.3526860813374526,0.002998263608614802,1.336401125631128,0.002998263608614802,True,-0.009463094435010646,-3.702676849;-0.08556986145;-0.009463094435,0;0;0,True
-0.027088633868888864,0.7509999854738366,4.833333333333334,0.6416666666666666,1.1916666666666664,3.7995875550542824,0.3525144170579235,0.003006350250479149,1.3364030417800221,0.003006350250479149,True,-0.009498284709076602,-3.704652079;-0.08543719177;-0.009498284709,0;0;0,True
-0.026743050555555523,0.7499999855317098,4.833333333333334,0.6416666666666666,1.1916666666666664,3.80146530494561,0.35234200487855105,0.003014404738697911,1.3364015022820908,0.003014404738697911,True,-0.009533471087490069,-3.706627405;-0.08530442847;-0.009533471087,0;0;0,True
-0.026397467242222195,0.7489999855895828,4.833333333333334,0.6416666666666666,1.1916666666666664,3.8033430548369394,0.35216884479933697,0.003022427073271095,1.3363965029242353,0.003022427073271095,True,-0.009568653881704045,-3.70860283;-0.08517157139;-0.009568653882,0;0;0,True
-0.026051883928888867,0.7479999856474561,4.833333333333334,0.6416666666666666,1.1916666666666664,3.805220804728268,0.3519949368202786,0.0030304172541986917,1.3363880394933376,0.0030304172541986917,True,-0.00960383340521069,-3.710578351;-0.08503862037;-0.009603833405,0;0;0,True
-0.025706300615555525,0.7469999857053291,4.833333333333334,0.6416666666666666,1.1916666666666664,3.807098554619597,0.3518202809413751,0.003038375281480704,1.3363761077762888,0.003038375281480704,True,-0.00963900997356975,-3.712553969;-0.08490557528;-0.009639009974,0;0;0,True
-0.025360717302222197,0.7459999857632023,4.833333333333334,0.6416666666666666,1.1916666666666664,3.8089763045109253,0.3516448771626264,0.003046301155117135,1.3363607035599818,0.003046301155117135,True,-0.009674183904437278,-3.714529685;-0.08477243594;-0.009674183904,0;0;0,True
-0.025015133988888855,0.7449999858210755,4.833333333333334,0.6416666666666666,1.1916666666666664,3.8108540544022538,0.3514687254840352,0.0030541948751079723,1.3363418226313202,0.0030541948751079723,True,-0.009709355517594932,-3.716505497;-0.0846392022;-0.009709355518,0;0;0,True
-0.024669550675555527,0.7439999858789487,4.833333333333334,0.6416666666666666,1.1916666666666664,3.8127318042935827,0.3512918259056006,0.0030620564414532395,1.3363194607771944,0.0030620564414532395,True,-0.009744525134979644,-3.718481405;-0.08450587391;-0.009744525135,0;0;0,True
-0.0243239673622222,0.7429999859368219,4.833333333333334,0.6416666666666666,1.1916666666666664,3.814609554184911,0.35111417842732173,0.0030698858541529125,1.3362936137844943,0.0030698858541529125,True,-0.009779693080713688,-3.72045741;-0.0843724509;-0.009779693081,0;0;0,True
-0.023978384048888857,0.741999985994695,4.833333333333334,0.6416666666666666,1.1916666666666664,3.81648730407624,0.3509357830491995,0.0030776831132070075,1.3362642774401166,0.0030776831132070075,True,-0.00981485968113541,-3.722433511;-0.084238933;-0.009814859681,0;0;0,True
-0.02363280073555553,0.7409999860525681,4.833333333333334,0.6416666666666666,1.1916666666666664,3.8183650539675686,0.3507566397712303,0.003085448218615516,1.3362314475309411,0.003085448218615516,True,-0.009850025264830054,-3.724409709;-0.08410532004;-0.009850025265,0;0;0,True
-0.023287217422222187,0.7399999861104413,4.833333333333334,0.6416666666666666,1.1916666666666664,3.8202428038588976,0.3505767485934195,0.003093181170378442,1.3361951198438822,0.003093181170378442,True,-0.009885190162661482,-3.726386002;-0.08397161186;-0.009885190163,0;0;0,True
-0.02294163410888886,0.7389999861683145,4.833333333333334,0.6416666666666666,1.1916666666666664,3.8221205537502256,0.3503961095157635,0.003100881968495783,1.336155290165819,0.003100881968495783,True,-0.009920354707804113,-3.728362391;-0.08383780828;-0.009920354708,0;0;0,True
-0.02259605079555553,0.7379999862261877,4.833333333333334,0.6416666666666666,1.1916666666666664,3.8239983036415546,0.3502147225382659,0.0031085506129675403,1.336111954283659,0.0031085506129675403,True,-0.00995551923577546,-3.730338875;-0.08370390913;-0.009955519236,0;0;0,True
-0.02225046748222219,0.7369999862840608,4.833333333333334,0.6416666666666666,1.1916666666666664,3.825876053532883,0.35003258766092316,0.0031161871037937152,1.336065107984282,0.0031161871037937152,True,-0.009990684084469138,-3.732315455;-0.08356991422;-0.009990684084,0;0;0,True
-0.02190488416888886,0.735999986341934,4.833333333333334,0.6416666666666666,1.1916666666666664,3.827753803424212,0.34984970488373346,0.0031237914409743043,1.3360147470545745,0.0031237914409743043,True,-0.01002584959418831,-3.73429213;-0.08343582337;-0.01002584959,0;0;0,True
-0.021559300855555533,0.734999986399807,4.833333333333334,0.6416666666666666,1.1916666666666664,3.829631553315541,0.34966607420670304,0.0031313636245093126,1.335960867281454,0.0031313636245093126,True,-0.010061016107679848,-3.736268901;-0.08330163641;-0.01006101611,0;0;0,True
-0.02121371754222219,0.7339999864576803,4.833333333333334,0.6416666666666666,1.1916666666666664,3.8315093032068694,0.34948169562982834,0.0031389036543987316,1.3359034644518,0.0031389036543987316,True,-0.010096183970168897,-3.738245766;-0.08316735314;-0.01009618397,0;0;0,True
-0.020868134228888863,0.7329999865155534,4.833333333333334,0.6416666666666666,1.1916666666666664,3.8333870530981984,0.34929656915310847,0.0031464115306425685,1.335842534352503,0.0031464115306425685,True,-0.010131353529393958,-3.740222726;-0.08303297337;-0.01013135353,0;0;0,True
-0.02052255091555552,0.7319999865734267,4.833333333333334,0.6416666666666666,1.1916666666666664,3.8352648029895264,0.34911069477654433,0.003153887253240825,1.3357780727704591,0.003153887253240825,True,-0.010166525135642576,-3.742199781;-0.08289849691;-0.01016652514,0;0;0,True
-0.020176967602222193,0.7309999866312998,4.833333333333334,0.6416666666666666,1.1916666666666664,3.837142552880855,0.34892407250013857,0.0031613308221934934,1.3357100754925728,0.0031613308221934934,True,-0.010201699141787686,-3.74417693;-0.08276392357;-0.01020169914,0;0;0,True
-0.019831384288888865,0.7299999866891729,4.833333333333334,0.6416666666666666,1.1916666666666664,3.839020302772184,0.34873670232388676,0.0031687422375005813,1.33563853830572,0.0031687422375005813,True,-0.010236875903324236,-3.746154174;-0.08262925314;-0.0102368759,0;0;0,True
-0.019485800975555523,0.7289999867470461,4.833333333333334,0.6416666666666666,1.1916666666666664,3.8408980526635124,0.34854858424779245,0.003176121499162083,1.335563456996808,0.003176121499162083,True,-0.010272055778406813,-3.748131511;-0.08249448542;-0.01027205578,0;0;0,True
-0.019140217662222195,0.7279999868049192,4.833333333333334,0.6416666666666666,1.1916666666666664,3.842775802554841,0.3483597182718521,0.003183468607178004,1.3354848273527165,0.003183468607178004,True,-0.010307239127887545,-3.750108943;-0.08235962022;-0.01030723913,0;0;0,True
-0.018794634348888853,0.7269999868627923,4.833333333333334,0.6416666666666666,1.1916666666666664,3.84465355244617,0.3481701043960692,0.0031907835615483365,1.335402645160353,0.0031907835615483365,True,-0.010342426315354742,-3.752086469;-0.08222465731;-0.01034242632,0;0;0,True
-0.018449051035555525,0.7259999869206656,4.833333333333334,0.6416666666666666,1.1916666666666664,3.8465313023374987,0.34797974262044296,0.0031980663622730864,1.335316906206607,0.0031980663622730864,True,-0.010377617707172132,-3.754064088;-0.0820895965;-0.01037761771,0;0;0,True
-0.018103467722222197,0.7249999869785387,4.833333333333334,0.6416666666666666,1.1916666666666664,3.8484090522288272,0.34778863294497153,0.003205317009352254,1.3352276062783652,0.003205317009352254,True,-0.01041281367251879,-3.756041801;-0.08195443756;-0.01041281367,0;0;0,True
-0.017757884408888855,0.723999987036412,4.833333333333334,0.6416666666666666,1.1916666666666664,3.850286802120156,0.3475967753696567,0.0032125355027858406,1.3351347411625278,0.0032125355027858406,True,-0.01044801458342957,-3.758019607;-0.08181918027;-0.01044801458,0;0;0,True
-0.017412301095555527,0.722999987094285,4.833333333333334,0.6416666666666666,1.1916666666666664,3.8521645520114847,0.34740416989449674,0.003219721842573839,1.3350383066459819,0.003219721842573839,True,-0.010483220814836467,-3.759997507;-0.08168382443;-0.01048322081,0;0;0,True
-0.017066717782222185,0.7219999871521582,4.833333333333334,0.6416666666666666,1.1916666666666664,3.854042301902813,0.34721081651949426,0.0032268760287162503,1.3349382985156308,0.0032268760287162503,True,-0.010518432744610272,-3.761975499;-0.0815483698;-0.01051843274,0;0;0,True
-0.016721134468888857,0.7209999872100313,4.833333333333334,0.6416666666666666,1.1916666666666664,3.855920051794142,0.3470167152446475,0.0032339980612130846,1.3348347125583613,0.0032339980612130846,True,-0.010553650753603297,-3.763953585;-0.08141281616;-0.01055365075,0;0;0,True
-0.01637555115555553,0.7199999872679046,4.833333333333334,0.6416666666666666,1.1916666666666664,3.857797801685471,0.3468218660699556,0.00324108794006433,1.3347275445610631,0.00324108794006433,True,-0.010588875225692546,-3.765931763;-0.08127716327;-0.01058887523,0;0;0,True
-0.016029967842222187,0.7189999873257776,4.833333333333334,0.6416666666666666,1.1916666666666664,3.8596755515767995,0.3466262689954194,0.0032481456652699975,1.3346167903106334,0.0032481456652699975,True,-0.010624106547823722,-3.767910034;-0.08114141091;-0.01062410655,0;0;0,True
-0.01568438452888886,0.7179999873836509,4.833333333333334,0.6416666666666666,1.1916666666666664,3.861553301468128,0.34642992402104245,0.0032551712368300762,1.3345024455939791,0.0032551712368300762,True,-0.01065934511005591,-3.769888398;-0.08100555883;-0.01065934511,0;0;0,True
-0.015338801215555531,0.716999987441524,4.833333333333334,0.6416666666666666,1.1916666666666664,3.863431051359457,0.34623283114681946,0.0032621646547445734,1.3343845061979736,0.0032621646547445734,True,-0.010694591305607059,-3.771866853;-0.08086960679;-0.01069459131,0;0;0,True
-0.014993217902222189,0.7159999874993971,4.833333333333334,0.6416666666666666,1.1916666666666664,3.8653088012507855,0.3460349903727522,0.003269125919013481,1.3342629679095166,0.003269125919013481,True,-0.010729845530900135,-3.773845401;-0.08073355456;-0.01072984553,0;0;0,True
-0.014647634588888861,0.7149999875572703,4.833333333333334,0.6416666666666666,1.1916666666666664,3.8671865511421144,0.34583640169884156,0.003276055029636811,1.334137826515505,0.003276055029636811,True,-0.010765108185610174,-3.775824041;-0.08059740188;-0.01076510819,0;0;0,True
-0.014302051275555519,0.7139999876151435,4.833333333333334,0.6416666666666666,1.1916666666666664,3.8690643010334425,0.34563706512508574,0.003282951986614559,1.3340090778028257,0.003282951986614559,True,-0.010800379672712024,-3.777802773;-0.0804611485;-0.01080037967,0;0;0,True
-0.013956467962222191,0.7129999876730168,4.833333333333334,0.6416666666666666,1.1916666666666664,3.8709420509247714,0.34543698065148654,0.0032898167899467145,1.3338767175583792,0.0032898167899467145,True,-0.010835660398528913,-3.779781596;-0.08032479416;-0.0108356604,0;0;0,True
-0.013610884648888863,0.7119999877308899,4.833333333333334,0.6416666666666666,1.1916666666666664,3.8728198008161,0.34523614827804483,0.0032966494396332946,1.3337407415690616,0.0032966494396332946,True,-0.010870950772781971,-3.781760511;-0.08018833861;-0.01087095077,0;0;0,True
-0.013265301335555521,0.7109999877887629,4.833333333333334,0.6416666666666666,1.1916666666666664,3.874697550707429,0.34503456800475796,0.0033034499356742832,1.3336011456217571,0.0033034499356742832,True,-0.010906251208640352,-3.783739518;-0.08005178159;-0.01090625121,0;0;0,True
-0.012919718022222193,0.7099999878466362,4.833333333333334,0.6416666666666666,1.1916666666666664,3.8765753005987573,0.3448322398316277,0.0033102182780696933,1.3334579255033652,0.0033102182780696933,True,-0.010941562122772357,-3.785718616;-0.07991512282;-0.01094156212,0;0;0,True
-0.012574134708888851,0.7089999879045094,4.833333333333334,0.6416666666666666,1.1916666666666664,3.878453050490086,0.3446291637586505,0.0033169544668195136,1.333311077000766,0.0033169544668195136,True,-0.010976883935397632,-3.787697805;-0.07977836204;-0.01097688394,0;0;0,True
-0.012228551395555523,0.7079999879623824,4.833333333333334,0.6416666666666666,1.1916666666666664,3.880330800381415,0.3444253397858317,0.0033236585019237605,1.3331605959008732,0.0033236585019237605,True,-0.011012217070339784,-3.789677084;-0.07964149898;-0.01101221707,0;0;0,True
-0.011882968082222195,0.7069999880202557,4.833333333333334,0.6416666666666666,1.1916666666666664,3.8822085502727433,0.34422076791317036,0.0033303303833824133,1.333006477990577,0.0033303303833824133,True,-0.011047561955080384,-3.791656455;-0.07950453334;-0.01104756196,0;0;0,True
-0.011537384768888853,0.7059999880781288,4.833333333333334,0.6416666666666666,1.1916666666666664,3.8840863001640726,0.34401544814066387,0.003336970111195488,1.332848719056761,0.003336970111195488,True,-0.011082919020813648,-3.793635916;-0.07936746487;-0.01108291902,0;0;0,True
-0.011191801455555525,0.704999988136002,4.833333333333334,0.6416666666666666,1.1916666666666664,3.8859640500554007,0.34380938046831044,0.003343577685362979,1.3326873148863108,0.003343577685362979,True,-0.011118288702502142,-3.795615468;-0.07923029325;-0.0111182887,0;0;0,True
-0.010846218142222197,0.7039999881938752,4.833333333333334,0.6416666666666666,1.1916666666666664,3.887841799946729,0.3436025648961172,0.0033501531058848814,1.3325222612661483,0.0033501531058848814,True,-0.011153671438933466,-3.79759511;-0.07909301822;-0.01115367144,0;0;0,True
-0.010500634828888855,0.7029999882517483,4.833333333333334,0.6416666666666666,1.1916666666666664,3.8897195498380577,0.34339500142407786,0.0033566963727612057,1.3323535539831421,0.0033566963727612057,True,-0.011189067672777926,-3.799574843;-0.07895563946;-0.01118906767,0;0;0,True
-0.010155051515555527,0.7019999883096215,4.833333333333334,0.6416666666666666,1.1916666666666664,3.891597299729387,0.34318669005219604,0.003363207485991943,1.3321811888242003,0.003363207485991943,True,-0.011224477850647167,-3.801554665;-0.07881815669;-0.01122447785,0;0;0,True
-0.009809468202222185,0.7009999883674946,4.833333333333334,0.6416666666666666,1.1916666666666664,3.8934750496207156,0.34297763078046817,0.0033696864455770976,1.3320051615762019,0.0033696864455770976,True,-0.011259902423154078,-3.803534578;-0.07868056959;-0.01125990242,0;0;0,True
-0.009463884888888857,0.6999999884253677,4.833333333333334,0.6416666666666666,1.1916666666666664,3.895352799512044,0.3427678236088978,0.003376133251516664,1.3318254680260537,0.003376133251516664,True,-0.011295341844973378,-3.80551458;-0.07854287787;-0.01129534184,0;0;0,True
-0.009118301575555529,0.6989999884832411,4.833333333333334,0.6416666666666666,1.1916666666666664,3.897230549403372,0.34255726853748314,0.003382547903810649,1.3316421039606434,0.003382547903810649,True,-0.011330796574903606,-3.807494672;-0.07840508121;-0.01133079657,0;0;0,True
-0.008772718262222187,0.6979999885411141,4.833333333333334,0.6416666666666666,1.1916666666666664,3.8991082992947015,0.3423459655662242,0.003388930402459054,1.331455065166864,0.003388930402459054,True,-0.011366267075930164,-3.809474853;-0.07826717929;-0.01136626708,0;0;0,True
-0.00842713494888886,0.6969999885989873,4.833333333333334,0.6416666666666666,1.1916666666666664,3.9009860491860304,0.342133914695121,0.003395280747461872,1.3312643474316084,0.003395280747461872,True,-0.011401753815289298,-3.811455124;-0.07812917179;-0.01140175382,0;0;0,True
-0.008081551635555517,0.6959999886568604,4.833333333333334,0.6416666666666666,1.1916666666666664,3.9028637990773585,0.3419211159241735,0.0034015989388191063,1.3310699465417706,0.0034015989388191063,True,-0.011437257264533485,-3.813435483;-0.07799105839;-0.01143725726,0;0;0,True
-0.007735968322222189,0.6949999887147336,4.833333333333334,0.6416666666666666,1.1916666666666664,3.9047415489686874,0.3417075692533835,0.003407884976530755,1.3308718582842511,0.003407884976530755,True,-0.011472777899597919,-3.815415932;-0.07785283875;-0.0114727779,0;0;0,True
-0.007390385008888861,0.6939999887726067,4.833333333333334,0.6416666666666666,1.1916666666666664,3.906619298860016,0.34149327468274926,0.0034141388605968184,1.330670078445936,0.0034141388605968184,True,-0.011508316200868002,-3.81739647;-0.07771451254;-0.0115083162,0;0;0,True
-0.007044801695555519,0.6929999888304799,4.833333333333334,0.6416666666666666,1.1916666666666664,3.9084970487513453,0.3412782322122698,0.0034203605910173027,1.3304646028137157,0.0034203605910173027,True,-0.011543872653248579,-3.819377097;-0.07757607943;-0.01154387265,0;0;0,True
-0.006699218382222191,0.6919999888883531,4.833333333333334,0.6416666666666666,1.1916666666666664,3.910374798642673,0.341062441841947,0.0034265501677922007,1.3302554271744897,0.0034265501677922007,True,-0.011579447746233854,-3.821357812;-0.07743753906;-0.01157944775,0;0;0,True
-0.006353635068888863,0.6909999889462263,4.833333333333334,0.6416666666666666,1.1916666666666664,3.912252548534002,0.3408459035717808,0.0034327075909215193,1.3300425473151525,0.0034327075909215193,True,-0.0116150419739789,-3.823338615;-0.07729889108;-0.01161504197,0;0;0,True
-0.006008051755555521,0.6899999890040994,4.833333333333334,0.6416666666666666,1.1916666666666664,3.914130298425331,0.3406286174017703,0.0034388328604052485,1.3298259590225938,0.0034388328604052485,True,-0.01165065583537262,-3.825319507;-0.07716013515;-0.01165065584,0;0;0,True
-0.005662468442222193,0.6889999890619725,4.833333333333334,0.6416666666666666,1.1916666666666664,3.9160080483166597,0.34041058333191554,0.0034449259762433983,1.3296056580837068,0.0034449259762433983,True,-0.011686289834111694,-3.827300488;-0.0770212709;-0.01168628983,0;0;0,True
-0.005316885128888851,0.6879999891198457,4.833333333333334,0.6416666666666666,1.1916666666666664,3.917885798207988,0.34019180136221827,0.00345098693843596,1.329381640285392,0.00345098693843596,True,-0.011721944478776156,-3.829281556;-0.07688229796;-0.01172194448,0;0;0,True
-0.004971301815555523,0.6869999891777189,4.833333333333334,0.6416666666666666,1.1916666666666664,3.9197635480993167,0.33997227149267406,0.0034570157469829372,1.3291539014145255,0.0034570157469829372,True,-0.011757620282906514,-3.831262712;-0.07674321597;-0.01175762028,0;0;0,True
-0.004625718502222195,0.685999989235592,4.833333333333334,0.6416666666666666,1.1916666666666664,3.921641297990645,0.33975199372328646,0.003463012401884332,1.3289224372580142,0.003463012401884332,True,-0.011793317765081883,-3.833243956;-0.07660402455;-0.01179331777,0;0;0,True
-0.004280135188888853,0.6849999892934653,4.833333333333334,0.6416666666666666,1.1916666666666664,3.923519047881974,0.33953096805405636,0.003468976903140145,1.328687243602756,0.003468976903140145,True,-0.011829037448999997,-3.835225287;-0.07646472332;-0.01182903745,0;0;0,True
-0.003934551875555525,0.6839999893513383,4.833333333333334,0.6416666666666666,1.1916666666666664,3.925396797773303,0.33930919448498287,0.0034749092507503744,1.3284483162356402,0.0034749092507503744,True,-0.011864779863558668,-3.837206706;-0.07632531188;-0.01186477986,0;0;0,True
-0.0035889685622221834,0.6829999894092115,4.833333333333334,0.6416666666666666,1.1916666666666664,3.9272745476646316,0.3390866730160633,0.0034808094447150158,1.32820565094355,0.0034808094447150158,True,-0.011900545542938469,-3.839188212;-0.07618578986;-0.01190054554,0;0;0,True
-0.0032433852488888554,0.6819999894670846,4.833333333333334,0.6416666666666666,1.1916666666666664,3.92915229755596,0.3388634036473004,0.0034866774850340725,1.327959243513389,0.0034866774850340725,True,-0.011936335026687525,-3.841169806;-0.07604615685;-0.01193633503,0;0;0,True
-0.0028978019355555273,0.6809999895249579,4.833333333333334,0.6416666666666666,1.1916666666666664,3.931030047447289,0.33863938637869495,0.0034925133717075506,1.3277090897320545,0.0034925133717075506,True,-0.011972148859807456,-3.843151486;-0.07590641245;-0.01197214886,0;0;0,True
-0.0025522186222221854,0.679999989582831,4.833333333333334,0.6416666666666666,1.1916666666666664,3.9329077973386175,0.33841462121024346,0.003498317104735442,1.3274551853864258,0.003498317104735442,True,-0.01200798759284138,-3.845133253;-0.07576655625;-0.01200798759,0;0;0,True
-0.0022066353088888574,0.6789999896407042,4.833333333333334,0.6416666666666666,1.1916666666666664,3.9347855472299464,0.33818910814194947,0.0035040886841177536,1.3271975262634104,0.0035040886841177536,True,-0.01204385178196317,-3.847115108;-0.07562658783;-0.01204385178,0;0;0,True
-0.0018610519955555155,0.6779999896985773,4.833333333333334,0.6416666666666666,1.1916666666666664,3.9366632971212754,0.3379628471738112,0.003509828109854475,1.326936108149895,0.003509828109854475,True,-0.0120797419890688,-3.849097048;-0.07548650677;-0.01207974199,0;0;0,True
-0.0015154686822221874,0.6769999897564505,4.833333333333334,0.6416666666666666,1.1916666666666664,3.938541047012604,0.33773583830582776,0.0035155353819456133,1.3266709268327688,0.0035155353819456133,True,-0.01211565878186947,-3.851079076;-0.07534631265;-0.01211565878,0;0;0,True
-0.0011698853688888594,0.6759999898143236,4.833333333333334,0.6416666666666666,1.1916666666666664,3.940418796903932,0.33750808153800094,0.003521210500391172,1.3264019780989327,0.003521210500391172,True,-0.012151602733986274,-3.853061189;-0.07520600503;-0.01215160273,0;0;0,True
-0.0008243020555555175,0.6749999898721967,4.833333333333334,0.6416666666666666,1.1916666666666664,3.9422965467952613,0.3372795768703307,0.0035268534651911455,1.3261292577352806,0.0035268534651911455,True,-0.012187574425046886,-3.855043389;-0.07506558346;-0.01218757443,0;0;0,True
-0.00047871874222218946,0.67399998993007,4.833333333333334,0.6416666666666666,1.1916666666666664,3.9441742966865894,0.3370503243028171,0.003532464276345534,1.325852761528705,0.003532464276345534,True,-0.012223574440784405,-3.857025675;-0.07492504752;-0.01222357444,0;0;0,True
-0.00013313542888886143,0.6729999899879432,4.833333333333334,0.6416666666666666,1.1916666666666664,3.946052046577918,0.33682032383545657,0.0035380429338543345,1.3255724852660862,0.0035380429338543345,True,-0.012259603373137678,-3.859008046;-0.07478439673;-0.01225960337,0;0;0,True
0.00021244788444448048,0.6719999900458162,4.833333333333334,0.6416666666666666,1.1916666666666664,3.9479297964692472,0.3365895754682544,0.00354358943771756,1.3252884247343384,0.00354358943771756,True,-0.01229566182035401,-3.860990504;-0.07464363064;-0.01229566182,0;0;0,True
0.0005580311977778085,0.6709999901036895,4.833333333333334,0.6416666666666666,1.1916666666666664,3.9498075463605753,0.33635807920120975,0.003549103787935196,1.3250005757203511,0.003549103787935196,True,-0.01233175038709364,-3.862973047;-0.07450274879;-0.01233175039,0;0;0,True
0.0009036145111111504,0.6699999901615625,4.833333333333334,0.6416666666666666,1.1916666666666664,3.9516852962519042,0.33612583503431726,0.0035545859845072486,1.3247089340109974,0.0035545859845072486,True,-0.012367869684536731,-3.864955676;-0.07436175071;-0.01236786968,0;0;0,True
0.0012491978244444785,0.6689999902194358,4.833333333333334,0.6416666666666666,1.1916666666666664,3.953563046143233,0.3358928429675849,0.0035600360274337193,1.324413495393202,0.0035600360274337193,True,-0.012404020330491879,-3.86693839;-0.0742206359;-0.01240402033,0;0;0,True
0.0015947811377778065,0.6679999902773089,4.833333333333334,0.6416666666666666,1.1916666666666664,3.9554407960345617,0.33565910300100477,0.0035654539167146045,1.3241142556538266,0.0035654539167146045,True,-0.012440202949507593,-3.868921189;-0.07407940389;-0.01244020295,0;0;0,True
0.0019403644511111484,0.6669999903351821,4.833333333333334,0.6416666666666666,1.1916666666666664,3.95731854592589,0.335424615134583,0.003570839652349905,1.3238112105797895,0.003570839652349905,True,-0.012476418172985275,-3.870904074;-0.07393805418;-0.01247641817,0;0;0,True
0.0022859477644444764,0.6659999903930554,4.833333333333334,0.6416666666666666,1.1916666666666664,3.959196295817219,0.33518937936831694,0.003576193234339622,1.3235043559579733,0.003576193234339622,True,-0.012512666639295128,-3.872887043;-0.07379658627;-0.01251266664,0;0;0,True
0.0026315310777778184,0.6649999904509284,4.833333333333334,0.6416666666666666,1.1916666666666664,3.961074045708547,0.33495339570220484,0.0035815146626837547,1.3231936875752646,0.0035815146626837547,True,-0.012548948993894086,-3.874870097;-0.07365499966;-0.01254894899,0;0;0,True
0.0029771143911111464,0.6639999905088015,4.833333333333334,0.6416666666666666,1.1916666666666664,3.962951795599876,0.3347166641362511,0.003586803937382309,1.3228792012185746,0.003586803937382309,True,-0.0125852658894463,-3.876853236;-0.07351329381;-0.01258526589,0;0;0,True
0.0033226977044444744,0.6629999905666747,4.833333333333334,0.6416666666666666,1.1916666666666664,3.964829545491205,0.33447918467045223,0.0035920610584352737,1.3225608926747827,0.0035920610584352737,True,-0.012621617985946038,-3.878836459;-0.07337146822;-0.01262161799,0;0;0,True
0.0036682810177778163,0.6619999906245478,4.833333333333334,0.6416666666666666,1.1916666666666664,3.966707295382534,0.33424095730481174,0.0035972860258426543,1.3222387577307961,0.0035972860258426543,True,-0.012658005950843343,-3.880819767;-0.07322952235;-0.01265800595,0;0;0,True
0.004013864331111144,0.660999990682421,4.833333333333334,0.6416666666666666,1.1916666666666664,3.968585045273863,0.3340019820393243,0.0036024788396044533,1.3219127921734872,0.0036024788396044533,True,-0.012694430459172016,-3.882803159;-0.07308745566;-0.01269443046,0;0;0,True
0.004359447644444472,0.6599999907402943,4.833333333333334,0.6416666666666666,1.1916666666666664,3.970462795165191,0.33376225887399347,0.0036076394997206647,1.3215829917897635,0.0036076394997206647,True,-0.012730892193680472,-3.884786635;-0.0729452676;-0.01273089219,0;0;0,True
0.004705030957777814,0.6589999907981674,4.833333333333334,0.6416666666666666,1.1916666666666664,3.9723405450565195,0.33352178780881925,0.0036127680061912933,1.3212493523665185,0.0036127680061912933,True,-0.01276739184496551,-3.886770196;-0.07280295762;-0.01276739184,0;0;0,True
0.005050614271111142,0.6579999908560406,4.833333333333334,0.6416666666666666,1.1916666666666664,3.9742182949478484,0.33328056884380164,0.0036178643590163437,1.3209118696906461,0.0036178643590163437,True,-0.012803930111608363,-3.88875384;-0.07266052515;-0.01280393011,0;0;0,True
0.005396197584444484,0.6569999909139137,4.833333333333334,0.6416666666666666,1.1916666666666664,3.9760960448391773,0.33303860197893975,0.003622928558195807,1.3205705395490355,0.003622928558195807,True,-0.012840507700314342,-3.890737568;-0.07251796962;-0.0128405077,0;0;0,True
0.005741780897777812,0.6559999909717869,4.833333333333334,0.6416666666666666,1.1916666666666664,3.977973794730506,0.3327958872142336,0.0036279606037296817,1.3202253577285805,0.0036279606037296817,True,-0.012877125326054926,-3.892721379;-0.07237529046;-0.01287712533,0;0;0,True
0.00608736421111114,0.6549999910296601,4.833333333333334,0.6416666666666666,1.1916666666666664,3.9798515446218343,0.3325524245496805,0.003632960495617979,1.3198763200161638,0.003632960495617979,True,-0.01291378371221321,-3.894705274;-0.07223248706;-0.01291378371,0;0;0,True
0.006432947524444482,0.6539999910875332,4.833333333333334,0.6416666666666666,1.1916666666666664,3.981729294513163,0.33230821398528754,0.0036379282338606894,1.3195234221987073,0.0036379282338606894,True,-0.012950483590732278,-3.896689252;-0.07208955884;-0.01295048359,0;0;0,True
0.00677853083777781,0.6529999911454063,4.833333333333334,0.6416666666666666,1.1916666666666664,3.9836070444044918,0.3320632555210494,0.0036428638184578185,1.3191666600630834,0.0036428638184578185,True,-0.012987225702266974,-3.898673314;-0.07194650518;-0.0129872257,0;0;0,True
0.007124114151111152,0.6519999912032796,4.833333333333334,0.6416666666666666,1.1916666666666664,3.9854847942958203,0.3318175491569688,0.0036477672494093613,1.3188060293961958,0.0036477672494093613,True,-0.0130240107963388,-3.900657458;-0.07180332547;-0.0130240108,0;0;0,True
0.00746969746444448,0.6509999912611527,4.833333333333334,0.6416666666666666,1.1916666666666664,3.9873625441871487,0.3315710948930404,0.003652638526715319,1.3184415259849167,0.003652638526715319,True,-0.013060839631494316,-3.902641685;-0.07166001909;-0.01306083963,0;0;0,True
0.007815280777777808,0.6499999913190257,4.833333333333334,0.6416666666666666,1.1916666666666664,3.989240294078478,0.3313238927292703,0.003657477650375696,1.3180731456161647,0.003657477650375696,True,-0.013097712975467099,-3.904625996;-0.07151658539;-0.01309771298,0;0;0,True
0.00816086409111115,0.648999991376899,4.833333333333334,0.6416666666666666,1.1916666666666664,3.991118043969806,0.3310759426656569,0.0036622846203904877,1.3177008840768258,0.0036622846203904877,True,-0.01313463160534285,-3.906610389;-0.07137302374;-0.01313463161,0;0;0,True
0.008506447404444478,0.6479999914347722,4.833333333333334,0.6416666666666666,1.1916666666666664,3.9929957938611347,0.3308272447021965,0.0036670594367596908,1.3173247371537793,0.0036670594367596908,True,-0.013171596307728862,-3.908594864;-0.07122933348;-0.01317159631,0;0;0,True
0.00885203071777782,0.6469999914926453,4.833333333333334,0.6416666666666666,1.1916666666666664,3.9948735437524636,0.3305777988388954,0.0036718020994833196,1.3169447006339439,0.0036718020994833196,True,-0.013208607878926465,-3.910579422;-0.07108551394;-0.01320860788,0;0;0,True
0.009197614031111148,0.6459999915505186,4.833333333333334,0.6416666666666666,1.1916666666666664,3.996751293643792,0.3303276050757482,0.003676512608561354,1.3165607703041908,0.003676512608561354,True,-0.01324566712510818,-3.912564062;-0.07094156445;-0.01324566713,0;0;0,True
0.009543197344444476,0.6449999916083916,4.833333333333334,0.6416666666666666,1.1916666666666664,3.9986290435351215,0.33007666341275854,0.0036811909639938123,1.3161729419514292,0.0036811909639938123,True,-0.013282774862497923,-3.914548784;-0.07079748432;-0.01328277486,0;0;0,True
0.009888780657777818,0.6439999916662649,4.833333333333334,0.6416666666666666,1.1916666666666664,4.0005067934264495,0.3298249738499255,0.003685837165780685,1.3157812113625473,0.003685837165780685,True,-0.013319931917556066,-3.916533589;-0.07065327286;-0.01331993192,0;0;0,True
0.010234363971111146,0.6429999917241379,4.833333333333334,0.6416666666666666,1.1916666666666664,4.0023845433177785,0.3295725363872464,0.0036904512139219726,1.315385574324429,0.0036904512139219726,True,-0.013357139127168365,-3.918518475;-0.07050892937;-0.01335713913,0;0;0,True
0.010579947284444474,0.6419999917820111,4.833333333333334,0.6416666666666666,1.1916666666666664,4.004262293209107,0.32931935102472654,0.003695033108417672,1.314986026623989,0.003695033108417672,True,-0.013394397338839013,-3.920503443;-0.07036445312;-0.01339439734,0;0;0,True
0.010925530597777816,0.6409999918398843,4.833333333333334,0.6416666666666666,1.1916666666666664,4.006140043100436,0.32906541776236065,0.003699582849267798,1.3145825640480988,0.003699582849267798,True,-0.013431707410888479,-3.922488492;-0.07021984339;-0.01343170741,0;0;0,True
0.011271113911111144,0.6399999918977575,4.833333333333334,0.6416666666666666,1.1916666666666664,4.008017792991764,0.3288107366001478,0.003704100436472331,1.3141751823836485,0.003704100436472331,True,-0.013469070212655813,-3.924473623;-0.07007509943;-0.01346907021,0;0;0,True
0.011616697224444486,0.6389999919556306,4.833333333333334,0.6416666666666666,1.1916666666666664,4.009895542883093,0.32855530753809425,0.003708585870031286,1.3137638774175568,0.003708585870031286,True,-0.013506486624705357,-3.926458836;-0.06993022051;-0.01350648662,0;0;0,True
0.011962280537777814,0.6379999920135038,4.833333333333334,0.6416666666666666,1.1916666666666664,4.011773292774422,0.3282991305761982,0.0037130391499446535,1.31334864493671,0.0037130391499446535,True,-0.013543957539038472,-3.928444129;-0.06978520585;-0.01354395754,0;0;0,True
0.012307863851111156,0.6369999920713769,4.833333333333334,0.6416666666666666,1.1916666666666664,4.01365104266575,0.3280422057144534,0.0037174602762124393,1.312929480727976,0.0037174602762124393,True,-0.01358148385931037,-3.930429504;-0.06964005468;-0.01358148386,0;0;0,True
0.01265344716444447,0.6359999921292502,4.833333333333334,0.6416666666666666,1.1916666666666664,4.015528792557079,0.3277845329528679,0.0037218492488346384,1.3125063805782813,0.0037218492488346384,True,-0.013619066501051692,-3.93241496;-0.06949476621;-0.0136190665,0;0;0,True
0.012999030477777812,0.6349999921871232,4.833333333333334,0.6416666666666666,1.1916666666666664,4.017406542448407,0.32752611229143636,0.0037262060678112598,1.312079340274497,0.0037262060678112598,True,-0.01365670639189552,-3.934400496;-0.06934933964;-0.01365670639,0;0;0,True
0.013344613791111154,0.6339999922449964,4.833333333333334,0.6416666666666666,1.1916666666666664,4.019284292339736,0.3272669437301632,0.0037305307331422905,1.311648355603535,0.0037305307331422905,True,-0.013694404471809701,-3.936386114;-0.06920377417;-0.01369440447,0;0;0,True
0.013690197104444468,0.6329999923028696,4.833333333333334,0.6416666666666666,1.1916666666666664,4.021162042231065,0.3270070272690484,0.003734823244827739,1.3112134223522884,0.003734823244827739,True,-0.013732161693334865,-3.938371812;-0.06905806897;-0.01373216169,0;0;0,True
0.01403578041777781,0.6319999923607428,4.833333333333334,0.6416666666666666,1.1916666666666664,4.023039792122394,0.3267463629080849,0.003739083602867604,1.3107745363076226,0.003739083602867604,True,-0.013769979021827772,-3.94035759;-0.06891222319;-0.01376997902,0;0;0,True
0.014381363731111152,0.6309999924186158,4.833333333333334,0.6416666666666666,1.1916666666666664,4.024917542013723,0.3264849506472771,0.0037433118072618897,1.3103316932564484,0.0037433118072618897,True,-0.01380785743571108,-3.942343449;-0.068766236;-0.01380785744,0;0;0,True
0.014726947044444494,0.6299999924764891,4.833333333333334,0.6416666666666666,1.1916666666666664,4.026795291905051,0.3262227904866286,0.00374750785801058,1.3098848889856736,0.00374750785801058,True,-0.013845797926728215,-3.944329387;-0.06862010652;-0.01384579793,0;0;0,True
0.015072530357777808,0.6289999925343622,4.833333333333334,0.6416666666666666,1.1916666666666664,4.028673041796379,0.3259598824261314,0.0037516717551136962,1.3094341192821592,0.0037516717551136962,True,-0.013883801500205992,-3.946315406;-0.06847383387;-0.0138838015,0;0;0,True
0.01541811367111115,0.6279999925922353,4.833333333333334,0.6416666666666666,1.1916666666666664,4.030550791687708,0.32569622646579344,0.0037558034985712245,1.3089793799328315,0.0037558034985712245,True,-0.013921869175321665,-3.948301505;-0.06832741717;-0.01392186918,0;0;0,True
0.015763696984444492,0.6269999926501085,4.833333333333334,0.6416666666666666,1.1916666666666664,4.032428541579038,0.32543182260561654,0.0037599030883831734,1.3085206667245912,0.0037599030883831734,True,-0.013960001985378365,-3.950287684;-0.06818085551;-0.01396000199,0;0;0,True
0.016109280297777806,0.6259999927079817,4.833333333333334,0.6416666666666666,1.1916666666666664,4.034306291470366,0.32516667084558826,0.0037639705245495324,1.3080579754442807,0.0037639705245495324,True,-0.01399820097808617,-3.952273943;-0.06803414796;-0.01399820098,0;0;0,True
0.016454863611111148,0.6249999927658549,4.833333333333334,0.6416666666666666,1.1916666666666664,4.036184041361694,0.3249007711857157,0.0037680058070703095,1.3075913018788226,0.0037680058070703095,True,-0.014036467215850588,-3.954260281;-0.0678872936;-0.01403646722,0;0;0,True
0.01680044692444449,0.623999992823728,4.833333333333334,0.6416666666666666,1.1916666666666664,4.038061791253023,0.3246341236260033,0.0037720089359455037,1.3071206418151289,0.0037720089359455037,True,-0.014074801776068183,-3.956246698;-0.06774029146;-0.01407480178,0;0;0,True
0.017146030237777804,0.6229999928816011,4.833333333333334,0.6416666666666666,1.1916666666666664,4.039939541144352,0.32436672816644485,0.0037759799111751163,1.3066459910400667,0.0037759799111751163,True,-0.0141132057514297,-3.958233195;-0.06759314058;-0.01411320575,0;0;0,True
0.017491613551111146,0.6219999929394744,4.833333333333334,0.6416666666666666,1.1916666666666664,4.04181729103568,0.32409858480704123,0.0037799187327591413,1.3061673453405338,0.0037799187327591413,True,-0.014151680250230579,-3.960219771;-0.06744583998;-0.01415168025,0;0;0,True
0.017837196864444488,0.6209999929973475,4.833333333333334,0.6416666666666666,1.1916666666666664,4.043695040927009,0.3238296935477969,0.0037838254006975843,1.3056847005034418,0.0037838254006975843,True,-0.014190226396689681,-3.962206426;-0.06729838865;-0.0141902264,0;0;0,True
0.018182780177777802,0.6199999930552207,4.833333333333334,0.6416666666666666,1.1916666666666664,4.045572790818338,0.3235600543887083,0.0037876999149904452,1.3051980523156694,0.0037876999149904452,True,-0.014228845331275781,-3.96419316;-0.06715078559;-0.01422884533,0;0;0,True
0.018528363491111144,0.6189999931130938,4.833333333333334,0.6416666666666666,1.1916666666666664,4.047450540709667,0.3232896673297745,0.0037915422756377207,1.3047073965641063,0.0037915422756377207,True,-0.014267538211042792,-3.966179973;-0.06700302976;-0.01426753821,0;0;0,True
0.018873946804444486,0.617999993170967,4.833333333333334,0.6416666666666666,1.1916666666666664,4.049328290600995,0.32301853237099465,0.0037953524826394107,1.3042127290356424,0.0037953524826394107,True,-0.014306306209973174,-3.968166864;-0.0668551201;-0.01430630621,0;0;0,True
0.019219530117777828,0.61699999322884,4.833333333333334,0.6416666666666666,1.1916666666666664,4.051206040492324,0.3227466495123723,0.0037991305359955136,1.303714045517186,0.0037991305359955136,True,-0.014345150519330808,-3.970153834;-0.06670705556;-0.01434515052,0;0;0,True
0.019565113431111142,0.6159999932867134,4.833333333333334,0.6416666666666666,1.1916666666666664,4.053083790383653,0.32247401875390835,0.0038028764357060435,1.303211341795634,0.0038028764357060435,True,-0.014384072348022478,-3.972140883;-0.06655883505;-0.01438407235,0;0;0,True
0.019910696744444484,0.6149999933445864,4.833333333333334,0.6416666666666666,1.1916666666666664,4.054961540274981,0.32220064009559746,0.00380659018177098,1.3027046136578575,0.00380659018177098,True,-0.014423072922969432,-3.97412801;-0.06641045746;-0.01442307292,0;0;0,True
0.020256280057777826,0.6139999934024597,4.833333333333334,0.6416666666666666,1.1916666666666664,4.05683929016631,0.32192651353744406,0.003810271774190334,1.3021938568907692,0.003810271774190334,True,-0.01446215348948779,-3.976115215;-0.06626192167;-0.01446215349,0;0;0,True
0.02060186337111114,0.6129999934603328,4.833333333333334,0.6416666666666666,1.1916666666666664,4.058717040057639,0.32165163907944905,0.0038139212129641047,1.301679067281265,0.0038139212129641047,True,-0.014501315311680335,-3.978102498;-0.06611322654;-0.01450131531,0;0;0,True
0.020947446684444482,0.6119999935182059,4.833333333333334,0.6416666666666666,1.1916666666666664,4.060594789948968,0.3213760167216062,0.0038175384980922923,1.3011602406162142,0.0038175384980922923,True,-0.014540559672837619,-3.980089859;-0.06596437091;-0.01454055967,0;0;0,True
0.021293029997777824,0.6109999935760791,4.833333333333334,0.6416666666666666,1.1916666666666664,4.062472539840296,0.3210996464639164,0.003821123629574896,1.3006373726825127,0.003821123629574896,True,-0.014579887875850118,-3.982077298;-0.0658153536;-0.01457988788,0;0;0,True
0.021638613311111138,0.6099999936339523,4.833333333333334,0.6416666666666666,1.1916666666666664,4.064350289731625,0.3208225283063886,0.0038246766074119176,1.300110459267091,0.0038246766074119176,True,-0.014619301243632012,-3.984064815;-0.06566617341;-0.01461930124,0;0;0,True
0.02198419662444448,0.6089999936918254,4.833333333333334,0.6416666666666666,1.1916666666666664,4.066228039622953,0.3205446622490147,0.0038281974316033535,1.299579496156809,0.0038281974316033535,True,-0.0146588011195555,-3.986052409;-0.06551682912;-0.01465880112,0;0;0,True
0.02232977993777782,0.6079999937496987,4.833333333333334,0.6416666666666666,1.1916666666666664,4.068105789514282,0.3202660482917974,0.003831686102149207,1.2990444791385722,0.003831686102149207,True,-0.01469838886789783,-3.988040081;-0.06536731948;-0.01469838887,0;0;0,True
0.022675363251111136,0.6069999938075717,4.833333333333334,0.6416666666666666,1.1916666666666664,4.0699835394056105,0.3199866864347358,0.0038351426190494724,1.2985054039992698,0.0038351426190494724,True,-0.014738065874300195,-3.99002783;-0.06521764323;-0.01473806587,0;0;0,True
0.023020946564444478,0.6059999938654449,4.833333333333334,0.6416666666666666,1.1916666666666664,4.0718612892969395,0.31970657667783176,0.003838566982304153,1.2979622665258026,0.003838566982304153,True,-0.014777833546239056,-3.992015657;-0.06506779908;-0.01477783355,0;0;0,True
0.02336652987777782,0.604999993923318,4.833333333333334,0.6416666666666666,1.1916666666666664,4.073739039188268,0.31942571902108163,0.0038419591919132564,1.2974150625050496,0.0038419591919132564,True,-0.014817693313510917,-3.99400356;-0.06491778573;-0.01481769331,0;0;0,True
0.02371211319111116,0.6039999939811912,4.833333333333334,0.6416666666666666,1.1916666666666664,4.0756167890795965,0.31914411346448457,0.0038453192478767767,1.2968637877239004,0.0038453192478767767,True,-0.014857646628730448,-3.995991541;-0.06476760185;-0.01485764663,0;0;0,True
0.024057696504444476,0.6029999940390642,4.833333333333334,0.6416666666666666,1.1916666666666664,4.077494538970925,0.3188617600080468,0.0038486471501947097,1.296308437969274,0.0038486471501947097,True,-0.014897694967842646,-3.997979598;-0.06461724607;-0.01489769497,0;0;0,True
0.024403279817777818,0.6019999940969375,4.833333333333334,0.6416666666666666,1.1916666666666664,4.0793722888622534,0.3185786586517647,0.0038519428988670547,1.295749009028049,0.0038519428988670547,True,-0.014937839830649361,-3.999967732;-0.06446671702;-0.01493783983,0;0;0,True
0.02474886313111116,0.6009999941548106,4.833333333333334,0.6416666666666666,1.1916666666666664,4.081250038753583,0.3182948093956437,0.0038552064938938177,1.2951854966871412,0.0038552064938938177,True,-0.014978082741350592,-4.001955943;-0.06431601329;-0.01497808274,0;0;0,True
0.025094446444444474,0.5999999942126839,4.833333333333334,0.6416666666666666,1.1916666666666664,4.083127788644911,0.3180102122396722,0.003858437935274999,1.2946178967333966,0.003858437935274999,True,-0.015018425249101937,-4.00394423;-0.06416513345;-0.01501842525,0;0;0,True
0.025440029757777816,0.5989999942705571,4.833333333333334,0.6416666666666666,1.1916666666666664,4.08500553853624,0.31772486718385906,0.0038616372230105976,1.294046204953745,0.0038616372230105976,True,-0.015058868928587115,-4.005932594;-0.06401407606;-0.01505886893,0;0;0,True
0.025785613071111158,0.5979999943284301,4.833333333333334,0.6416666666666666,1.1916666666666664,4.086883288427569,0.31743877422820077,0.0038648043571006107,1.2934704171350653,0.0038648043571006107,True,-0.015099415380607729,-4.007921033;-0.06386283963;-0.01509941538,0;0;0,True
0.02613119638444447,0.5969999943863035,4.833333333333334,0.6416666666666666,1.1916666666666664,4.088761038318897,0.3171519333726991,0.0038679393375450387,1.2928905290642576,0.0038679393375450387,True,-0.015140066232689774,-4.009909549;-0.06371142264;-0.01514006623,0;0;0,True
0.026476779697777814,0.5959999944441766,4.833333333333334,0.6416666666666666,1.1916666666666664,4.090638788210226,0.31686434461735224,0.003871042164343887,1.2923065365282094,0.003871042164343887,True,-0.01518082313970847,-4.011898142;-0.06355982357;-0.01518082314,0;0;0,True
0.026822363011111156,0.5949999945020497,4.833333333333334,0.6416666666666666,1.1916666666666664,4.092516538101554,0.31657600796216023,0.0038741128374971488,1.291718435313813,0.0038741128374971488,True,-0.015221687784530525,-4.013886809;-0.06340804084;-0.01522168778,0;0;0,True
0.027167946324444497,0.5939999945599229,4.833333333333334,0.6416666666666666,1.1916666666666664,4.094394287992883,0.3162869234071284,0.0038771513570048195,1.2911262212079841,0.0038771513570048195,True,-0.015262661878676479,-4.015875553;-0.06325607287;-0.01526266188,0;0;0,True
0.02751352963777781,0.5929999946177961,4.833333333333334,0.6416666666666666,1.1916666666666664,4.096272037884212,0.31599709095225137,0.0038801577228669195,1.2905298899975945,0.0038801577228669195,True,-0.015303747163002174,-4.017864373;-0.06310391804;-0.01530374716,0;0;0,True
0.027859112951111153,0.5919999946756692,4.833333333333334,0.6416666666666666,1.1916666666666664,4.09814978777554,0.31570651059753096,0.003883131935083425,1.2899294374695445,0.003883131935083425,True,-0.015344945408400616,-4.019853268;-0.06295157468;-0.01534494541,0;0;0,True
0.028204696264444495,0.5909999947335424,4.833333333333334,0.6416666666666666,1.1916666666666664,4.10002753766687,0.31541518234296717,0.0038860739936543544,1.289324859410728,0.0038860739936543544,True,-0.015386258416525654,-4.021842238;-0.06279904112;-0.01538625842,0;0;0,True
0.02855027957777781,0.5899999947914154,4.833333333333334,0.6416666666666666,1.1916666666666664,4.101905287558198,0.31512310618855466,0.0038889838985796993,1.2887161516080163,0.0038889838985796993,True,-0.015427688020536899,-4.023831284;-0.06264631564;-0.01542768802,0;0;0,True
0.02889586289111115,0.5889999948492887,4.833333333333334,0.6416666666666666,1.1916666666666664,4.103783037449527,0.3148302821343023,0.0038918616498594518,1.2881033098483392,0.0038918616498594518,True,-0.015469236085867857,-4.025820405;-0.06249339649;-0.01546923609,0;0;0,True
0.029241446204444493,0.5879999949071617,4.833333333333334,0.6416666666666666,1.1916666666666664,4.105660787340855,0.31453671018020124,0.0038947072474936274,1.287486329918554,0.0038947072474936274,True,-0.015510904511017925,-4.027809601;-0.06234028189;-0.01551090451,0;0;0,True
0.029587029517777808,0.586999994965035,4.833333333333334,0.6416666666666666,1.1916666666666664,4.107538537232185,0.3142423903262621,0.0038975206914822176,1.2868652076055977,0.0038975206914822176,True,-0.01555269522836806,-4.029798872;-0.06218697002;-0.01555269523,0;0;0,True
0.02993261283111115,0.5859999950229082,4.833333333333334,0.6416666666666666,1.1916666666666664,4.109416287123513,0.3139473225724778,0.003900301981825223,1.2862399386963346,0.003900301981825223,True,-0.015594610205023198,-4.031788218;-0.06203345904;-0.01559461021,0;0;0,True
0.03027819614444449,0.5849999950807813,4.833333333333334,0.6416666666666666,1.1916666666666664,4.111294037014841,0.3136515069188448,0.0039030511185226477,1.285610518977643,0.0039030511185226477,True,-0.015636651443680125,-4.033777639;-0.06187974706;-0.01563665144,0;0;0,True
0.030623779457777806,0.5839999951386545,4.833333333333334,0.6416666666666666,1.1916666666666664,4.11317178690617,0.3133549433653755,0.0039057681015744836,1.284976944236469,0.0039057681015744836,True,-0.01567882098352265,-4.035767134;-0.06172583214;-0.01567882098,0;0;0,True
0.030969362771111147,0.5829999951965278,4.833333333333334,0.6416666666666666,1.1916666666666664,4.115049536797499,0.3130576319120575,0.003908452930980744,1.2843392102596534,0.003908452930980744,True,-0.015721120901146576,-4.037756704;-0.06157171235;-0.0157211209,0;0;0,True
0.03131494608444449,0.5819999952544008,4.833333333333334,0.6416666666666666,1.1916666666666664,4.116927286688828,0.3127595725588961,0.00391110560674141,1.2836973128341123,0.00391110560674141,True,-0.01576355331151283,-4.039746348;-0.06141738566;-0.01576355331,0;0;0,True
0.03166052939777783,0.5809999953122741,4.833333333333334,0.6416666666666666,1.1916666666666664,4.118805036580156,0.31246076530588773,0.003913726128856495,1.283051247746724,0.003913726128856495,True,-0.015806120368932336,-4.041736066;-0.06126285005;-0.01580612037,0;0;0,True
0.032006112711111145,0.5799999953701471,4.833333333333334,0.6416666666666666,1.1916666666666664,4.120682786471485,0.31216121015303777,0.003916314497326002,1.2824010107844044,0.003916314497326002,True,-0.015848824268082363,-4.043725859;-0.06110810343;-0.01584882427,0;0;0,True
0.03235169602444449,0.5789999954280203,4.833333333333334,0.6416666666666666,1.1916666666666664,4.122560536362814,0.311860907100348,0.003918870712149923,1.281746597734054,0.003918870712149923,True,-0.015891667245056307,-4.045715725;-0.06095314369;-0.01589166725,0;0;0,True
0.03269727933777783,0.5779999954858934,4.833333333333334,0.6416666666666666,1.1916666666666664,4.124438286254143,0.31155985614780946,0.003921394773328256,1.2810880043825301,0.003921394773328256,True,-0.015934651578448363,-4.047705666;-0.06079796866;-0.01593465158,0;0;0,True
0.03304286265111114,0.5769999955437666,4.833333333333334,0.6416666666666666,1.1916666666666664,4.126316036145471,0.31125805729542755,0.003923886680861004,1.2804252265167473,0.003923886680861004,True,-0.015977779590473598,-4.04969568;-0.06064257613;-0.01597777959,0;0;0,True
0.033388445964444485,0.5759999956016396,4.833333333333334,0.6416666666666666,1.1916666666666664,4.1281937860368,0.31095551054320225,0.003926346434748172,1.2797582599236,0.003926346434748172,True,-0.016021053648125987,-4.051685769;-0.06048696384;-0.01602105365,0;0;0,True
0.03373402927777783,0.5749999956595129,4.833333333333334,0.6416666666666666,1.1916666666666664,4.130071535928129,0.3106522158911318,0.00392877403498976,1.2790871003899735,0.00392877403498976,True,-0.01606447616437498,-4.05367593;-0.06033112951;-0.01606447616,0;0;0,True
0.03407961259111114,0.5739999957173861,4.833333333333334,0.6416666666666666,1.1916666666666664,4.131949285819457,0.31034817333921794,0.003931169481585757,1.2784117437027687,0.003931169481585757,True,-0.0161080495994033,-4.055666165;-0.06017507078;-0.0161080496,0;0;0,True
0.03442519590444448,0.5729999957752592,4.833333333333334,0.6416666666666666,1.1916666666666664,4.133827035710786,0.3100433828874607,0.003933532774536176,1.2777321856488795,0.003933532774536176,True,-0.016151776461886102,-4.057656474;-0.06001878526;-0.01615177646,0;0;0,True
0.034770779217777825,0.5719999958331324,4.833333333333334,0.6416666666666666,1.1916666666666664,4.135704785602114,0.3097378445358565,0.003935863913841005,1.2770484220151843,0.003935863913841005,True,-0.016195659310315084,-4.059646856;-0.0598622705;-0.01619565931,0;0;0,True
0.03511636253111114,0.5709999958910057,4.833333333333334,0.6416666666666666,1.1916666666666664,4.137582535493443,0.30943155828441427,0.003938162899500257,1.2763604485886133,0.003938162899500257,True,-0.016239700754367765,-4.061637311;-0.059705524;-0.01623970075,0;0;0,True
0.03546194584444448,0.5699999959488788,4.833333333333334,0.6416666666666666,1.1916666666666664,4.1394602853847715,0.30912452413312863,0.003940429731513917,1.2756682611560384,0.003940429731513917,True,-0.016283903456324966,-4.063627839;-0.05954854322;-0.01628390346,0;0;0,True
0.03580752915777782,0.568999996006752,4.833333333333334,0.6416666666666666,1.1916666666666664,4.1413380352761004,0.3088167420819925,0.003942664409881997,1.2749718555043232,0.003942664409881997,True,-0.01632827013253808,-4.06561844;-0.05939132556;-0.01632827013,0;0;0,True
0.036153112471111165,0.567999996064625,4.833333333333334,0.6416666666666666,1.1916666666666664,4.143215785167429,0.30850821213101476,0.0039448669346044945,1.2742712274203978,0.0039448669346044945,True,-0.016372803554948193,-4.067609113;-0.05923386834;-0.01637280355,0;0;0,True
0.03649869578444448,0.5669999961224983,4.833333333333334,0.6416666666666666,1.1916666666666664,4.145093535058757,0.3081989342801936,0.003947037305681406,1.2735663726911481,0.003947037305681406,True,-0.016417506552659705,-4.06959986;-0.05907616887;-0.01641750655,0;0;0,True
0.03684427909777782,0.5659999961803713,4.833333333333334,0.6416666666666666,1.1916666666666664,4.146971284950086,0.3078889085295291,0.003949175523112732,1.2728572871034682,0.003949175523112732,True,-0.01646238201357049,-4.071590679;-0.05891822435;-0.01646238201,0;0;0,True
0.03718986241111116,0.5649999962382445,4.833333333333334,0.6416666666666666,1.1916666666666664,4.148849034841415,0.3075781348790212,0.0039512815868984795,1.2721439664442513,0.0039512815868984795,True,-0.01650743288606117,-4.07358157;-0.05876003195;-0.01650743289,0;0;0,True
0.03753544572444448,0.5639999962961176,4.833333333333334,0.6416666666666666,1.1916666666666664,4.150726784732743,0.30726661332866456,0.003953355497038639,1.2714264065003684,0.003953355497038639,True,-0.01655266218074603,-4.075572534;-0.05860158878;-0.01655266218,0;0;0,True
0.03788102903777782,0.5629999963539908,4.833333333333334,0.6416666666666666,1.1916666666666664,4.152604534624072,0.3069543438784681,0.00395539725353322,1.2707046030587503,0.00395539725353322,True,-0.0165980729722887,-4.07756357;-0.05844289187;-0.01659807297,0;0;0,True
0.03822661235111116,0.5619999964118638,4.833333333333334,0.6416666666666666,1.1916666666666664,4.154482284515401,0.30664132652842646,0.0039574068563822075,1.269978551906268,0.0039574068563822075,True,-0.01664366840128499,-4.079554678;-0.05828393819;-0.0166436684,0;0;0,True
0.038572195664444475,0.5609999964697372,4.833333333333334,0.6416666666666666,1.1916666666666664,4.156360034406729,0.30632756127854144,0.003959384305585619,1.2692482488298225,0.003959384305585619,True,-0.016689451676216428,-4.081545858;-0.05812472465;-0.01668945168,0;0;0,True
0.03891777897777782,0.5599999965276103,4.833333333333334,0.6416666666666666,1.1916666666666664,4.158237784298058,0.30601304812881125,0.003961329601143445,1.2685136896162998,0.003961329601143445,True,-0.016735426075477657,-4.08353711;-0.05796524806;-0.01673542608,0;0;0,True
0.03926336229111116,0.5589999965854835,4.833333333333334,0.6416666666666666,1.1916666666666664,4.160115534189387,0.30569778707923945,0.003963242743055689,1.2677748700526081,0.003963242743055689,True,-0.016781594949480144,-4.085528434;-0.05780550521;-0.01678159495,0;0;0,True
0.03960894560444447,0.5579999966433568,4.833333333333334,0.6416666666666666,1.1916666666666664,4.161993284080715,0.3053817781298207,0.003965123731322344,1.2670317859256186,0.003965123731322344,True,-0.016827961722837875,-4.08751983;-0.05764549276;-0.01682796172,0;0;0,True
0.039954528917777815,0.5569999967012299,4.833333333333334,0.6416666666666666,1.1916666666666664,4.163871033972044,0.30506502128056034,0.003966972565943418,1.266284433022247,0.003966972565943418,True,-0.01687452989663629,-4.089511297;-0.05748520733;-0.0168745299,0;0;0,True
0.04030011223111116,0.555999996759103,4.833333333333334,0.6416666666666666,1.1916666666666664,4.165748783863372,0.3047475165314548,0.003968789246918909,1.2655328071293719,0.003968789246918909,True,-0.016921303050790787,-4.091502835;-0.05732464546;-0.01692130305,0;0;0,True
0.0406456955444445,0.5549999968169762,4.833333333333334,0.6416666666666666,1.1916666666666664,4.167626533754701,0.30442926388250413,0.0039705737742488124,1.2647769040338872,0.0039705737742488124,True,-0.016968284846497213,-4.093494445;-0.05716380358;-0.01696828485,0;0;0,True
0.04099127885777781,0.5539999968748492,4.833333333333334,0.6416666666666666,1.1916666666666664,4.16950428364603,0.30411026333371005,0.003972326147933135,1.264016719522693,0.003972326147933135,True,-0.01701547902877995,-4.095486127;-0.05700267806;-0.01701547903,0;0;0,True
0.041336862171111155,0.5529999969327225,4.833333333333334,0.6416666666666666,1.1916666666666664,4.171382033537359,0.30379051488507613,0.003974046367971874,1.2632522493826983,0.003974046367971874,True,-0.017062889429141824,-4.097477879;-0.05684126518;-0.01706288943,0;0;0,True
0.0416824454844445,0.5519999969905955,4.833333333333334,0.6416666666666666,1.1916666666666664,4.173259783428688,0.3034700185365953,0.003975734434365028,1.2624834894007666,0.003975734434365028,True,-0.0171105199683211,-4.099469702;-0.05667956112;-0.01711051997,0;0;0,True
0.04202802879777781,0.5509999970484687,4.833333333333334,0.6416666666666666,1.1916666666666664,4.175137533320017,0.30314877428826925,0.003977390347112596,1.2617104353637985,0.003977390347112596,True,-0.017158374659160057,-4.101461597;-0.05651756199;-0.01715837466,0;0;0,True
0.04237361211111115,0.5499999971063418,4.833333333333334,0.6416666666666666,1.1916666666666664,4.177015283211345,0.30282678214009806,0.003979014106214581,1.2609330830586873,0.003979014106214581,True,-0.01720645760959267,-4.103453562;-0.05635526379;-0.01720645761,0;0;0,True
0.042719195424444495,0.548999997164215,4.833333333333334,0.6416666666666666,1.1916666666666664,4.178893033102673,0.30250404209208526,0.003980605711670985,1.2601514282723418,0.003980605711670985,True,-0.0172547730257543,-4.105445598;-0.05619266241;-0.01725477303,0;0;0,True
0.04306477873777781,0.5479999972220884,4.833333333333334,0.6416666666666666,1.1916666666666664,4.180770782994002,0.30218055414422906,0.003982165163481806,1.2593654667916483,0.003982165163481806,True,-0.017303325215223323,-4.107437704;-0.05602975365;-0.01730332522,0;0;0,True
0.04341036205111115,0.5469999972799614,4.833333333333334,0.6416666666666666,1.1916666666666664,4.182648532885331,0.3018563182965259,0.00398369246164704,1.2585751944034846,0.00398369246164704,True,-0.01735211859039779,-4.109429881;-0.05586653322;-0.01735211859,0;0;0,True
0.04375594536444449,0.5459999973378346,4.833333333333334,0.6416666666666666,1.1916666666666664,4.18452628277666,0.30153133454898295,0.003985187606166693,1.2577806068947743,0.003985187606166693,True,-0.017401157672016897,-4.111422128;-0.05570299669;-0.01740115767,0;0;0,True
0.04410152867777781,0.5449999973957079,4.833333333333334,0.6416666666666666,1.1916666666666664,4.186404032667988,0.3012056029015948,0.003986650597040759,1.2569817000523884,0.003986650597040759,True,-0.017450447092833346,-4.113414446;-0.05553913954;-0.01745044709,0;0;0,True
0.04444711199111115,0.543999997453581,4.833333333333334,0.6416666666666666,1.1916666666666664,4.188281782559317,0.30087912335435796,0.003988081434269241,1.2561784696632057,0.003988081434269241,True,-0.017499991601445077,-4.115406834;-0.05537495714;-0.0174999916,0;0;0,True
0.04479269530444449,0.5429999975114541,4.833333333333334,0.6416666666666666,1.1916666666666664,4.190159532450646,0.3005518959072848,0.003989480117852139,1.2553709115141716,0.003989480117852139,True,-0.017549796066294608,-4.117399292;-0.05521044472;-0.01754979607,0;0;0,True
0.04513827861777783,0.5419999975693273,4.833333333333334,0.6416666666666666,1.1916666666666664,4.192037282341975,0.3002239205603612,0.003990846647789455,1.25455902139212,0.003990846647789455,True,-0.017599865479845364,-4.119391819;-0.05504559739;-0.01759986548,0;0;0,True
0.04548386193111115,0.5409999976272004,4.833333333333334,0.6416666666666666,1.1916666666666664,4.193915032233303,0.2998951973135977,0.003992181024081187,1.2537427950839886,0.003992181024081187,True,-0.01765020496294384,-4.121384417;-0.05488041013;-0.01765020496,0;0;0,True
0.04582944524444449,0.5399999976850735,4.833333333333334,0.6416666666666666,1.1916666666666664,4.195792782124632,0.2995657261669873,0.003993483246727338,1.2529222283766417,0.003993483246727338,True,-0.017700819769378883,-4.123377085;-0.05471487781;-0.01770081977,0;0;0,True
0.04617502855777783,0.5389999977429467,4.833333333333334,0.6416666666666666,1.1916666666666664,4.19767053201596,0.2992355071205335,0.003994753315727896,1.2520973170569873,0.003994753315727896,True,-0.01775171529064814,-4.125369822;-0.05454899514;-0.01775171529,0;0;0,True
0.046520611871111145,0.5379999978008199,4.833333333333334,0.6416666666666666,1.1916666666666664,4.199548281907289,0.29890454017423984,0.0039959912310828785,1.251268056911934,0.0039959912310828785,True,-0.01780289706094347,-4.127362628;-0.05438275668;-0.01780289706,0;0;0,True
0.04686619518444449,0.536999997858693,4.833333333333334,0.6416666666666666,1.1916666666666664,4.201426031798618,0.2985728253280975,0.0039971969927922735,1.2504344437283381,0.0039971969927922735,True,-0.01785437076236756,-4.129355504;-0.05421615687;-0.01785437076,0;0;0,True
0.04721177849777783,0.5359999979165662,4.833333333333334,0.6416666666666666,1.1916666666666664,4.203303781689947,0.29824036258211173,0.003998370600856085,1.2495964732931149,0.003998370600856085,True,-0.017906142230395414,-4.131348449;-0.05404918997;-0.01790614223,0;0;0,True
0.04755736181111114,0.5349999979744394,4.833333333333334,0.6416666666666666,1.1916666666666664,4.2051815315812755,0.2979071519362826,0.003999512055274316,1.2487541413931582,0.003999512055274316,True,-0.0179582174595941,-4.133341464;-0.05388185008;-0.01795821746,0;0;0,True
0.047902945124444485,0.5339999980323126,4.833333333333334,0.6416666666666666,1.1916666666666664,4.2070592814726036,0.29757319339061183,0.004000621356046959,1.2479074438153686,0.004000621356046959,True,-0.018010602609616785,-4.135334548;-0.05371413117;-0.01801060261,0;0;0,True
0.04824852843777783,0.5329999980901857,4.833333333333334,0.6416666666666666,1.1916666666666664,4.2089370313639325,0.2972384869450906,0.004001698503174023,1.2470563763466025,0.004001698503174023,True,-0.018063304011485554,-4.1373277;-0.053546027;-0.01806330401,0;0;0,True
0.04859411175111114,0.5319999981480589,4.833333333333334,0.6416666666666666,1.1916666666666664,4.2108147812552605,0.2969030325997313,0.004002743496655495,1.2462009347738054,0.004002743496655495,True,-0.018116328174182173,-4.139320922;-0.05337753116;-0.01811632817,0;0;0,True
0.04893969506444448,0.5309999982059321,4.833333333333334,0.6416666666666666,1.1916666666666664,4.2126925311465895,0.2965668303545268,0.004003756336491383,1.2453411148838414,0.004003756336491383,True,-0.018169681791563686,-4.141314212;-0.05320863707;-0.01816968179,0;0;0,True
0.049285278377777825,0.5299999982638053,4.833333333333334,0.6416666666666666,1.1916666666666664,4.214570281037918,0.29622988020947894,0.004004737022681699,1.2444769124636108,0.004004737022681699,True,-0.0182233717496235,-4.143307571;-0.05303933795;-0.01822337175,0;0;0,True
0.04963086169111117,0.5289999983216783,4.833333333333334,0.6416666666666666,1.1916666666666664,4.216448030929247,0.2958921821645877,0.004005685555226422,1.2436083233000075,0.004005685555226422,True,-0.018277405134118744,-4.145300999;-0.05286962681;-0.01827740513,0;0;0,True
0.04997644500444448,0.5279999983795516,4.833333333333334,0.6416666666666666,1.1916666666666664,4.218325780820575,0.2955537362198495,0.00400660193412556,1.2427353431799093,0.00400660193412556,True,-0.018331789238586624,-4.147294495;-0.05269949646;-0.01833178924,0;0;0,True
0.05032202831777782,0.5269999984374246,4.833333333333334,0.6416666666666666,1.1916666666666664,4.220203530711904,0.2952145423752697,0.0040074861593791195,1.241857967890233,0.0040074861593791195,True,-0.018386531572774815,-4.14928806;-0.0525289395;-0.01838653157,0;0;0,True
0.050667611631111165,0.5259999984952979,4.833333333333334,0.6416666666666666,1.1916666666666664,4.222081280603233,0.2948746006308429,0.004008338230987095,1.2409761932178494,0.004008338230987095,True,-0.018441639871510603,-4.151281692;-0.0523579483;-0.01844163987,0;0;0,True
0.05101319494444448,0.5249999985531709,4.833333333333334,0.6416666666666666,1.1916666666666664,4.223959030494561,0.29453391098657455,0.004009158148949477,1.2400900149496734,0.004009158148949477,True,-0.018497122104039487,-4.153275393;-0.05218651499;-0.0184971221,0;0;0,True
0.05135877825777782,0.5239999986110441,4.833333333333334,0.6416666666666666,1.1916666666666664,4.22583678038589,0.29419247344245925,0.0040099459132662855,1.2391994288725772,0.0040099459132662855,True,-0.018552986483860962,-4.155269162;-0.05201463145;-0.01855298648,0;0;0,True
0.05170436157111116,0.5229999986689172,4.833333333333334,0.6416666666666666,1.1916666666666664,4.227714530277219,0.2938502879985041,0.004010701523937507,1.2383044307734838,0.004010701523937507,True,-0.018609241479096456,-4.157262999;-0.05184228934;-0.01860924148,0;0;0,True
0.05204994488444448,0.5219999987267905,4.833333333333334,0.6416666666666666,1.1916666666666664,4.229592280168547,0.293507354654702,0.0040114249809631445,1.2374050164392565,0.0040114249809631445,True,-0.018665895823422915,-4.159256904;-0.05166948;-0.01866589582,0;0;0,True
0.05239552819777782,0.5209999987846636,4.833333333333334,0.6416666666666666,1.1916666666666664,4.231470030059876,0.2931636734110601,0.004012116284343197,1.236501181656819,0.004012116284343197,True,-0.018722958527611973,-4.161250877;-0.05149619454;-0.01872295853,0;0;0,True
0.05274111151111116,0.5199999988425368,4.833333333333334,0.6416666666666666,1.1916666666666664,4.233347779951205,0.29281924426756945,0.004012775434077669,1.235592922213027,0.004012775434077669,True,-0.01878043889171424,-4.163244917;-0.05132242376;-0.01878043889,0;0;0,True
0.0530866948244445,0.5189999989004099,4.833333333333334,0.6416666666666666,1.1916666666666664,4.235225529842534,0.2924740672242372,0.004013402430166557,1.2346802338948044,0.004013402430166557,True,-0.018838346517934507,-4.165239025;-0.05114815815;-0.01883834652,0;0;0,True
0.05343227813777782,0.5179999989582833,4.833333333333334,0.6416666666666666,1.1916666666666664,4.237103279733862,0.29212814228106154,0.004013997272609855,1.2337631124890363,0.004013997272609855,True,-0.018896691324245027,-4.167233201;-0.05097338791;-0.01889669132,0;0;0,True
0.05377786145111116,0.5169999990161563,4.833333333333334,0.6416666666666666,1.1916666666666664,4.238981029625191,0.29178146943803895,0.004014559961407574,1.2328415537826019,0.004014559961407574,True,-0.018955483558791168,-4.169227443;-0.05079810288;-0.01895548356,0;0;0,True
0.0541234447644445,0.5159999990740295,4.833333333333334,0.6416666666666666,1.1916666666666664,4.24085877951652,0.29143404869517475,0.004015090496559704,1.231915553562417,0.004015090496559704,True,-0.019014733815141873,-4.171221753;-0.05062229257;-0.01901473382,0;0;0,True
0.054469028077777815,0.5149999991319026,4.833333333333334,0.6416666666666666,1.1916666666666664,4.242736529407849,0.29108588005246716,0.0040155888780662565,1.2309851076153677,0.0040155888780662565,True,-0.019074453048452417,-4.17321613;-0.05044594613;-0.01907445305,0;0;0,True
0.05481461139111116,0.5139999991897758,4.833333333333334,0.6416666666666666,1.1916666666666664,4.244614279299177,0.2907369635099126,0.004016055105927227,1.2300502117283318,0.004016055105927227,True,-0.01913465259260027,-4.175210574;-0.05026905232;-0.01913465259,0;0;0,True
0.0551601947044445,0.5129999992476488,4.833333333333334,0.6416666666666666,1.1916666666666664,4.246492029190506,0.29038729906751826,0.004016489180142608,1.2291108616882334,0.004016489180142608,True,-0.01919534417837173,-4.177205085;-0.05009159952;-0.01919534418,0;0;0,True
0.05550577801777781,0.5119999993055221,4.833333333333334,0.6416666666666666,1.1916666666666664,4.248369779081835,0.29003688672527694,0.00401689110071241,1.2281670532819355,0.00401689110071241,True,-0.019256539952775112,-4.179199663;-0.04991357568;-0.01925653995,0;0;0,True
0.055851361331111155,0.5109999993633951,4.833333333333334,0.6416666666666666,1.1916666666666664,4.250247528973163,0.28968572648319224,0.004017260867636617,1.2272187822963467,0.004017260867636617,True,-0.01931825249956831,-4.181194308;-0.04973496831;-0.0193182525,0;0;0,True
0.056196944644444496,0.5099999994212683,4.833333333333334,0.6416666666666666,1.1916666666666664,4.252125278864492,0.28933381834126237,0.004017598480915249,1.2262660445183533,0.004017598480915249,True,-0.019380494861095544,-4.18318902;-0.04955576448;-0.01938049486,0;0;0,True
0.05654252795777781,0.5089999994791417,4.833333333333334,0.6416666666666666,1.1916666666666664,4.25400302875582,0.28898116229948556,0.004017903940548299,1.2253088357348403,0.004017903940548299,True,-0.019443280561534597,-4.185183797;-0.04937595075;-0.01944328056,0;0;0,True
0.05688811127111115,0.5079999995370147,4.833333333333334,0.6416666666666666,1.1916666666666664,4.25588077864715,0.28862775835787424,0.004018177246535763,1.2243471517327555,0.004018177246535763,True,-0.019506623631668548,-4.187178642;-0.0491955132;-0.01950662363,0;0;0,True
0.057233694584444494,0.5069999995948878,4.833333333333334,0.6416666666666666,1.1916666666666664,4.257758528538478,0.2882736065164142,0.004018418398877638,1.2233809882989302,0.004018418398877638,True,-0.01957053863530651,-4.189173553;-0.04901443737;-0.01957053864,0;0;0,True
0.057579277897777836,0.505999999652761,4.833333333333334,0.6416666666666666,1.1916666666666664,4.259636278429807,0.287918706775109,0.004018627397573934,1.222410341220274,0.004018627397573934,True,-0.019635040697484864,-4.19116853;-0.04883270822;-0.0196350407,0;0;0,True
0.05792486121111115,0.5049999997106343,4.833333333333334,0.6416666666666666,1.1916666666666664,4.261514028321136,0.2875630591339622,0.00401880424262465,1.2214352062836955,0.00401880424262465,True,-0.01970014553460341,-4.193163573;-0.04865031015;-0.01970014553,0;0;0,True
0.05827044452444449,0.5039999997685075,4.833333333333334,0.6416666666666666,1.1916666666666664,4.263391778212464,0.28720666359296665,0.004018948934029772,1.220455579276057,0.004018948934029772,True,-0.019765869486654868,-4.195158682;-0.0484672269;-0.01976586949,0;0;0,True
0.058616027837777834,0.5029999998263806,4.833333333333334,0.6416666666666666,1.1916666666666664,4.265269528103792,0.2868495201521295,0.004019061471789315,1.2194714559842832,0.004019061471789315,True,-0.019832229551733093,-4.197153857;-0.04828344159;-0.01983222955,0;0;0,True
0.05896161115111115,0.5019999998842537,4.833333333333334,0.6416666666666666,1.1916666666666664,4.267147277995122,0.28649162881144896,0.004019141855903282,1.2184828321952599,0.004019141855903282,True,-0.019899243423013108,-4.199149098;-0.04809893661;-0.01989924342,0;0;0,True
0.05930719446444449,0.5009999999421269,4.833333333333334,0.6416666666666666,1.1916666666666664,4.2690250278864506,0.2861329895709268,0.004019190086371654,1.2174897036958876,0.004019190086371654,True,-0.019966929528428653,-4.201144405;-0.04791369364;-0.01996692953,0;0;0,True
0.05965277777777783,0.5,4.833333333333334,0.6416666666666666,1.1916666666666664,4.270902777777779,0.28577360243055594,0.004019206163194445,1.2164920662730294,0.004019206163194445,True,-0.020035307073286244,-4.203139777;-0.04772769357;-0.02003530707,0;0;0,True
0.059998361091111146,0.4990000000578731,4.833333333333334,0.6416666666666666,1.1916666666666664,4.2727805276691075,0.28541346739034523,0.004019190086371651,1.2154899157136172,0.004019190086371651,True,-0.02010439608608731,-4.205135215;-0.04754091647;-0.02010439609,0;0;0,True
0.06034394440444449,0.49800000011574624,4.833333333333334,0.6416666666666666,1.1916666666666664,4.274658277560436,0.2850525844502876,0.004019141855903274,1.2144832478045138,0.004019141855903274,True,-0.020174217467856668,-4.207130719;-0.04735334154;-0.02017421747,0;0;0,True
0.06068952771777783,0.49700000017361934,4.833333333333334,0.6416666666666666,1.1916666666666664,4.2765360274517645,0.28469095361038477,0.004019061471789315,1.2134720583326202,0.004019061471789315,True,-0.02024479304531059,-4.209126287;-0.04716494704;-0.02024479305,0;0;0,True
0.061035111031111144,0.49600000023149265,4.833333333333334,0.6416666666666666,1.1916666666666664,4.278413777343093,0.28432857487063856,0.004018948934029776,1.2124563430848372,0.004018948934029776,True,-0.020316145628234757,-4.211121921;-0.04697571027;-0.02031614563,0;0;0,True
0.061380694344444486,0.49500000028936586,4.833333333333334,0.6416666666666666,1.1916666666666664,4.2802915272344215,0.2839654482310525,0.004018804242624647,1.2114360978480743,0.004018804242624647,True,-0.020388299071484844,-4.213117621;-0.04678560746;-0.02038829907,0;0;0,True
0.06172627765777783,0.4940000003472389,4.833333333333334,0.6416666666666666,1.1916666666666664,4.2821692771257505,0.2836015736916213,0.004018627397573934,1.2104113184092014,0.004018627397573934,True,-0.020461278342074868,-4.215113385;-0.04659461376;-0.02046127834,0;0;0,True
0.06207186097111117,0.4930000004051121,4.833333333333334,0.6416666666666666,1.1916666666666664,4.284047027017079,0.28323695125234316,0.004018418398877645,1.2093820005551046,0.004018418398877645,True,-0.02053510959186633,-4.217109214;-0.04640270309;-0.02053510959,0;0;0,True
0.062417444284444484,0.4920000004629854,4.833333333333334,0.6416666666666666,1.1916666666666664,4.2859247769084075,0.2828715809132234,0.004018177246535759,1.2083481400726999,0.004018177246535759,True,-0.020609820236445316,-4.219105109;-0.04620984815;-0.02060982024,0;0;0,True
0.06276302759777783,0.4910000005208585,4.833333333333334,0.6416666666666666,1.1916666666666664,4.287802526799736,0.28250546267425847,0.004017903940548299,1.2073097327488658,0.004017903940548299,True,-0.0206854390408362,-4.221101067;-0.04601602027;-0.02068543904,0;0;0,True
0.06310861091111117,0.49000000057873166,4.833333333333334,0.6416666666666666,1.1916666666666664,4.289680276691064,0.28213859653545015,0.004017598480915249,1.2062667743705031,0.004017598480915249,True,-0.020761996212791727,-4.223097091;-0.04582118933;-0.02076199621,0;0;0,True
0.06345419422444448,0.48900000063660476,4.833333333333334,0.6416666666666666,1.1916666666666664,4.291558026582394,0.28177098249679844,0.0040172608676366205,1.205219260724506,0.0040172608676366205,True,-0.020839523504493494,-4.225093179;-0.04562532368;-0.0208395235,0;0;0,True
0.06379977753777782,0.48800000069447796,4.833333333333334,0.6416666666666666,1.1916666666666664,4.293435776473722,0.28140262055830334,0.004016891100712406,1.204167187597767,0.004016891100712406,True,-0.020918054323600156,-4.227089332;-0.04542839;-0.02091805432,0;0;0,True
0.06414536085111117,0.487000000752351,4.833333333333334,0.6416666666666666,1.1916666666666664,4.295313526365051,0.2810335107199613,0.004016489180142608,1.2031105507771647,0.004016489180142608,True,-0.02099762385472194,-4.229085549;-0.04523035321;-0.02099762385,0;0;0,True
0.06449094416444448,0.4860000008102242,4.833333333333334,0.6416666666666666,1.1916666666666664,4.29719127625638,0.2806636529817723,0.004016055105927227,1.202049346049593,0.004016055105927227,True,-0.021078269192529704,-4.231081831;-0.04503117631;-0.02107826919,0;0;0,True
0.06483652747777782,0.4850000008680974,4.833333333333334,0.6416666666666666,1.1916666666666664,4.299069026147708,0.2802930473437488,0.00401558887806626,1.2009835692019974,0.00401558887806626,True,-0.021160029487898697,-4.233078176;-0.04483082025;-0.02116002949,0;0;0,True
0.06518211079111116,0.4840000009259705,4.833333333333334,0.6416666666666666,1.1916666666666664,4.300946776039037,0.27992169380587484,0.004015090496559707,1.1999132160212043,0.004015090496559707,True,-0.02124294610866674,-4.235074586;-0.04462924375;-0.02124294611,0;0;0,True
0.06552769410444448,0.48300000098384377,4.833333333333334,0.6416666666666666,1.1916666666666664,4.302824525930365,0.27954959236815746,0.004014559961407571,1.1988382822941364,0.004014559961407571,True,-0.02132706281683735,-4.23707106;-0.04442640313;-0.02132706282,0;0;0,True
0.06587327741777782,0.48200000104171686,4.833333333333334,0.6416666666666666,1.1916666666666664,4.304702275821695,0.27917674303060025,0.004013997272609858,1.1977587638077036,0.004013997272609858,True,-0.02141242596432507,-4.239067598;-0.04422225216;-0.02141242596,0;0;0,True
0.06621886073111116,0.48100000109959007,4.833333333333334,0.6416666666666666,1.1916666666666664,4.306580025713023,0.2788031457931961,0.0040134024301665535,1.1966746563487676,0.0040134024301665535,True,-0.02149908470966417,-4.241064199;-0.04401674176;-0.02149908471,0;0;0,True
0.0665644440444445,0.4800000011574633,4.833333333333334,0.6416666666666666,1.1916666666666664,4.308457775604352,0.2784288006559468,0.004012775434077669,1.1955859557042303,0.004012775434077669,True,-0.021587091258487203,-4.243060865;-0.04380981982;-0.02158709126,0;0;0,True
0.06691002735777782,0.4790000012153364,4.833333333333334,0.6416666666666666,1.1916666666666664,4.310335525495681,0.27805370761885406,0.0040121162843432005,1.1944926576609927,0.0040121162843432005,True,-0.021676501131032654,-4.245057593;-0.04360143092;-0.02167650113,0;0;0,True
0.06725561067111116,0.47800000127320963,4.833333333333334,0.6416666666666666,1.1916666666666664,4.312213275387009,0.2776778666819162,0.0040114249809631445,1.1933947580059399,0.0040114249809631445,True,-0.021767373460483547,-4.247054386;-0.04339151602;-0.02176737346,0;0;0,True
0.0676011939844445,0.4770000013310827,4.833333333333334,0.6416666666666666,1.1916666666666664,4.314091025278338,0.2773012778451349,0.004010701523937511,1.1922922525259738,0.004010701523937511,True,-0.0218597713265831,-4.249051242;-0.04318001213;-0.02185977133,0;0;0,True
0.06794677729777782,0.4760000013889559,4.833333333333334,0.6416666666666666,1.1916666666666664,4.315968775169666,0.2769239411085085,0.0040099459132662855,1.1911851370079798,0.0040099459132662855,True,-0.02195376212975655,-4.251048161;-0.04296685194;-0.02195376213,0;0;0,True
0.06829236061111116,0.4750000014468291,4.833333333333334,0.6416666666666666,1.1916666666666664,4.317846525060995,0.276545856472044,0.004009158148949477,1.1900734072388823,0.004009158148949477,True,-0.022049418011902775,-4.253045144;-0.04275196341;-0.02204941801,0;0;0,True
0.0686379439244445,0.4740000015047022,4.833333333333334,0.6416666666666666,1.1916666666666664,4.319724274952324,0.2761670239357308,0.004008338230987087,1.1889570590055287,0.004008338230987087,True,-0.022146816331164672,-4.255042189;-0.04253526927;-0.02214681633,0;0;0,True
0.06898352723777781,0.4730000015625754,4.833333333333334,0.6416666666666666,1.1916666666666664,4.321602024843653,0.27578744349957596,0.004007486159379116,1.1878360880948429,0.004007486159379116,True,-0.022246040199371868,-4.257039298;-0.04231668651;-0.0222460402,0;0;0,True
0.06932911055111116,0.4720000016204484,4.833333333333334,0.6416666666666666,1.1916666666666664,4.323479774734981,0.27540711516357597,0.00400660193412556,1.1867104902937027,0.00400660193412556,True,-0.022347179092557432,-4.25903647;-0.04209612574;-0.02234717909,0;0;0,True
0.0696746938644445,0.4710000016783216,4.833333333333334,0.6416666666666666,1.1916666666666664,4.325357524626311,0.2750260389277326,0.004005685555226422,1.1855802613890103,0.004005685555226422,True,-0.022450329547050136,-4.261033705;-0.04187349051;-0.02245032955,0;0;0,True
0.07002027717777781,0.47000000173619494,4.833333333333334,0.6416666666666666,1.1916666666666664,4.327235274517639,0.2746442147920458,0.0040047370226816955,1.184445397167658,0.0040047370226816955,True,-0.022555595956251184,-4.263031002;-0.04164867653;-0.02255559596,0;0;0,True
0.07036586049111115,0.46900000179406803,4.833333333333334,0.6416666666666666,1.1916666666666664,4.329113024408967,0.27426164275650855,0.004003756336491387,1.1833058934165088,0.004003756336491387,True,-0.022663091486458353,-4.265028362;-0.04142157072;-0.02266309149,0;0;0,True
0.0707114438044445,0.4680000018519412,4.833333333333334,0.6416666666666666,1.1916666666666664,4.330990774300295,0.2738783228211332,0.004002743496655488,1.1821617459225104,0.004002743496655488,True,-0.022772939134192365,-4.267025785;-0.04119205019;-0.02277293913,0;0;0,True
0.07105702711777784,0.4670000019098143,4.833333333333334,0.6416666666666666,1.1916666666666664,4.332868524191625,0.27349425498591096,0.0040016985031740195,1.1810129504725178,0.0040016985031740195,True,-0.022885272952661285,-4.26902327;-0.04095998096;-0.02288527295,0;0;0,True
0.07140261043111115,0.4660000019676876,4.833333333333334,0.6416666666666666,1.1916666666666664,4.334746274082954,0.2731094392508506,0.004000621356046962,1.1798595028534624,0.004000621356046962,True,-0.02300023948159903,-4.271020818;-0.04072521659;-0.02300023948,0;0;0,True
0.0717481937444445,0.4650000020255608,4.833333333333334,0.6416666666666666,1.1916666666666664,4.336624023974282,0.2727238756159416,0.003999512055274312,1.1787013988521917,0.003999512055274312,True,-0.02311799942322981,-4.273018428;-0.04048759647;-0.02311799942,0;0;0,True
0.07209377705777784,0.46400000208343384,4.833333333333334,0.6416666666666666,1.1916666666666664,4.33850177386561,0.27233756408118914,0.003998370600856085,1.177538634255622,0.003998370600856085,True,-0.023238729618127625,-4.2750161;-0.04024694385;-0.02323872962,0;0;0,True
0.07243936037111115,0.46300000214130704,4.833333333333334,0.6416666666666666,1.1916666666666664,4.34037952375694,0.2719505046465951,0.0039971969927922735,1.1763712048506554,0.0039971969927922735,True,-0.023362625389198345,-4.277013835;-0.04000306351;-0.02336262539,0;0;0,True
0.07278494368444449,0.46200000219918014,4.833333333333334,0.6416666666666666,1.1916666666666664,4.3422572736482685,0.2715626973121559,0.003995991231082882,1.175199106424169,0.003995991231082882,True,-0.02348990334114157,-4.279011631;-0.03975573891;-0.02348990334,0;0;0,True
0.07313052699777783,0.4610000022570533,4.833333333333334,0.6416666666666666,1.1916666666666664,4.344135023539597,0.27117414207786794,0.003994753315727896,1.174022334763041,0.003994753315727896,True,-0.02362080472833122,-4.28100949;-0.03950472892;-0.02362080473,0;0;0,True
0.07347611031111115,0.4600000023149264,4.833333333333334,0.6416666666666666,1.1916666666666664,4.346012773430925,0.2707848389437384,0.003993483246727331,1.1728408856541952,0.003993483246727331,True,-0.023755599538711272,-4.28300741;-0.03924976362;-0.02375559954,0;0;0,True
0.07382169362444449,0.4590000023727996,4.833333333333334,0.6416666666666666,1.1916666666666664,4.347890523322254,0.27039478790976723,0.003992181024081183,1.1716547548845264,0.003992181024081183,True,-0.023894591488804393,-4.285005392;-0.03899053939;-0.02389459149,0;0;0,True
0.07416727693777783,0.4580000024306726,4.833333333333334,0.6416666666666666,1.1916666666666664,4.3497682732135825,0.2700039889759527,0.0039908466477894585,1.1704639382409194,0.0039908466477894585,True,-0.02403812419104158,-4.287003436;-0.0387267127;-0.02403812419,0;0;0,True
0.07451286025111115,0.45700000248854594,4.833333333333334,0.6416666666666666,1.1916666666666664,4.3516460231049106,0.26961244214229296,0.003989480117852142,1.1692684315102597,0.003989480117852142,True,-0.024186588847930054,-4.289001542;-0.03845789246;-0.02418658885,0;0;0,True
0.07485844356444449,0.45600000254641915,4.833333333333334,0.6416666666666666,1.1916666666666664,4.3535237729962395,0.2692201474087863,0.003988081434269237,1.1680682304794339,0.003988081434269237,True,-0.024340433961650924,-4.290999709;-0.03818363024;-0.02434043396,0;0;0,True
0.07520402687777783,0.45500000260429224,4.833333333333334,0.6416666666666666,1.1916666666666664,4.355401522887569,0.2688271047754416,0.003986650597040759,1.1668633309353738,0.003986650597040759,True,-0.024500177743851975,-4.292997937;-0.03790340792;-0.02450017774,0;0;0,True
0.07554961019111117,0.4540000026621654,4.833333333333334,0.6416666666666666,1.1916666666666664,4.357279272778897,0.2684333142422499,0.003985187606166689,1.1656537286649333,0.003985187606166689,True,-0.024666424203430286,-4.294996227;-0.03761662159;-0.0246664242,0;0;0,True
0.07589519350444449,0.4530000027200387,4.833333333333334,0.6416666666666666,1.1916666666666664,4.359157022670226,0.2680387758092113,0.00398369246164704,1.164439419455007,0.00398369246164704,True,-0.02483988433812007,-4.296994578;-0.03732256034;-0.02483988434,0;0;0,True
0.07624077681777783,0.4520000027779118,4.833333333333334,0.6416666666666666,1.1916666666666664,4.361034772561554,0.2676434894763329,0.003982165163481803,1.1632203990925183,0.003982165163481803,True,-0.02502140455858054,-4.29899299;-0.03702037784;-0.02502140456,0;0;0,True
0.07658636013111117,0.451000002835785,4.833333333333334,0.6416666666666666,1.1916666666666664,4.362912522452882,0.2672474552436057,0.003980605711670985,1.1619966633643226,0.003980605711670985,True,-0.025212005609415045,-4.300991463;-0.03670905344;-0.02521200561,0;0;0,True
0.07693194344444448,0.45000000289365805,4.833333333333334,0.6416666666666666,1.1916666666666664,4.364790272344211,0.2668506731110387,0.003979014106214581,1.1607682080573523,0.003979014106214581,True,-0.025412937149539103,-4.302989998;-0.03638733757;-0.02541293715,0;0;0,True
0.07727752675777783,0.44900000295153125,4.833333333333334,0.6416666666666666,1.1916666666666664,4.36666802223554,0.26645314307862655,0.003977390347112596,1.1595350289584772,0.003977390347112596,True,-0.025625756451824497,-4.304988593;-0.03605367306;-0.02562575645,0;0;0,True
0.07762311007111117,0.44800000300940435,4.833333333333334,0.6416666666666666,1.1916666666666664,4.368545772126869,0.2660548651463692,0.003975734434365025,1.1582971218545908,0.003975734434365025,True,-0.025852445677896033,-4.306987249;-0.03570607781;-0.02585244568,0;0;0,True
0.07796869338444448,0.44700000306727755,4.833333333333334,0.6416666666666666,1.1916666666666664,4.370423522018197,0.26565583931427206,0.00397404636797187,1.1570544825326092,0.00397404636797187,True,-0.02609559369183729,-4.308985965;-0.03534196307;-0.02609559369,0;0;0,True
0.07831427669777782,0.4460000031251506,4.833333333333334,0.6416666666666666,1.1916666666666664,4.372301271909527,0.26525606558232795,0.003972326147933139,1.1558071067793962,0.003972326147933139,True,-0.02635869195548267,-4.310984743;-0.03495783745;-0.02635869196,0;0;0,True
0.07865986001111117,0.4450000031830238,4.833333333333334,0.6416666666666666,1.1916666666666664,4.374179021800855,0.26485554395054045,0.003970573774248816,1.1545549903818597,0.003970573774248816,True,-0.026646646431134232,-4.31298358;-0.03454879508;-0.02664664643,0;0;0,True
0.07900544332444451,0.4440000032408969,4.833333333333334,0.6416666666666666,1.1916666666666664,4.376056771692185,0.26445427441890956,0.003968789246918906,1.1532981291268936,0.003968789246918906,True,-0.026966736450093055,-4.314982479;-0.03410755672;-0.02696673645,0;0;0,True
0.07935102663777782,0.44300000329877015,4.833333333333334,0.6416666666666666,1.1916666666666664,4.377934521583513,0.2640522569874335,0.003966972565943418,1.152036518801383,0.003966972565943418,True,-0.027330616175640303,-4.316981437;-0.0336224683;-0.02733061618,0;0;0,True
0.07969660995111116,0.44200000335664336,4.833333333333334,0.6416666666666666,1.1916666666666664,4.379812271474842,0.2636494916561123,0.003965123731322344,1.1507701551922223,0.003965123731322344,True,-0.0277592069098097,-4.318980456;-0.0330726086;-0.02775920691,0;0;0,True
0.0800421932644445,0.44100000341451645,4.833333333333334,0.6416666666666666,1.1916666666666664,4.381690021366169,0.2632459784249459,0.003963242743055684,1.1494990340863038,0.003963242743055684,True,-0.028298192228474076,-4.320979535;-0.03241229413;-0.02829819223,0;0;0,True
0.08038777657777782,0.44000000347238977,4.833333333333334,0.6416666666666666,1.1916666666666664,4.383567771257498,0.2628417172939397,0.003961329601143445,1.1482231512705452,0.003961329601143445,True,-0.02910414828553566,-4.322978674;-0.03148494882;-0.02910414829,0;0;0,True
0.08073335989111116,0.4390000035302629,4.833333333333334,0.6416666666666666,1.1916666666666664,4.385445521148827,0.2624367082630883,0.003959384305585619,1.1469425025318163,0.003959384305585619,True,-0.030233823924829442,-4.324977873;-0.03023382392;-0.03023382392,0;0.00117692555;-0.00117692555,True
0.0810789432044445,0.438000003588136,4.833333333333334,0.6416666666666666,1.1916666666666664,4.387323271040156,0.2620309513323935,0.003957406856382211,1.1456570836570186,0.003957406856382211,True,-0.030173069336237528,-4.326977132;-0.03017306934;-0.03017306934,0;0.002043320027;-0.002043320027,True
0.08142452651777782,0.4370000036460092,4.833333333333334,0.6416666666666666,1.1916666666666664,4.389201020931485,0.26162444650185357,0.00395539725353322,1.1443668904330373,0.00395539725353322,True,-0.03011228483072205,-4.328976451;-0.03011228483;-0.03011228483,0;0.002636845058;-0.002636845058,True
0.08177010983111116,0.4360000037038823,4.833333333333334,0.6416666666666666,1.1916666666666664,4.391078770822814,0.26121719377146846,0.003953355497038639,1.143071918646766,0.003953355497038639,True,-0.030051470451771665,-4.33097583;-0.03005147045;-0.03005147045,0;0.00311745647;-0.00311745647,True
0.0821156931444445,0.43500000376175546,4.833333333333334,0.6416666666666666,1.1916666666666664,4.392956520714143,0.26080919314124174,0.003951281586898483,1.1417721640851137,0.003951281586898483,True,-0.029990626242793264,-4.332975268;-0.02999062624;-0.02999062624,0;0.003531557926;-0.003531557926,True
0.08246127645777782,0.43400000381962855,4.833333333333334,0.6416666666666666,1.1916666666666664,4.394834270605471,0.26040044461116985,0.0039491755231127355,1.1404676225349581,0.0039491755231127355,True,-0.029929752247111974,-4.334974766;-0.02992975225;-0.02992975225,0;0.003900390649;-0.003900390649,True
0.08280685977111116,0.43300000387750176,4.833333333333334,0.6416666666666666,1.1916666666666664,4.3967120204968,0.25999094818125457,0.0039470373056814025,1.139158289783201,0.0039470373056814025,True,-0.02986884850797114,-4.336974323;-0.02986884851;-0.02986884851,0;0.004235796034;-0.004235796034,True
0.0831524430844445,0.4320000039353748,4.833333333333334,0.6416666666666666,1.1916666666666664,4.398589770388128,0.25958070385149057,0.003944866934604491,1.137844161616712,0.003944866934604491,True,-0.029807915068533343,-4.33897394;-0.02980791507;-0.02980791507,0;0.00454517982;-0.00454517982,True
0.08349802639777784,0.431000003993248,4.833333333333334,0.6416666666666666,1.1916666666666664,4.400467520279457,0.25916971162188673,0.003942664409881997,1.1365252338224239,0.003942664409881997,True,-0.02974695197187931,-4.340973616;-0.02974695197;-0.02974695197,0;0.004833540897;-0.004833540897,True
0.08384360971111116,0.4300000040511213,4.833333333333334,0.6416666666666666,1.1916666666666664,4.402345270170785,0.2587579714924413,0.003940429731513917,1.1352015021872217,0.003940429731513917,True,-0.029685959261009365,-4.342973352;-0.02968595926;-0.02968595926,0;0.005104442948;-0.005104442948,True
0.0841891930244445,0.4290000041089944,4.833333333333334,0.6416666666666666,1.1916666666666664,4.404223020062114,0.2583454834631489,0.003938162899500253,1.1338729624979762,0.003938162899500253,True,-0.02962493697884283,-4.344973146;-0.02962493698;-0.02962493698,0;0.005360533176;-0.005360533176,True
0.08453477633777784,0.42800000416686756,4.833333333333334,0.6416666666666666,1.1916666666666664,4.406100769953443,0.2579322475340131,0.003935863913841005,1.1325396105415961,0.003935863913841005,True,-0.029563885168218285,-4.346973;-0.02956388517;-0.02956388517,0;0.005603842229;-0.005603842229,True
0.08488035965111115,0.4270000042247409,4.833333333333334,0.6416666666666666,1.1916666666666664,4.407978519844772,0.25751826370503217,0.003933532774536172,1.131201442104967,0.003933532774536172,True,-0.02950280387189412,-4.348972912;-0.02950280387;-0.02950280387,0;0.005835968552;-0.005835968552,True
0.0852259429644445,0.426000004282614,4.833333333333334,0.6416666666666666,1.1916666666666664,4.409856269736101,0.2571035319762114,0.003931169481585757,1.129858452975006,0.003931169481585757,True,-0.029441693132548657,-4.350972883;-0.02944169313;-0.02944169313,0;0.006058197365;-0.006058197365,True
0.08557152627777784,0.4250000043404872,4.833333333333334,0.6416666666666666,1.1916666666666664,4.411734019627429,0.25668805234754366,0.003928774034989756,1.1285106389385748,0.003928774034989756,True,-0.029380552992779613,-4.352972914;-0.02938055299;-0.02938055299,0;0.006271580551;-0.006271580551,True
0.08591710959111115,0.4240000043983602,4.833333333333334,0.6416666666666666,1.1916666666666664,4.4136117695187576,0.2562718248190343,0.003926346434748172,1.127157995782591,0.003926346434748172,True,-0.029319383495105253,-4.354973003;-0.0293193835;-0.0293193835,0;0.006476992093;-0.006476992093,True
0.0862626929044445,0.4230000044562334,4.833333333333334,0.6416666666666666,1.1916666666666664,4.415489519410086,0.2558548493906727,0.003923886680861004,1.1258005192939002,0.003923886680861004,True,-0.029258184681964176,-4.35697315;-0.02925818468;-0.02925818468,0;0.006675167636;-0.006675167636,True
0.08660827621777784,0.42200000451410663,4.833333333333334,0.6416666666666666,1.1916666666666664,4.4173672693014145,0.2554371260624748,0.003921394773328256,1.1244382052594672,0.003921394773328256,True,-0.029196956595715265,-4.358973356;-0.0291969566;-0.0291969566,0;0.006866733399;-0.006866733399,True
0.08695385953111115,0.42100000457197967,4.833333333333334,0.6416666666666666,1.1916666666666664,4.419245019192743,0.25501865483443176,0.003918870712149919,1.1230710494661458,0.003918870712149919,True,-0.029135699278637843,-4.360973621;-0.02913569928;-0.02913569928,0;0.007052227744;-0.007052227744,True
0.08729944284444449,0.4200000046298529,4.833333333333334,0.6416666666666666,1.1916666666666664,4.421122769084072,0.25459943570654353,0.003916314497326006,1.12169904770083,0.003916314497326006,True,-0.029074412772933055,-4.362973944;-0.02907441277;-0.02907441277,0;0.007232117566;-0.007232117566,True
0.08764502615777783,0.41900000468772597,4.833333333333334,0.6416666666666666,1.1916666666666664,4.4230005189754005,0.2541794686788119,0.003913726128856495,1.1203221957504201,0.003913726128856495,True,-0.02901309712072219,-4.364974325;-0.02901309712;-0.02901309712,0;0.007406810943;-0.007406810943,True
0.08799060947111118,0.4180000047455992,4.833333333333334,0.6416666666666666,1.1916666666666664,4.424878268866729,0.2537587537512369,0.003911105606741407,1.1189404894018105,0.003911105606741407,True,-0.02895175236404781,-4.366974764;-0.02895175236;-0.02895175236,0;0.007576667045;-0.007576667045,True
0.08833619278444449,0.41700000480347243,4.833333333333334,0.6416666666666666,1.1916666666666664,4.426756018758058,0.2533372909238185,0.00390845293098074,1.1175539244418942,0.00390845293098074,True,-0.028890378544874216,-4.368975262;-0.02889037854;-0.02889037854,0;0.00774200399;-0.00774200399,True
0.08868177609777783,0.41600000486134553,4.833333333333334,0.6416666666666666,1.1916666666666664,4.428633768649387,0.2529150801965532,0.0039057681015744836,1.116162496657549,0.0039057681015744836,True,-0.028828975705087183,-4.370975817;-0.02882897571;-0.02882897571,0;0.007903105144;-0.007903105144,True
0.08902735941111117,0.41500000491921873,4.833333333333334,0.6416666666666666,1.1916666666666664,4.430511518540716,0.252492121569448,0.0039030511185226442,1.1147662018356994,0.0039030511185226442,True,-0.028767543886494093,-4.372976431;-0.02876754389;-0.02876754389,0;0.008060224237;-0.008060224237,True
0.08937294272444449,0.41400000497709194,4.833333333333334,0.6416666666666666,1.1916666666666664,4.432389268432043,0.25206841504249233,0.003900301981825223,1.1133650357631921,0.003900301981825223,True,-0.028706083130824303,-4.374977102;-0.02870608313;-0.02870608313,0;0.008213589536;-0.008213589536,True
0.08971852603777783,0.4130000050349651,4.833333333333334,0.6416666666666666,1.1916666666666664,4.434267018323372,0.2516439606156968,0.003897520691482214,1.1119589942269679,0.003897520691482214,True,-0.02864459347972944,-4.376977831;-0.02864459348;-0.02864459348,0;0.0083634073;-0.0083634073,True
0.09006410935111117,0.4120000050928383,4.833333333333334,0.6416666666666666,1.1916666666666664,4.436144768214701,0.25121875828905793,0.0038947072474936274,1.1105480730139043,0.0038947072474936274,True,-0.028583074974783212,-4.378978618;-0.02858307497;-0.02858307497,0;0.00850986465;-0.00850986465,True
0.09040969266444449,0.4110000051507114,4.833333333333334,0.6416666666666666,1.1916666666666664,4.438022518106029,0.25079280806257387,0.0038918616498594518,1.1091322679108866,0.0038918616498594518,True,-0.028521527657481827,-4.380979463;-0.02852152766;-0.02852152766,0;0.008653131973;-0.008653131973,True
0.09075527597777783,0.4100000052085846,4.833333333333334,0.6416666666666666,1.1916666666666664,4.439900267997359,0.2503661099362482,0.0038889838985796993,1.107711574704825,0.0038889838985796993,True,-0.028459951569244333,-4.382980365;-0.02845995157;-0.02845995157,0;0.008793364957;-0.008793364957,True
0.09110085929111117,0.40900000526645763,4.833333333333334,0.6416666666666666,1.1916666666666664,4.441778017888688,0.24993866391007558,0.0038860739936543544,1.106285989182588,0.0038860739936543544,True,-0.028398346751412097,-4.384981324;-0.02839834675;-0.02839834675,0;0.008930706305;-0.008930706305,True
0.09144644260444448,0.40800000532433084,4.833333333333334,0.6416666666666666,1.1916666666666664,4.443655767780016,0.24951046998406134,0.003883131935083425,1.1048555071310935,0.003883131935083425,True,-0.028336713245249896,-4.386982341;-0.02833671325;-0.02833671325,0;0.009065287217;-0.009065287217,True
0.09179202591777783,0.40700000538220393,4.833333333333334,0.6416666666666666,1.1916666666666664,4.445533517671345,0.24908152815820017,0.0038801577228669195,1.1034201243372108,0.0038801577228669195,True,-0.02827505109194564,-4.388983415;-0.02827505109;-0.02827505109,0;0.009197228644;-0.009197228644,True
0.09213760923111117,0.4060000054400771,4.833333333333334,0.6416666666666666,1.1916666666666664,4.447411267562673,0.2486518384324956,0.0038771513570048264,1.1019798365878495,0.0038771513570048264,True,-0.028213360332610224,-4.390984547;-0.02821336033;-0.02821336033,0;0.009326642384;-0.009326642384,True
0.09248319254444451,0.4050000054979502,4.833333333333334,0.6416666666666666,1.1916666666666664,4.449289017454002,0.24822140080694588,0.0038741128374971457,1.1005346396698952,0.0038741128374971457,True,-0.028151641008278598,-4.392985735;-0.02815164101;-0.02815164101,0;0.009453632024;-0.009453632024,True
0.09282877585777782,0.4040000055558235,4.833333333333334,0.6416666666666666,1.1916666666666664,4.45116676734533,0.24779021528155454,0.00387104216434388,1.0990845293702565,0.00387104216434388,True,-0.028089893159908855,-4.394986981;-0.02808989316;-0.02808989316,0;0.009578293764;-0.009578293764,True
0.09317435917111117,0.4030000056136967,4.833333333333334,0.6416666666666666,1.1916666666666664,4.45304451723666,0.2473582818563198,0.003867939337545042,1.0976295014758202,0.003867939337545042,True,-0.028028116828383232,-4.396988284;-0.02802811683;-0.02802811683,0;0.009700717136;-0.009700717136,True
0.09351994248444451,0.40200000567156974,4.833333333333334,0.6416666666666666,1.1916666666666664,4.454922267127988,0.24692560053124346,0.0038648043571006107,1.0961695517734864,0.0038648043571006107,True,-0.027966312054507787,-4.398989643;-0.02796631205;-0.02796631205,0;0.009820985637;-0.009820985637,True
0.09386552579777782,0.40100000572944305,4.833333333333334,0.6416666666666666,1.1916666666666664,4.456800017019317,0.24649217130632017,0.0038616372230105976,1.0947046760501253,0.0038616372230105976,True,-0.027904478879012866,-4.400991059;-0.02790447888;-0.02790447888,0;0.009939177282;-0.009939177282,True
0.09421110911111116,0.40000000578731626,4.833333333333334,0.6416666666666666,1.1916666666666664,4.458677766910645,0.24605799418155172,0.0038584379352749956,1.0932348700926384,0.0038584379352749956,True,-0.02784261734255325,-4.402992532;-0.02784261734;-0.02784261734,0;0.0100553651;-0.0100553651,True
0.0945566924244445,0.39900000584518935,4.833333333333334,0.6416666666666666,1.1916666666666664,4.460555516801975,0.24562306915694165,0.0038552064938938207,1.0917601296879351,0.0038552064938938207,True,-0.027780727485708243,-4.404994062;-0.02778072749;-0.02778072749,0;0.01016961757;-0.01016961757,True
0.09490227573777782,0.3980000059030625,4.833333333333334,0.6416666666666666,1.1916666666666664,4.462433266693303,0.2451873962324882,0.0038519428988670547,1.0902804506229005,0.0038519428988670547,True,-0.027718809348981556,-4.406995648;-0.02771880935;-0.02771880935,0;0.01028199901;-0.01028199901,True
0.09524785905111116,0.3970000059609356,4.833333333333334,0.6416666666666666,1.1916666666666664,4.464311016584631,0.24475097540818247,0.0038486471501947028,1.0887958286843884,0.0038486471501947028,True,-0.02765686297280224,-4.408997291;-0.02765686297;-0.02765686297,0;0.01039256991;-0.01039256991,True
0.0955934423644445,0.3960000060188088,4.833333333333334,0.6416666666666666,1.1916666666666664,4.46618876647596,0.24431380668404046,0.003845319247876773,1.0873062596593641,0.003845319247876773,True,-0.02759488839752395,-4.41099899;-0.0275948884;-0.0275948884,0;0.01050138727;-0.01050138727,True
0.09593902567777782,0.39500000607668184,4.833333333333334,0.6416666666666666,1.1916666666666664,4.468066516367289,0.24387589006005328,0.0038419591919132564,1.085811739334681,0.0038419591919132564,True,-0.027532885663425995,-4.413000745;-0.02753288566;-0.02753288566,0;0.01060850487;-0.01060850487,True
0.09628460899111116,0.39400000613455505,4.833333333333334,0.6416666666666666,1.1916666666666664,4.469944266258618,0.24343722553622094,0.0038385669823041563,1.0843122634972324,0.0038385669823041563,True,-0.02747085481071258,-4.415002557;-0.02747085481;-0.02747085481,0;0.01071397347;-0.01071397347,True
0.0966301923044445,0.39300000619242814,4.833333333333334,0.6416666666666666,1.1916666666666664,4.471822016149946,0.24299781311254698,0.0038351426190494724,1.0828078279339282,0.0038351426190494724,True,-0.02740879587951363,-4.417004424;-0.02740879588;-0.02740879588,0;0.01081784114;-0.01081784114,True
0.09697577561777784,0.39200000625030135,4.833333333333334,0.6416666666666666,1.1916666666666664,4.473699766041276,0.24255765278902786,0.003831686102149207,1.0812984284316456,0.003831686102149207,True,-0.027346708909885085,-4.419006348;-0.02734670891;-0.02734670891,0;0.01092015336;-0.01092015336,True
0.09732135893111116,0.3910000063081746,4.833333333333334,0.6416666666666666,1.1916666666666664,4.475577515932604,0.24211674456566357,0.0038281974316033535,1.0797840607772777,0.0038281974316033535,True,-0.027284593941808283,-4.421008328;-0.02728459394;-0.02728459394,0;0.01102095326;-0.01102095326,True
0.0976669422444445,0.3900000063660477,4.833333333333334,0.6416666666666666,1.1916666666666664,4.477455265823933,0.2416750884424559,0.0038246766074119176,1.0782647207577267,0.0038246766074119176,True,-0.02722245101519083,-4.423010364;-0.02722245102;-0.02722245102,0;0.01112028179;-0.01112028179,True
0.09801252555777784,0.3890000064239209,4.833333333333334,0.6416666666666666,1.1916666666666664,4.479333015715261,0.24123268441940482,0.0038211236295748927,1.0767404041598856,0.0038211236295748927,True,-0.027160280169866692,-4.425012455;-0.02716028017;-0.02716028017,0;0.01121817785;-0.01121817785,True
0.09835810887111116,0.3880000064817942,4.833333333333334,0.6416666666666666,1.1916666666666664,4.48121076560659,0.24078953249651214,0.0038175384980922923,1.0752111067706556,0.0038175384980922923,True,-0.02709808144559566,-4.427014603;-0.02709808145;-0.02709808145,0;0.01131467843;-0.01131467843,True
0.0987036921844445,0.38700000653966726,4.833333333333334,0.6416666666666666,1.1916666666666664,4.483088515497918,0.24034563267376896,0.0038139212129641047,1.0736768243768906,0.0038139212129641047,True,-0.0270358548820649,-4.429016806;-0.02703585488;-0.02703585488,0;0.01140981877;-0.01140981877,True
0.09904927549777784,0.38600000659754047,4.833333333333334,0.6416666666666666,1.1916666666666664,4.484966265389247,0.23990098495118417,0.003810271774190334,1.072137552765524,0.003810271774190334,True,-0.026973600518887784,-4.431019064;-0.02697360052;-0.02697360052,0;0.01150363245;-0.01150363245,True
0.09939485881111115,0.38500000665541356,4.833333333333334,0.6416666666666666,1.1916666666666664,4.4868440152805755,0.23945558932875954,0.00380659018177098,1.070593287723457,0.00380659018177098,True,-0.026911318395604383,-4.433021378;-0.0269113184;-0.0269113184,0;0.01159615147;-0.01159615147,True
0.0997404421244445,0.3840000067132867,4.833333333333334,0.6416666666666666,1.1916666666666664,4.4887217651719045,0.2390094458064862,0.0038028764357060435,1.0690440250375433,0.0038028764357060435,True,-0.02684900855168209,-4.435023748;-0.02684900855;-0.02684900855,0;0.01168740641;-0.01168740641,True
0.10008602543777784,0.3830000067711598,4.833333333333334,0.6416666666666666,1.1916666666666664,4.490599515063233,0.23856255438437302,0.0037991305359955136,1.0674897604947162,0.0037991305359955136,True,-0.02678667102651546,-4.437026173;-0.02678667103;-0.02678667103,0;0.01177742649;-0.01177742649,True
0.10043160875111115,0.382000006829033,4.833333333333334,0.6416666666666666,1.1916666666666664,4.4924772649545615,0.23811491506241644,0.0037953524826394077,1.065930489881853,0.0037953524826394077,True,-0.02672430585942654,-4.439028653;-0.02672430586;-0.02672430586,0;0.01186623964;-0.01186623964,True
0.10077719206444449,0.3810000068869061,4.833333333333334,0.6416666666666666,1.1916666666666664,4.49435501484589,0.23766652784061293,0.0037915422756377177,1.0643662089858312,0.0037915422756377177,True,-0.026661913089664355,-4.441031189;-0.02666191309;-0.02666191309,0;0.01195387258;-0.01195387258,True
0.10112277537777783,0.38000000694477926,4.833333333333334,0.6416666666666666,1.1916666666666664,4.496232764737219,0.23721739271896602,0.0037876999149904452,1.0627969135935609,0.0037876999149904452,True,-0.02659949275640617,-4.443033779;-0.02659949276;-0.02659949276,0;0.01204035092;-0.01204035092,True
0.10146835869111118,0.37900000700265235,4.833333333333334,0.6416666666666666,1.1916666666666664,4.498110514628548,0.23676750969747573,0.0037838254006975843,1.0612225994919346,0.0037838254006975843,True,-0.026537044898757058,-4.445036425;-0.0265370449;-0.0265370449,0;0.01212569919;-0.01212569919,True
0.10181394200444449,0.37800000706052567,4.833333333333334,0.6416666666666666,1.1916666666666664,4.499988264519876,0.23631687877613494,0.0037799187327591413,1.0596432624678143,0.0037799187327591413,True,-0.02647456955574984,-4.447039125;-0.02647456956;-0.02647456956,0;0.01220994093;-0.01220994093,True
0.10215952531777783,0.37700000711839887,4.833333333333334,0.6416666666666666,1.1916666666666664,4.501866014411204,0.2358654999549561,0.003775979911175113,1.0580588983081491,0.003775979911175113,True,-0.026412066766345686,-4.449041881;-0.02641206677;-0.02641206677,0;0.01229309872;-0.01229309872,True
0.10250510863111117,0.3760000071762719,4.833333333333334,0.6416666666666666,1.1916666666666664,4.503743764302534,0.23541337323393385,0.00377200893594551,1.0564695027998092,0.00377200893594551,True,-0.026349536569433854,-4.451044691;-0.02634953657;-0.02634953657,0;0.01237519424;-0.01237519424,True
0.10285069194444449,0.3750000072341452,4.833333333333334,0.6416666666666666,1.1916666666666664,4.505621514193862,0.23496049861306822,0.003768005807070313,1.0548750717296869,0.003768005807070313,True,-0.026286979003832443,-4.453047556;-0.026286979;-0.026286979,0;0.01245624835;-0.01245624835,True
0.10319627525777783,0.37400000729201843,4.833333333333334,0.6416666666666666,1.1916666666666664,4.50749926408519,0.23450687609235565,0.003763970524549529,1.0532756008846604,0.003763970524549529,True,-0.026224394108287766,-4.455050476;-0.02622439411;-0.02622439411,0;0.01253628107;-0.01253628107,True
0.10354185857111117,0.37300000734989147,4.833333333333334,0.6416666666666666,1.1916666666666664,4.50937701397652,0.23405250567180147,0.0037599030883831703,1.0516710860516474,0.0037599030883831703,True,-0.02616178192147561,-4.45705345;-0.02616178192;-0.02616178192,0;0.01261531169;-0.01261531169,True
0.10388744188444449,0.3720000074077647,4.833333333333334,0.6416666666666666,1.1916666666666664,4.511254763867848,0.23359738735140212,0.0037558034985712245,1.0500615230175248,0.0037558034985712245,True,-0.026099142481999883,-4.459056479;-0.02609914248;-0.02609914248,0;0.01269335876;-0.01269335876,True
0.10423302519777783,0.37100000746563777,4.833333333333334,0.6416666666666666,1.1916666666666664,4.513132513759177,0.23314152113116116,0.0037516717551136928,1.048446907569202,0.0037516717551136928,True,-0.026036475828394377,-4.461059562;-0.02603647583;-0.02603647583,0;0.01277044017;-0.01277044017,True
0.10457860851111117,0.370000007523511,4.833333333333334,0.6416666666666666,1.1916666666666664,4.515010263650506,0.23268490701107503,0.003747507858010583,1.0468272354935568,0.003747507858010583,True,-0.02597378199912157,-4.4630627;-0.025973782;-0.025973782,0;0.01284657314;-0.01284657314,True
0.10492419182444451,0.369000007581384,4.833333333333334,0.6416666666666666,1.1916666666666664,4.516888013541835,0.23222754499113663,0.0037433118072618867,1.0452025025774503,0.0037433118072618867,True,-0.025911061032573846,-4.465065891;-0.02591106103;-0.02591106103,0;0.01292177427;-0.01292177427,True
0.10526977513777783,0.3680000076392572,4.833333333333334,0.6416666666666666,1.1916666666666664,4.518765763433163,0.23176943507136372,0.003739083602867604,1.043572704607856,0.003739083602867604,True,-0.025848312967072982,-4.467069137;-0.02584831297;-0.02584831297,0;0.01299605959;-0.01299605959,True
0.10561535845111117,0.3670000076971304,4.833333333333334,0.6416666666666666,1.1916666666666664,4.520643513324491,0.23131057725174564,0.003734823244827739,1.0419378373716197,0.003734823244827739,True,-0.02578553784087039,-4.469072438;-0.02578553784;-0.02578553784,0;0.01306944456;-0.01306944456,True
0.10596094176444451,0.36600000775500346,4.833333333333334,0.6416666666666666,1.1916666666666664,4.522521263215821,0.2308509715322824,0.003730530733142287,1.0402978966556349,0.003730530733142287,True,-0.025722735692147572,-4.471075792;-0.02572273569;-0.02572273569,0;0.01314194411;-0.01314194411,True
0.10630652507777782,0.3650000078128768,4.833333333333334,0.6416666666666666,1.1916666666666664,4.524399013107149,0.23039061791297755,0.0037262060678112533,1.0386528782468107,0.0037262060678112533,True,-0.025659906559016087,-4.4730792;-0.02565990656;-0.02565990656,0;0.01321357267;-0.01321357267,True
0.10665210839111117,0.36400000787075,4.833333333333334,0.6416666666666666,1.1916666666666664,4.526276762998478,0.22992951639382397,0.0037218492488346384,1.0370027779320083,0.0037218492488346384,True,-0.02559705047951763,-4.475082662;-0.02559705048;-0.02559705048,0;0.01328434417;-0.01328434417,True
0.10699769170444451,0.3630000079286231,4.833333333333334,0.6416666666666666,1.1916666666666664,4.528154512889807,0.22946766697483234,0.0037174602762124393,1.03534759149817,0.0037174602762124393,True,-0.02553416749162426,-4.477086178;-0.02553416749;-0.02553416749,0;0.01335427209;-0.01335427209,True
0.10734327501777782,0.36200000798649634,4.833333333333334,0.6416666666666666,1.1916666666666664,4.530032262781135,0.22900506965599376,0.0037130391499446535,1.0336873147321481,0.0037130391499446535,True,-0.02547125763323871,-4.479089748;-0.02547125763;-0.02547125763,0;0.01342336947;-0.01342336947,True
0.10768885833111116,0.36100000804436944,4.833333333333334,0.6416666666666666,1.1916666666666664,4.531910012672464,0.2285417244373047,0.003708585870031286,1.032021943420821,0.003708585870031286,True,-0.025408320942194217,-4.481093371;-0.02540832094;-0.02540832094,0;0.01349164891;-0.01349164891,True
0.1080344416444445,0.36000000810224264,4.833333333333334,0.6416666666666666,1.1916666666666664,4.533787762563792,0.22807763131877934,0.0037041004364723345,1.0303514733511456,0.0037041004364723345,True,-0.025345357456254998,-4.483097048;-0.02534535746;-0.02534535746,0;0.01355912263;-0.01355912263,True
0.10838002495777782,0.35900000816011585,4.833333333333334,0.6416666666666666,1.1916666666666664,4.535665512455121,0.22761279030040882,0.003699582849267798,1.028675900309976,0.003699582849267798,True,-0.025282367213116264,-4.485100778;-0.02528236721;-0.02528236721,0;0.01362580246;-0.01362580246,True
0.10872560827111116,0.3580000082179889,4.833333333333334,0.6416666666666666,1.1916666666666664,4.53754326234645,0.2271472013821949,0.003695033108417675,1.0269952200842132,0.003695033108417675,True,-0.02521935025040401,-4.487104562;-0.02521935025;-0.02521935025,0;0.01369169984;-0.01369169984,True
0.1090711915844445,0.3570000082758621,4.833333333333334,0.6416666666666666,1.1916666666666664,4.539421012237778,0.2266808645641376,0.0036904512139219726,1.0253094284607502,0.0036904512139219726,True,-0.025156306605676255,-4.489108399;-0.02515630661;-0.02515630661,0;0.01375682587;-0.01375682587,True
0.10941677489777785,0.3560000083337352,4.833333333333334,0.6416666666666666,1.1916666666666664,4.541298762129108,0.22621377984623514,0.003685837165780685,1.0236185212264735,0.003685837165780685,True,-0.025093236316421793,-4.491112289;-0.02509323632;-0.02509323632,0;0.01382119132;-0.01382119132,True
0.10976235821111116,0.35500000839160833,4.833333333333334,0.6416666666666666,1.1916666666666664,4.543176512020437,0.22574594722848573,0.0036811909639938157,1.0219224941682676,0.0036811909639938157,True,-0.025030139420061506,-4.493116233;-0.02503013942;-0.02503013942,0;0.01388480662;-0.01388480662,True
0.1101079415244445,0.35400000844948143,4.833333333333334,0.6416666666666666,1.1916666666666664,4.545054261911765,0.2252773667108965,0.003676512608561354,1.0202213430730582,0.003676512608561354,True,-0.024967015953947506,-4.49512023;-0.02496701595;-0.02496701595,0;0.0139476819;-0.0139476819,True
0.11045352483777784,0.35300000850735463,4.833333333333334,0.6416666666666666,1.1916666666666664,4.5469320118030945,0.2248080382934603,0.003671802099483316,1.0185150637277074,0.003671802099483316,True,-0.024903865955364306,-4.49712428;-0.02490386596;-0.02490386596,0;0.01400982697;-0.01400982697,True
0.11079910815111116,0.35200000856522795,4.833333333333334,0.6416666666666666,1.1916666666666664,4.548809761694422,0.22433796197617717,0.003667059436759694,1.016803651919107,0.003667059436759694,True,-0.024840689461528342,-4.499128383;-0.02484068946;-0.02484068946,0;0.01407125138;-0.01407125138,True
0.1111446914644445,0.351000008623101,4.833333333333334,0.6416666666666666,1.1916666666666664,4.55068751158575,0.2238671377590542,0.003662284620390481,1.0150871034341842,0.003662284620390481,True,-0.024777486509588026,-4.501132539;-0.02477748651;-0.02477748651,0;0.01413196437;-0.01413196437,True
0.11149027477777784,0.3500000086809742,4.833333333333334,0.6416666666666666,1.1916666666666664,4.552565261477079,0.22339556564208962,0.0036574776503756896,1.0133654140598238,0.0036574776503756896,True,-0.024714257136624375,-4.503136747;-0.02471425714;-0.02471425714,0;0.01419197494;-0.01419197494,True
0.11183585809111116,0.3490000087388475,4.833333333333334,0.6416666666666666,1.1916666666666664,4.554443011368407,0.22292324562527988,0.003652638526715316,1.0116385795829035,0.003652638526715316,True,-0.024651001379650733,-4.505141009;-0.02465100138;-0.02465100138,0;0.01425129183;-0.01425129183,True
0.1121814414044445,0.3480000087967206,4.833333333333334,0.6416666666666666,1.1916666666666664,4.5563207612597365,0.22245017770862674,0.0036477672494093583,1.0099065957903246,0.0036477672494093583,True,-0.024587719275613554,-4.507145323;-0.02458771928;-0.02458771928,0;0.01430992352;-0.01430992352,True
0.11252702471777784,0.34700000885459376,4.833333333333334,0.6416666666666666,1.1916666666666664,4.5581985111510654,0.22197636189212666,0.003642863818457815,1.008169458468964,0.003642863818457815,True,-0.024524410861391354,-4.509149689;-0.02452441086;-0.02452441086,0;0.01436787827;-0.01436787827,True
0.11287260803111115,0.34600000891246685,4.833333333333334,0.6416666666666666,1.1916666666666664,4.5600762610423935,0.22150179817578142,0.003637928233860686,1.0064271634057234,0.003637928233860686,True,-0.02446107617379626,-4.511154109;-0.02446107617;-0.02446107617,0;0.0144251641;-0.0144251641,True
0.1132181913444445,0.34500000897034006,4.833333333333334,0.6416666666666666,1.1916666666666664,4.561954010933723,0.2210264865595999,0.003632960495617979,1.0046797063875375,0.003632960495617979,True,-0.0243977152495729,-4.51315858;-0.02439771525;-0.02439771525,0;0.0144817888;-0.0144817888,True
0.11356377465777784,0.3440000090282131,4.833333333333334,0.6416666666666666,1.1916666666666664,4.563831760825051,0.2205504270435661,0.0036279606037296817,1.0029270832012256,0.0036279606037296817,True,-0.02433432812539983,-4.515163105;-0.02433432813;-0.02433432813,0;0.01453775999;-0.01453775999,True
0.11390935797111118,0.3430000090860863,4.833333333333334,0.6416666666666666,1.1916666666666664,4.565709510716379,0.2200736196276889,0.003622928558195807,1.001169289633722,0.003622928558195807,True,-0.024270914837888596,-4.517167681;-0.02427091484;-0.02427091484,0;0.01459308503;-0.01459308503,True
0.1142549412844445,0.3420000091439594,4.833333333333334,0.6416666666666666,1.1916666666666664,4.5675872606077075,0.2195960643119701,0.0036178643590163402,0.9994063214719291,0.0036178643590163402,True,-0.024207475423584254,-4.51917231;-0.02420747542;-0.02420747542,0;0.01464777112;-0.01464777112,True
0.11460052459777784,0.3410000092018326,4.833333333333334,0.6416666666666666,1.1916666666666664,4.569465010499037,0.2191177610964079,0.0036127680061912967,0.9976381745027318,0.0036127680061912967,True,-0.024144009918965554,-4.521176991;-0.02414400992;-0.02414400992,0;0.01470182525;-0.01470182525,True
0.11494610791111118,0.34000000925970564,4.833333333333334,0.6416666666666666,1.1916666666666664,4.571342760390366,0.21863870998100055,0.003607639499720668,0.9958648445130152,0.003607639499720668,True,-0.024080518360445433,-4.523181724;-0.02408051836;-0.02408051836,0;0.01475525424;-0.01475525424,True
0.11529169122444449,0.33900000931757895,4.833333333333334,0.6416666666666666,1.1916666666666664,4.573220510281694,0.21815891096575157,0.0036024788396044533,0.9940863272896887,0.0036024788396044533,True,-0.024017000784370454,-4.525186509;-0.02401700078;-0.02401700078,0;0.01480806472;-0.01480806472,True
0.11563727453777783,0.33800000937545216,4.833333333333334,0.6416666666666666,1.1916666666666664,4.575098260173023,0.21767836405065566,0.0035972860258426543,0.992302618619622,0.0035972860258426543,True,-0.02395345722702146,-4.527191346;-0.02395345723;-0.02395345723,0;0.01486026316;-0.01486026316,True
0.11598285785111118,0.33700000943332525,4.833333333333334,0.6416666666666666,1.1916666666666664,4.576976010064352,0.2171970692357199,0.00359206105843527,0.9905137142897409,0.00359206105843527,True,-0.023889887724613326,-4.529196235;-0.02388988772;-0.02388988772,0;0.01491185585;-0.01491185585,True
0.11632844116444449,0.3360000094911985,4.833333333333334,0.6416666666666666,1.1916666666666664,4.57885375995568,0.21671502652093544,0.003586803937382306,0.9887196100868979,0.003586803937382306,True,-0.023826292313295666,-4.531201175;-0.02382629231;-0.02382629231,0;0.01496284893;-0.01496284893,True
0.11667402447777783,0.3350000095490717,4.833333333333334,0.6416666666666666,1.1916666666666664,4.580731509847009,0.21623223590630758,0.0035815146626837547,0.9869203017980113,0.0035815146626837547,True,-0.023762671029152527,-4.533206168;-0.02376267103;-0.02376267103,0;0.01501324838;-0.01501324838,True
0.11701960779111117,0.3340000096069448,4.833333333333334,0.6416666666666666,1.1916666666666664,4.582609259738338,0.21574869739183988,0.003576193234339622,0.9851157852099904,0.003576193234339622,True,-0.02369902390820277,-4.535211212;-0.02369902391;-0.02369902391,0;0.01506306003;-0.01506306003,True
0.11736519110444449,0.333000009664818,4.833333333333334,0.6416666666666666,1.1916666666666664,4.584487009629666,0.2152644109775217,0.003570839652349905,0.9833060561096799,0.003570839652349905,True,-0.023635350986399812,-4.537216308;-0.02363535099;-0.02363535099,0;0.01511228957;-0.01511228957,True
0.11771077441777783,0.33200000972269106,4.833333333333334,0.6416666666666666,1.1916666666666664,4.586364759520995,0.2147793766633619,0.0035654539167146045,0.9814911102840144,0.0035654539167146045,True,-0.023571652299632304,-4.539221455;-0.0235716523;-0.0235716523,0;0.01516094253;-0.01516094253,True
0.11805635773111117,0.33100000978056426,4.833333333333334,0.6416666666666666,1.1916666666666664,4.588242509412323,0.2142935944493587,0.0035600360274337163,0.9796709435198785,0.0035600360274337163,True,-0.02350792788372405,-4.541226654;-0.02350792788;-0.02350792788,0;0.01520902432;-0.01520902432,True
0.11840194104444451,0.33000000983843736,4.833333333333334,0.6416666666666666,1.1916666666666664,4.590120259303653,0.21380706433551389,0.0035545859845072486,0.9778455516041746,0.0035545859845072486,True,-0.023444177774433816,-4.543231904;-0.02344417777;-0.02344417777,0;0.01525654023;-0.01525654023,True
0.11874752435777783,0.3290000098963105,4.833333333333334,0.6416666666666666,1.1916666666666664,4.591998009194981,0.2133197863218239,0.003549103787935196,0.976014930323779,0.003549103787935196,True,-0.023380402007456252,-4.545237205;-0.02338040201;-0.02338040201,0;0.01530349539;-0.01530349539,True
0.11909310767111117,0.3280000099541836,4.833333333333334,0.6416666666666666,1.1916666666666664,4.59387575908631,0.21283176040828877,0.003543589437717557,0.9741790754655857,0.003543589437717557,True,-0.023316600618421356,-4.547242558;-0.02331660062;-0.02331660062,0;0.01534989482;-0.01534989482,True
0.11943869098444451,0.3270000100120568,4.833333333333334,0.6416666666666666,1.1916666666666664,4.595753508977639,0.21234298659491202,0.0035380429338543375,0.9723379828165044,0.0035380429338543375,True,-0.023252773642894773,-4.549247962;-0.02325277364;-0.02325277364,0;0.01539574342;-0.01539574342,True
0.11978427429777783,0.3260000100699301,4.833333333333334,0.6416666666666666,1.1916666666666664,4.597631258868968,0.21185346488168832,0.003532464276345534,0.9704916481634038,0.003532464276345534,True,-0.023188921116378235,-4.551253417;-0.02318892112;-0.02318892112,0;0.01544104598;-0.01544104598,True
0.12012985761111117,0.32500001012780316,4.833333333333334,0.6416666666666666,1.1916666666666664,4.599509008760296,0.2113631952686248,0.0035268534651911455,0.9686400672932102,0.0035268534651911455,True,-0.023125043074308845,-4.553258923;-0.02312504307;-0.02312504307,0;0.01548580717;-0.01548580717,True
0.12047544092444451,0.32400001018567637,4.833333333333334,0.6416666666666666,1.1916666666666664,4.601386758651624,0.210872177755709,0.003521210500391172,0.9667832359927596,0.003521210500391172,True,-0.023061139552060725,-4.55526448;-0.02306113955;-0.02306113955,0;0.01553003154;-0.01553003154,True
0.12082102423777782,0.3230000102435497,4.833333333333334,0.6416666666666666,1.1916666666666664,4.603264508542953,0.21038041234295335,0.0035155353819456164,0.9649211500490034,0.0035155353819456164,True,-0.022997210584943324,-4.557270087;-0.02299721058;-0.02299721058,0;0.01557372353;-0.01557372353,True
0.12116660755111117,0.3220000103014228,4.833333333333334,0.6416666666666666,1.1916666666666664,4.605142258434282,0.2098878990303561,0.003509828109854475,0.9630538052488261,0.003509828109854475,True,-0.022933256208203315,-4.559275746;-0.02293325621;-0.02293325621,0;0.01561688751;-0.01561688751,True
0.12151219086444451,0.32100001035929593,4.833333333333334,0.6416666666666666,1.1916666666666664,4.607020008325611,0.2093946378179119,0.0035040886841177506,0.9611811973790969,0.0035040886841177506,True,-0.02286927645702338,-4.561281455;-0.02286927646;-0.02286927646,0;0.01565952771;-0.01565952771,True
0.12185777417777782,0.320000010417169,4.833333333333334,0.6416666666666666,1.1916666666666664,4.60889775821694,0.20890062870562787,0.003498317104735442,0.9593033222267421,0.003498317104735442,True,-0.022805271366523105,-4.563287215;-0.02280527137;-0.02280527137,0;0.01570164827;-0.01570164827,True
0.12220335749111116,0.31900001047504223,4.833333333333334,0.6416666666666666,1.1916666666666664,4.610775508108268,0.2084058716934969,0.0034925133717075537,0.957420175578622,0.0034925133717075537,True,-0.02274124097175901,-4.565293026;-0.02274124097;-0.02274124097,0;0.01574325326;-0.01574325326,True
0.1225489408044445,0.31800001053291527,4.833333333333334,0.6416666666666666,1.1916666666666664,4.612653257999597,0.2079103667815243,0.0034866774850340725,0.9555317532216552,0.0034866774850340725,True,-0.022677185307724335,-4.567298887;-0.02267718531;-0.02267718531,0;0.01578434662;-0.01578434662,True
0.12289452411777785,0.3170000105907885,4.833333333333334,0.6416666666666666,1.1916666666666664,4.614531007890926,0.20741411396970655,0.0034808094447150158,0.9536380509427184,0.0034808094447150158,True,-0.02261310440934948,-4.569304799;-0.02261310441;-0.02261310441,0;0.01582493221;-0.01582493221,True
0.12324010743111116,0.31600001064866157,4.833333333333334,0.6416666666666666,1.1916666666666664,4.616408757782255,0.20691711325804363,0.0034749092507503714,0.9517390645287049,0.0034749092507503714,True,-0.022548998311502054,-4.571310761;-0.02254899831;-0.02254899831,0;0.01586501383;-0.01586501383,True
0.1235856907444445,0.31500001070653477,4.833333333333334,0.6416666666666666,1.1916666666666664,4.618286507673583,0.20641936464653377,0.003468976903140145,0.9498347897665,0.003468976903140145,True,-0.02248486704898725,-4.573316774;-0.02248486705;-0.02248486705,0;0.01590459515;-0.01590459515,True
0.12393127405777785,0.3140000107644079,4.833333333333334,0.6416666666666666,1.1916666666666664,4.620164257564912,0.2059208681351823,0.003463012401884332,0.9479252224430222,0.003463012401884332,True,-0.022420710656547584,-4.575322836;-0.02242071066;-0.02242071066,0;0.01594367978;-0.01594367978,True
0.12427685737111116,0.3130000108222811,4.833333333333334,0.6416666666666666,1.1916666666666664,4.6220420074562405,0.20542162372399098,0.0034570157469829403,0.9460103583451728,0.0034570157469829403,True,-0.022356529168863187,-4.577328949;-0.02235652917;-0.02235652917,0;0.01598227126;-0.01598227126,True
0.1246224406844445,0.31200001088015433,4.833333333333334,0.6416666666666666,1.1916666666666664,4.6239197573475685,0.20492163141295272,0.003450986938435957,0.9440901932598122,0.003450986938435957,True,-0.0222923226205521,-4.579335112;-0.02229232262;-0.02229232262,0;0.01602037302;-0.01602037302,True
0.12496802399777784,0.31100001093802737,4.833333333333334,0.6416666666666666,1.1916666666666664,4.6257975072388975,0.20442089120206752,0.0034449259762433923,0.9421647229738345,0.0034449259762433923,True,-0.02222809104617,-4.581341325;-0.02222809105;-0.02222809105,0;0.01605798844;-0.01605798844,True
0.12531360731111116,0.3100000109959007,4.833333333333334,0.6416666666666666,1.1916666666666664,4.6276752571302255,0.20391940309134426,0.0034388328604052485,0.9402339432741734,0.0034388328604052485,True,-0.022163834480211298,-4.583347588;-0.02216383448;-0.02216383448,0;0.0160951208;-0.0160951208,True
0.1256591906244445,0.3090000110537739,4.833333333333334,0.6416666666666666,1.1916666666666664,4.629553007021555,0.2034171670807723,0.0034327075909215193,0.938297849947674,0.0034327075909215193,True,-0.02209955295710779,-4.585353901;-0.02209955296;-0.02209955296,0;0.01613177333;-0.01613177333,True
0.12600477393777784,0.308000011111647,4.833333333333334,0.6416666666666666,1.1916666666666664,4.631430756912883,0.2029141831703587,0.0034265501677922037,0.9363564387812616,0.0034265501677922037,True,-0.022035246511230032,-4.587360264;-0.02203524651;-0.02203524651,0;0.01616794917;-0.01616794917,True
0.12635035725111116,0.30700001116952014,4.833333333333334,0.6416666666666666,1.1916666666666664,4.633308506804212,0.20241045136010172,0.0034203605910173027,0.9344097055618222,0.0034203605910173027,True,-0.0219709151768869,-4.589366676;-0.02197091518;-0.02197091518,0;0.0162036514;-0.0162036514,True
0.1266959405644445,0.30600001122739323,4.833333333333334,0.6416666666666666,1.1916666666666664,4.6351862566955395,0.20190597164999424,0.0034141388605968184,0.9324576460762157,0.0034141388605968184,True,-0.021906558988325962,-4.591373139;-0.02190655899;-0.02190655899,0;0.01623888302;-0.01623888302,True
0.12704152387777784,0.30500001128526644,4.833333333333334,0.6416666666666666,1.1916666666666664,4.637064006586869,0.20140074404005048,0.003407884976530758,0.9305002561114023,0.003407884976530758,True,-0.021842177979733444,-4.593379651;-0.02184217798;-0.02184217798,0;0.01627364698;-0.01627364698,True
0.12738710719111118,0.30400001134313964,4.833333333333334,0.6416666666666666,1.1916666666666664,4.638941756478198,0.20089476853025978,0.0034015989388191063,0.9285375314542254,0.0034015989388191063,True,-0.02177777218523458,-4.595386212;-0.02177777219;-0.02177777219,0;0.01630794616;-0.01630794616,True
0.1277326905044445,0.3030000114010127,4.833333333333334,0.6416666666666666,1.1916666666666664,4.640819506369526,0.2003880451206257,0.003395280747461869,0.9265694678915947,0.003395280747461869,True,-0.021713341638893116,-4.597392823;-0.02171334164;-0.02171334164,0;0.01634178336;-0.01634178336,True
0.12807827381777784,0.3020000114588859,4.833333333333334,0.6416666666666666,1.1916666666666664,4.642697256260855,0.1998805738111482,0.003388930402459051,0.9245960612104042,0.003388930402459051,True,-0.021648886374712486,-4.599399484;-0.02164888637;-0.02164888637,0;0.01637516134;-0.01637516134,True
0.12842385713111118,0.301000011516759,4.833333333333334,0.6416666666666666,1.1916666666666664,4.644575006152184,0.19937235460182556,0.003382547903810649,0.9226173071975388,0.003382547903810649,True,-0.021584406426635255,-4.601406193;-0.02158440643;-0.02158440643,0;0.01640808278;-0.01640808278,True
0.1287694404444445,0.3000000115746323,4.833333333333334,0.6416666666666666,1.1916666666666664,4.646452756043513,0.19886338749265953,0.003376133251516667,0.9206332016399004,0.003376133251516667,True,-0.021519901828543218,-4.603412952;-0.02151990183;-0.02151990183,0;0.01644055032;-0.01644055032,True
0.12911502375777784,0.29900001163250545,4.833333333333334,0.6416666666666666,1.1916666666666664,4.648330505934841,0.19835367248365188,0.0033696864455770945,0.9186437403243902,0.0033696864455770945,True,-0.02145537261425764,-4.605419761;-0.02145537261;-0.02145537261,0;0.01647256652;-0.01647256652,True
0.12946060707111118,0.29800001169037854,4.833333333333334,0.6416666666666666,1.1916666666666664,4.650208255826171,0.19784320957479729,0.003363207485991943,0.9166489190378777,0.003363207485991943,True,-0.021390818817539674,-4.607426618;-0.02139081882;-0.02139081882,0;0.01650413389;-0.01650413389,True
0.1298061903844445,0.29700001174825186,4.833333333333334,0.6416666666666666,1.1916666666666664,4.652086005717498,0.1973319987660922,0.0033566963727612057,0.9146487335672389,0.0033566963727612057,True,-0.02132624047209013,-4.609433525;-0.02132624047;-0.02132624047,0;0.0165352549;-0.0165352549,True
0.13015177369777783,0.29600001180612506,4.833333333333334,0.6416666666666666,1.1916666666666664,4.653963755608827,0.19682004005755083,0.003350153105884884,0.9126431796994341,0.003350153105884884,True,-0.02126163761154968,-4.61144048;-0.02126163761;-0.02126163761,0;0.01656593195;-0.01656593195,True
0.13049735701111118,0.2950000118639981,4.833333333333334,0.6416666666666666,1.1916666666666664,4.655841505500155,0.19630733344916607,0.003343577685362976,0.9106322532213234,0.003343577685362976,True,-0.02119701026949917,-4.613447485;-0.02119701027;-0.02119701027,0;0.01659616738;-0.01659616738,True
0.13084294032444452,0.2940000119218713,4.833333333333334,0.6416666666666666,1.1916666666666664,4.657719255391484,0.19579387894093436,0.003336970111195485,0.9086159499197837,0.003336970111195485,True,-0.02113235847945963,-4.615454538;-0.02113235848;-0.02113235848,0;0.0166259635;-0.0166259635,True
0.13118852363777783,0.2930000119797444,4.833333333333334,0.6416666666666666,1.1916666666666664,4.659597005282813,0.19527967653286282,0.0033303303833824133,0.9065942655817416,0.0033303303833824133,True,-0.02106768227489205,-4.617461641;-0.02106768227;-0.02106768227,0;0.01665532256;-0.01665532256,True
0.13153410695111117,0.29200001203761755,4.833333333333334,0.6416666666666666,1.1916666666666664,4.661474755174142,0.19476472622494612,0.0033236585019237605,0.9045671959940658,0.0033236585019237605,True,-0.021002981689198393,-4.619468792;-0.02100298169;-0.02100298169,0;0.01668424674;-0.01668424674,True
0.13187969026444452,0.29100001209549065,4.833333333333334,0.6416666666666666,1.1916666666666664,4.663352505065471,0.1942490280171807,0.0033169544668195166,0.9025347369436328,0.0033169544668195166,True,-0.020938256755720634,-4.621475992;-0.02093825676;-0.02093825676,0;0.0167127382;-0.0167127382,True
0.13222527357777783,0.29000001215336374,4.833333333333334,0.6416666666666666,1.1916666666666664,4.6652302549568,0.1937325819095772,0.0033102182780696903,0.9004968842173864,0.0033102182780696903,True,-0.020873507507742105,-4.62348324;-0.02087350751;-0.02087350751,0;0.01674079903;-0.01674079903,True
0.13257085689111117,0.28900001221123706,4.833333333333334,0.6416666666666666,1.1916666666666664,4.667108004848129,0.19321538790212678,0.003303449935674286,0.8984536336021779,0.003303449935674286,True,-0.020808733978486333,-4.625490537;-0.02080873398;-0.02080873398,0;0.01676843129;-0.01676843129,True
0.1329164402044445,0.2880000122691101,4.833333333333334,0.6416666666666666,1.1916666666666664,4.668985754739456,0.1926974459948294,0.0032966494396332886,0.8964049808849008,0.0032966494396332886,True,-0.020743936201117797,-4.627497882;-0.0207439362;-0.0207439362,0;0.01679563698;-0.01679563698,True
0.13326202351777783,0.2870000123269834,4.833333333333334,0.6416666666666666,1.1916666666666664,4.670863504630786,0.1921787561876922,0.0032898167899467175,0.8943509218524827,0.0032898167899467175,True,-0.020679114208742674,-4.629505276;-0.02067911421;-0.02067911421,0;0.01682241807;-0.01682241807,True
0.13360760683111117,0.2860000123848565,4.833333333333334,0.6416666666666666,1.1916666666666664,4.672741254522114,0.19165931848070805,0.003282951986614553,0.8922914522917825,0.003282951986614553,True,-0.02061426803440779,-4.631512718;-0.02061426803;-0.02061426803,0;0.01684877646;-0.01684877646,True
0.1339531901444445,0.28500001244272954,4.833333333333334,0.6416666666666666,1.1916666666666664,4.674619004413443,0.19113913287388584,0.003276055029636811,0.8902265679897362,0.003276055029636811,True,-0.020549397711101557,-4.633520209;-0.02054939771;-0.02054939771,0;0.01687471403;-0.01687471403,True
0.13429877345777783,0.28400001250060286,4.833333333333334,0.6416666666666666,1.1916666666666664,4.676496754304772,0.19061819936721314,0.003269125919013481,0.8881562647331787,0.003269125919013481,True,-0.02048450327175356,-4.635527748;-0.02048450327;-0.02048450327,0;0.01690023261;-0.01690023261,True
0.13464435677111117,0.2830000125584762,4.833333333333334,0.6416666666666666,1.1916666666666664,4.6783745041961,0.1900965179607006,0.0032621646547445734,0.886080538309053,0.0032621646547445734,True,-0.020419584749235414,-4.637535335;-0.02041958475;-0.02041958475,0;0.01692533399;-0.01692533399,True
0.1349899400844445,0.28200001261634927,4.833333333333334,0.6416666666666666,1.1916666666666664,4.680252254087429,0.1895740886543429,0.0032551712368300762,0.8839993845042283,0.0032551712368300762,True,-0.020354642176360092,-4.63954297;-0.02035464218;-0.02035464218,0;0.0169500199;-0.0169500199,True
0.13533552339777785,0.2810000126742223,4.833333333333334,0.6416666666666666,1.1916666666666664,4.682130003978758,0.1890509114481418,0.0032481456652699975,0.8819127991056059,0.0032481456652699975,True,-0.020289675585882218,-4.641550653;-0.02028967559;-0.02028967559,0;0.01697429206;-0.01697429206,True
0.13568110671111117,0.2800000127320954,4.833333333333334,0.6416666666666666,1.1916666666666664,4.684007753870087,0.18852698634209553,0.00324108794006433,0.8798207779000711,0.00324108794006433,True,-0.020224685010499004,-4.643558384;-0.02022468501;-0.02022468501,0;0.01699815213;-0.01699815213,True
0.1360266900244445,0.2790000127899687,4.833333333333334,0.6416666666666666,1.1916666666666664,4.685885503761414,0.18800231333620054,0.0032339980612130846,0.8777233166745002,0.0032339980612130846,True,-0.020159670482849404,-4.645566163;-0.02015967048;-0.02015967048,0;0.01702160174;-0.01702160174,True
0.13637227333777785,0.2780000128478418,4.833333333333334,0.6416666666666666,1.1916666666666664,4.687763253652743,0.18747689243046572,0.0032268760287162503,0.875620411215829,0.0032268760287162503,True,-0.020094632035514273,-4.64757399;-0.02009463204;-0.02009463204,0;0.01704464247;-0.01704464247,True
0.13671785665111116,0.27700001290571485,4.833333333333334,0.6416666666666666,1.1916666666666664,4.6896410035440725,0.1869507236248893,0.003219721842573836,0.8735120573109426,0.003219721842573836,True,-0.020029569701017373,-4.649581864;-0.0200295697;-0.0200295697,0;0.01706727587;-0.01706727587,True
0.1370634399644445,0.27600001296358795,4.833333333333334,0.6416666666666666,1.1916666666666664,4.691518753435401,0.18642380691946592,0.003212535502785835,0.8713982507467086,0.003212535502785835,True,-0.019964483511824678,-4.651589786;-0.01996448351;-0.01996448351,0;0.01708950346;-0.01708950346,True
0.13740902327777785,0.27500001302146126,4.833333333333334,0.6416666666666666,1.1916666666666664,4.6933965033267295,0.1858961423142027,0.003205317009352254,0.8692789873100548,0.003205317009352254,True,-0.019899373500344642,-4.653597756;-0.0198993735;-0.0198993735,0;0.0171113267;-0.0171113267,True
0.1377546065911112,0.2740000130793343,4.833333333333334,0.6416666666666666,1.1916666666666664,4.6952742532180585,0.18536772980909255,0.0031980663622730864,0.8671542627878408,0.0031980663622730864,True,-0.019834239698928474,-4.655605774;-0.0198342397;-0.0198342397,0;0.01713274705;-0.01713274705,True
0.13810018990444453,0.2730000131372074,4.833333333333334,0.6416666666666666,1.1916666666666664,4.697152003109387,0.184838569404139,0.0031907835615483365,0.8650240729669767,0.0031907835615483365,True,-0.01976908213987013,-4.657613839;-0.01976908214;-0.01976908214,0;0.01715376589;-0.01715376589,True
0.13844577321777782,0.27200001319508094,4.833333333333334,0.6416666666666666,1.1916666666666664,4.6990297530007155,0.18430866109934207,0.003183468607178004,0.862888413634356,0.003183468607178004,True,-0.019703900855407238,-4.659621951;-0.01970390086;-0.01970390086,0;0.01717438461;-0.01717438461,True
0.13879135653111116,0.27100001325295403,4.833333333333334,0.6416666666666666,1.1916666666666664,4.7009075028920435,0.18377800489469465,0.003176121499162086,0.8607472805768386,0.003176121499162086,True,-0.019638695877719138,-4.661630111;-0.01963869588;-0.01963869588,0;0.01719460453;-0.01719460453,True
0.1391369398444445,0.27000001331082707,4.833333333333334,0.6416666666666666,1.1916666666666664,4.702785252783373,0.1832466007902127,0.0031687422375005813,0.8586006695813937,0.0031687422375005813,True,-0.019573467238929613,-4.663638318;-0.01957346724;-0.01957346724,0;0.01721442695;-0.01721442695,True
0.13948252315777784,0.2690000133687004,4.833333333333334,0.6416666666666666,1.1916666666666664,4.704663002674701,0.18271444878588028,0.003161330822193496,0.856448576434839,0.003161330822193496,True,-0.019508214971105137,-4.665646573;-0.01950821497;-0.01950821497,0;0.01723385315;-0.01723385315,True
0.13982810647111119,0.2680000134265735,4.833333333333334,0.6416666666666666,1.1916666666666664,4.70654075256603,0.18218154888170623,0.003153887253240825,0.8542909969241098,0.003153887253240825,True,-0.01944293910625563,-4.667654874;-0.01944293911;-0.01944293911,0;0.01725288435;-0.01725288435,True
0.14017368978444453,0.2670000134844466,4.833333333333334,0.6416666666666666,1.1916666666666664,4.708418502457358,0.18164790107769058,0.0031464115306425685,0.8521279268360997,0.0031464115306425685,True,-0.019377639676335157,-4.669663223;-0.01937763968;-0.01937763968,0;0.01727152176;-0.01727152176,True
0.1405192730977778,0.2660000135423196,4.833333333333334,0.6416666666666666,1.1916666666666664,4.710296252348688,0.1811135053738262,0.0031389036543987316,0.8499593619576689,0.0031389036543987316,True,-0.019312316713240685,-4.671671619;-0.01931231671;-0.01931231671,0;0.01728976655;-0.01728976655,True
0.14086485641111116,0.26500001360019293,4.833333333333334,0.6416666666666666,1.1916666666666664,4.712174002240016,0.180578361770122,0.0031313636245093096,0.847785298075752,0.0031313636245093096,True,-0.019246970248813437,-4.673680062;-0.01924697025;-0.01924697025,0;0.01730761985;-0.01730761985,True
0.1412104397244445,0.264000013658066,4.833333333333334,0.6416666666666666,1.1916666666666664,4.714051752131345,0.1800424702665726,0.0031237914409743043,0.8456057309772179,0.0031237914409743043,True,-0.019181600314838582,-4.675688552;-0.01918160031;-0.01918160031,0;0.01732508276;-0.01732508276,True
0.14155602303777784,0.26300001371593906,4.833333333333334,0.6416666666666666,1.1916666666666664,4.715929502022674,0.17950583086317806,0.0031161871037937152,0.84342065644896,0.0031161871037937152,True,-0.0191162069430451,-4.677697088;-0.01911620694;-0.01911620694,0;0.01734215638;-0.01734215638,True
0.14190160635111118,0.26200001377381216,4.833333333333334,0.6416666666666666,1.1916666666666664,4.717807251914003,0.1789684435599419,0.0031085506129675377,0.8412300702778883,0.0031085506129675377,True,-0.019050790165106204,-4.679705672;-0.01905079017;-0.01905079017,0;0.01735884174;-0.01735884174,True
0.14224718966444452,0.2610000138316855,4.833333333333334,0.6416666666666666,1.1916666666666664,4.719685001805331,0.17843030835686235,0.003100881968495783,0.8390339682508879,0.003100881968495783,True,-0.018985350012639516,-4.681714302;-0.01898535001;-0.01898535001,0;0.01737513985;-0.01737513985,True
0.14259277297777787,0.26000001388955857,4.833333333333334,0.6416666666666666,1.1916666666666664,4.721562751696659,0.17789142525393054,0.0030931811703784388,0.8368323461548103,0.0030931811703784388,True,-0.018919886517207257,-4.683722979;-0.01891988652;-0.01891988652,0;0.01739105171;-0.01739105171,True
0.14293835629111115,0.2590000139474321,4.833333333333334,0.6416666666666666,1.1916666666666664,4.723440501587987,0.17735179425116065,0.003085448218615516,0.8346251997766162,0.003085448218615516,True,-0.018854399710315488,-4.685731702;-0.01885439971;-0.01885439971,0;0.01740657826;-0.01740657826,True
0.1432839396044445,0.25800001400530514,4.833333333333334,0.6416666666666666,1.1916666666666664,4.725318251479317,0.17681141534854738,0.00307768311320701,0.8324125249031742,0.00307768311320701,True,-0.018788889623415475,-4.687740472;-0.01878888962;-0.01878888962,0;0.01742172045;-0.01742172045,True
0.14362952291777784,0.25700001406317824,4.833333333333334,0.6416666666666666,1.1916666666666664,4.727196001370645,0.17627028854609073,0.0030698858541529156,0.8301943173213769,0.0030698858541529156,True,-0.018723356287903385,-4.689749289;-0.01872335629;-0.01872335629,0;0.01743647915;-0.01743647915,True
0.14397510623111118,0.25600001412105133,4.833333333333334,0.6416666666666666,1.1916666666666664,4.729073751261974,0.1757284138437889,0.003062056441453237,0.8279705728181102,0.003062056441453237,True,-0.018657799735119593,-4.691758152;-0.01865779974;-0.01865779974,0;0.01745085526;-0.01745085526,True
0.14432068954444452,0.2550000141789246,4.833333333333334,0.6416666666666666,1.1916666666666664,4.730951501153303,0.17518579124164368,0.003054194875107975,0.8257412871802754,0.003054194875107975,True,-0.01859221999635012,-4.693767061;-0.01859222;-0.01859222,0;0.01746484961;-0.01746484961,True
0.14466627285777786,0.2540000142367977,4.833333333333334,0.6416666666666666,1.1916666666666664,4.732829251044632,0.1746424207396533,0.003046301155117132,0.8235064561947577,0.003046301155117132,True,-0.018526617102825826,-4.695776017;-0.0185266171;-0.0185266171,0;0.01747846301;-0.01747846301,True
0.14501185617111115,0.2530000142946708,4.833333333333334,0.6416666666666666,1.1916666666666664,4.734707000935961,0.1740983023378213,0.0030383752814807014,0.8212660756484674,0.0030383752814807014,True,-0.01846099108572275,-4.697785019;-0.01846099109;-0.01846099109,0;0.01749169625;-0.01749169625,True
0.1453574394844445,0.2520000143525438,4.833333333333334,0.6416666666666666,1.1916666666666664,4.736584750827289,0.1735534360361406,0.0030304172541986887,0.8190201413282641,0.0030304172541986887,True,-0.018395341976162494,-4.699794067;-0.01839534198;-0.01839534198,0;0.0175045501;-0.0175045501,True
0.14570302279777783,0.25100001441041714,4.833333333333334,0.6416666666666666,1.1916666666666664,4.738462500718617,0.17300782183462005,0.003022427073271092,0.8167686490210836,0.003022427073271092,True,-0.018329669805211973,-4.701803161;-0.01832966981;-0.01832966981,0;0.01751702529;-0.01751702529,True
0.14604860611111117,0.25000001446829023,4.833333333333334,0.6416666666666666,1.1916666666666664,4.740340250609947,0.17246145973325255,0.0030144047386979136,0.8145115945137857,0.0030144047386979136,True,-0.018263974603883525,-4.703812301;-0.0182639746;-0.0182639746,0;0.01752912252;-0.01752912252,True
0.14639418942444452,0.2490000145261633,4.833333333333334,0.6416666666666666,1.1916666666666664,4.742218000501275,0.17191434973204167,0.003006350250479146,0.8122489735932804,0.003006350250479146,True,-0.018198256403135493,-4.705821488;-0.0181982564;-0.0181982564,0;0.01754084248;-0.01754084248,True
0.14673977273777786,0.24800001458403662,4.833333333333334,0.6416666666666666,1.1916666666666664,4.744095750392603,0.17136649183099095,0.002998263608614802,0.809980782046478,0.002998263608614802,True,-0.018132515233872156,-4.70783072;-0.01813251523;-0.01813251523,0;0.01755218582;-0.01755218582,True
0.1470853560511112,0.24700001464190968,4.833333333333334,0.6416666666666666,1.1916666666666664,4.745973500283933,0.17081788603009151,0.002990144813104869,0.8077070156602304,0.002990144813104869,True,-0.01806675112694328,-4.709839998;-0.01806675113;-0.01806675113,0;0.01756315318;-0.01756315318,True
0.14743093936444449,0.246000014699783,4.833333333333334,0.6416666666666666,1.1916666666666664,4.747851250175262,0.17026853232935224,0.002981993863949356,0.8054276702214727,0.002981993863949356,True,-0.01800096411314492,-4.711849322;-0.01800096411;-0.01800096411,0;0.01757374515;-0.01757374515,True
0.14777652267777783,0.2450000147576563,4.833333333333334,0.6416666666666666,1.1916666666666664,4.74972900006659,0.16971843072876602,0.0029738107611482537,0.8031427415170644,0.0029738107611482537,True,-0.01793515422321912,-4.713858692;-0.01793515422;-0.01793515422,0;0.01758396231;-0.01758396231,True
0.14812210599111117,0.24400001481552938,4.833333333333334,0.6416666666666666,1.1916666666666664,4.751606749957919,0.16916758122833642,0.0029655955047015706,0.8008522253339163,0.0029655955047015706,True,-0.017869321487854372,-4.715868107;-0.01786932149;-0.01786932149,0;0.01759380521;-0.01759380521,True
0.1484676893044445,0.24300001487340245,4.833333333333334,0.6416666666666666,1.1916666666666664,4.753484499849247,0.16861598382805987,0.0029573480946093016,0.7985561174589045,0.0029573480946093016,True,-0.01780346593768568,-4.717877568;-0.01780346594;-0.01780346594,0;0.0176032744;-0.0176032744,True
0.14881327261777785,0.24200001493127576,4.833333333333334,0.6416666666666666,1.1916666666666664,4.755362249740575,0.1680636385279417,0.0029490685308714514,0.7962544136789482,0.0029490685308714514,True,-0.017737587603294455,-4.719887075;-0.0177375876;-0.0177375876,0;0.01761237036;-0.01761237036,True
0.1491588559311112,0.24100001498914883,4.833333333333334,0.6416666666666666,1.1916666666666664,4.757239999631904,0.16751054532798193,0.0029407568134880158,0.7939471097809407,0.0029407568134880158,True,-0.01767168651520844,-4.721896627;-0.01767168652;-0.01767168652,0;0.01762109357;-0.01762109357,True
0.14950443924444448,0.2400000150470219,4.833333333333334,0.6416666666666666,1.1916666666666664,4.7591177495232335,0.1669567042281752,0.0029324129424589986,0.7916342015517502,0.0029324129424589986,True,-0.017605762703902225,-4.723906224;-0.0176057627;-0.0176057627,0;0.0176294445;-0.0176294445,True
0.14985002255777782,0.239000015104895,4.833333333333334,0.6416666666666666,1.1916666666666664,4.760995499414562,0.16640211522852688,0.002924036917784394,0.7893156847782954,0.002924036917784394,True,-0.017539816199797872,-4.725915867;-0.0175398162;-0.0175398162,0;0.01763742356;-0.01763742356,True
0.15019560587111117,0.23800001516276828,4.833333333333334,0.6416666666666666,1.1916666666666664,4.7628732493058905,0.16584677832903516,0.0029156287394642077,0.7869915552474612,0.0029156287394642077,True,-0.01747384703326362,-4.727925555;-0.01747384703;-0.01747384703,0;0.01764503117;-0.01764503117,True
0.1505411891844445,0.23700001522064137,4.833333333333334,0.6416666666666666,1.1916666666666664,4.7647509991972194,0.1652906935296965,0.002907188407498434,0.7846618087461242,0.002907188407498434,True,-0.017407855234614786,-4.729935289;-0.01740785523;-0.01740785523,0;0.01765226771;-0.01765226771,True
0.15088677249777785,0.23600001527851444,4.833333333333334,0.6416666666666666,1.1916666666666664,4.766628749088548,0.16473386083051444,0.0028987159218870798,0.782326441061195,0.0028987159218870798,True,-0.017341840834114497,-4.731945067;-0.01734184083;-0.01734184083,0;0.01765913353;-0.01765913353,True
0.1512323558111112,0.2350000153363875,4.833333333333334,0.6416666666666666,1.1916666666666664,4.768506498979877,0.16417628023149078,0.002890211282630143,0.7799854479795753,0.002890211282630143,True,-0.01727580386197269,-4.733954891;-0.01727580386;-0.01727580386,0;0.01766562897;-0.01766562897,True
0.15157793912444453,0.23400001539426082,4.833333333333334,0.6416666666666666,1.1916666666666664,4.7703842488712045,0.16361795173261662,0.002881674489727618,0.7776388252881157,0.002881674489727618,True,-0.01720974434834685,-4.73596476;-0.01720974435;-0.01720974435,0;0.01767175434;-0.01767175434,True
0.15192352243777782,0.23300001545213414,4.833333333333334,0.6416666666666666,1.1916666666666664,4.772261998762533,0.16305887533390262,0.0028731055431795135,0.7752865687737613,0.0028731055431795135,True,-0.017143662323341798,-4.737974674;-0.01714366232;-0.01714366232,0;0.01767750992;-0.01767750992,True
0.15226910575111116,0.23200001551000743,4.833333333333334,0.6416666666666666,1.1916666666666664,4.7741397486538615,0.16249905103534523,0.002864504442985824,0.7729286742233883,0.002864504442985824,True,-0.01707755781701062,-4.739984633;-0.01707755782;-0.01707755782,0;0.01768289598;-0.01768289598,True
0.1526146890644445,0.23100001556788052,4.833333333333334,0.6416666666666666,1.1916666666666664,4.77601749854519,0.16193847883694445,0.002855871189146552,0.7705651374238902,0.002855871189146552,True,-0.017011430859353034,-4.741994637;-0.01701143086;-0.01701143086,0;0.01768791275;-0.01768791275,True
0.15296027237777785,0.2300000156257536,4.833333333333334,0.6416666666666666,1.1916666666666664,4.77789524843652,0.1613771587386985,0.002847205781661693,0.768195954162152,0.002847205781661693,True,-0.016945281480317688,-4.744004685;-0.01694528148;-0.01694528148,0;0.01769256046;-0.01769256046,True
0.1533058556911112,0.22900001568362666,4.833333333333334,0.6416666666666666,1.1916666666666664,4.779772998327849,0.16081509074060918,0.0028385082205312517,0.7658211202250754,0.0028385082205312517,True,-0.0168791097098006,-4.746014779;-0.01687910971;-0.01687910971,0;0.01769683929;-0.01769683929,True
0.15365143900444453,0.22800001574149997,4.833333333333334,0.6416666666666666,1.1916666666666664,4.781650748219177,0.16025227484267823,0.002829778505755224,0.7634406313995623,0.002829778505755224,True,-0.016812915577646005,-4.748024917;-0.01681291558;-0.01681291558,0;0.01770074942;-0.01770074942,True
0.15399702231777782,0.22700001579937304,4.833333333333334,0.6416666666666666,1.1916666666666664,4.783528498110506,0.15968871104490212,0.0028210166373336155,0.7610544834724896,0.0028210166373336155,True,-0.016746699113646596,-4.7500351;-0.01674669911;-0.01674669911,0;0.017704291;-0.017704291,True
0.15434260563111116,0.22600001585724613,4.833333333333334,0.6416666666666666,1.1916666666666664,4.785406248001834,0.1591243993472755,0.002812222615266418,0.7586626722307249,0.002812222615266418,True,-0.01668046034754267,-4.752045327;-0.01668046035;-0.01668046035,0;0.01770746414;-0.01770746414,True
0.1546881889444445,0.2250000159151192,4.833333333333334,0.6416666666666666,1.1916666666666664,4.787283997893163,0.15855933974980907,0.0028033964395536405,0.7562651934612127,0.0028033964395536405,True,-0.01661419930902367,-4.754055599;-0.01661419931;-0.01661419931,0;0.01771026894;-0.01771026894,True
0.15503377225777784,0.22400001597299252,4.833333333333334,0.6416666666666666,1.1916666666666664,4.789161747784491,0.15799353225249924,0.0027945381101952796,0.7538620429508294,0.0027945381101952796,True,-0.01654791602772722,-4.756065916;-0.01654791603;-0.01654791603,0;0.0177127055;-0.0177127055,True
0.15537935557111118,0.22300001603086558,4.833333333333334,0.6416666666666666,1.1916666666666664,4.79103949767582,0.1574269768553478,0.0027856476271913336,0.7514532164864771,0.0027856476271913336,True,-0.01648161053323939,-4.758076277;-0.01648161053;-0.01648161053,0;0.01771477385;-0.01771477385,True
0.15572493888444452,0.22200001608873865,4.833333333333334,0.6416666666666666,1.1916666666666664,4.792917247567149,0.15685967355835118,0.002776724990541803,0.7490387098550322,0.002776724990541803,True,-0.016415282855095248,-4.760086682;-0.01641528286;-0.01641528286,0;0.01771647403;-0.01771647403,True
0.15607052219777787,0.22100001614661174,4.833333333333334,0.6416666666666666,1.1916666666666664,4.794794997458478,0.1562916223615094,0.00276777020024669,0.7466185188433883,0.00276777020024669,True,-0.01634893302277888,-4.762097131;-0.01634893302;-0.01634893302,0;0.01771780606;-0.01771780606,True
0.15641610551111115,0.22000001620448528,4.833333333333334,0.6416666666666666,1.1916666666666664,4.796672747349806,0.15572282326482423,0.002758783256305999,0.7441926392384468,0.002758783256305999,True,-0.01628256106572272,-4.764107625;-0.01628256107;-0.01628256107,0;0.01771876992;-0.01771876992,True
0.1567616888244445,0.21900001626235835,4.833333333333334,0.6416666666666666,1.1916666666666664,4.798550497241136,0.15515327626829567,0.002749764158719716,0.7417610668271017,0.002749764158719716,True,-0.016216167013308608,-4.766118163;-0.01621616701;-0.01621616701,0;0.01771936556;-0.01771936556,True
0.15710727213777784,0.21800001632023167,4.833333333333334,0.6416666666666666,1.1916666666666664,4.800428247132464,0.15458298137192195,0.0027407129074878524,0.7393237973962377,0.0027407129074878524,True,-0.016149750894867854,-4.768128745;-0.01614975089;-0.01614975089,0;0.01771959294;-0.01771959294,True
0.15745285545111118,0.21700001637810473,4.833333333333334,0.6416666666666666,1.1916666666666664,4.802305997023793,0.1540119385757066,0.0027316295026104014,0.7368808267327654,0.0027316295026104014,True,-0.016083312739680198,-4.770139372;-0.01608331274;-0.01608331274,0;0.01771945197;-0.01771945197,True
0.15779843876444452,0.2160000164359778,4.833333333333334,0.6416666666666666,1.1916666666666664,4.804183746915122,0.15344014787964433,0.0027225139440873684,0.7344321506235527,0.0027225139440873684,True,-0.01601685257697571,-4.772150042;-0.01601685258;-0.01601685258,0;0.01771894255;-0.01771894255,True
0.15814402207777786,0.2150000164938509,4.833333333333334,0.6416666666666666,1.1916666666666664,4.80606149680645,0.1528676092837351,0.0027133662319187538,0.7319777648554927,0.0027133662319187538,True,-0.015950370435933364,-4.774160756;-0.01595037044;-0.01595037044,0;0.01771806454;-0.01771806454,True
0.15848960539111115,0.21400001655172418,4.833333333333334,0.6416666666666666,1.1916666666666664,4.807939246697778,0.15229432278798782,0.002704186366104553,0.7295176652155219,0.002704186366104553,True,-0.015883866345681823,-4.776171514;-0.01588386635;-0.01588386635,0;0.0177168178;-0.0177168178,True
0.1588351887044445,0.21300001660959728,4.833333333333334,0.6416666666666666,1.1916666666666664,4.809816996589107,0.1517202883923936,0.002694974346644768,0.7270518474904909,0.002694974346644768,True,-0.015817340335299482,-4.778182316;-0.01581734034;-0.01581734034,0;0.01771520215;-0.01771520215,True
0.15918077201777783,0.21200001666747034,4.833333333333334,0.6416666666666666,1.1916666666666664,4.811694746480436,0.1511455060969542,0.002685730173539399,0.7245803074673018,0.002685730173539399,True,-0.01575079243381437,-4.780193162;-0.01575079243;-0.01575079243,0;0.01771321739;-0.01771321739,True
0.15952635533111117,0.2110000167253434,4.833333333333334,0.6416666666666666,1.1916666666666664,4.813572496371765,0.15056997590167676,0.002676453846788446,0.7221030409328821,0.002676453846788446,True,-0.015684222670204986,-4.782204051;-0.01568422267;-0.01568422267,0;0.01771086332;-0.01771086332,True
0.15987193864444452,0.21000001678321673,4.833333333333334,0.6416666666666666,1.1916666666666664,4.815450246263093,0.1499936978065488,0.002667145366391912,0.7196200436740655,0.002667145366391912,True,-0.015617631073399196,-4.784214984;-0.01561763107;-0.01561763107,0;0.01770813967;-0.01770813967,True
0.16021752195777786,0.2090000168410898,4.833333333333334,0.6416666666666666,1.1916666666666664,4.817327996154422,0.1494166718115828,0.0026578047323497916,0.7171313114778053,0.0026578047323497916,True,-0.01555101767227527,-4.786225961;-0.01555101767;-0.01555101767,0;0.0177050462;-0.0177050462,True
0.1605631052711112,0.2080000168989629,4.833333333333334,0.6416666666666666,1.1916666666666664,4.819205746045752,0.14883889791676808,0.002648431944662088,0.7146368401309436,0.002648431944662088,True,-0.01548438249566158,-4.788236981;-0.0154843825;-0.0154843825,0;0.0177015826;-0.0177015826,True
0.1609086885844445,0.20700001695683642,4.833333333333334,0.6416666666666666,1.1916666666666664,4.82108349593708,0.1482603761221135,0.002639027003328806,0.7121366254204164,0.002639027003328806,True,-0.01541772557233707,-4.790248045;-0.01541772557;-0.01541772557,0;0.01769774856;-0.01769774856,True
0.16125427189777783,0.2060000170147095,4.833333333333334,0.6416666666666666,1.1916666666666664,4.822961245828408,0.14768110642760846,0.0026295899083499303,0.7096306631330662,0.0026295899083499303,True,-0.01535104693103073,-4.792259152;-0.01535104693;-0.01535104693,0;0.01769354376;-0.01769354376,True
0.16159985521111117,0.20500001707258256,4.833333333333334,0.6416666666666666,1.1916666666666664,4.824838995719736,0.14710108883326178,0.0026201206597254744,0.707118949055829,0.0026201206597254744,True,-0.015284346600422452,-4.794270303;-0.0152843466;-0.0152843466,0;0.01768896782;-0.01768896782,True
0.1619454385244445,0.20400001713045587,4.833333333333334,0.6416666666666666,1.1916666666666664,4.826716745611065,0.1465203233390735,0.002610619257455435,0.7046014789755983,0.002610619257455435,True,-0.01521762460914268,-4.796281496;-0.01521762461;-0.01521762461,0;0.01768402037;-0.01768402037,True
0.16229102183777785,0.20300001718832894,4.833333333333334,0.6416666666666666,1.1916666666666664,4.828594495502394,0.14593880994504005,0.0026010857015398127,0.7020782486792505,0.0026010857015398127,True,-0.015150880985772344,-4.798292734;-0.01515088099;-0.01515088099,0;0.017678701;-0.017678701,True
0.1626366051511112,0.20200001724620203,4.833333333333334,0.6416666666666666,1.1916666666666664,4.8304722453937226,0.1453565486511632,0.0025915199919786056,0.6995492539536876,0.0025915199919786056,True,-0.01508411575884362,-4.800304014;-0.01508411576;-0.01508411576,0;0.01767300928;-0.01767300928,True
0.16298218846444448,0.2010000173040751,4.833333333333334,0.6416666666666666,1.1916666666666664,4.8323499952850515,0.14477353945744298,0.0025819221287718135,0.697014490585803,0.0025819221287718135,True,-0.015017328956839132,-4.802315337;-0.01501732896;-0.01501732896,0;0.01766694475;-0.01766694475,True
0.16332777177777782,0.20000001736194842,4.833333333333334,0.6416666666666666,1.1916666666666664,4.83422774517638,0.1441897823638758,0.0025722921119194432,0.694473954362473,0.0025722921119194432,True,-0.014950520608193315,-4.804326704;-0.01495052061;-0.01495052061,0;0.01766050694;-0.01766050694,True
0.16367335509111117,0.19900001741982148,4.833333333333334,0.6416666666666666,1.1916666666666664,4.836105495067709,0.1436052773704688,0.0025626299414214775,0.6919276410706253,0.0025626299414214775,True,-0.014883690741290772,-4.806338114;-0.01488369074;-0.01488369074,0;0.01765369534;-0.01765369534,True
0.1640189384044445,0.19800001747769455,4.833333333333334,0.6416666666666666,1.1916666666666664,4.8379832449590365,0.14302002447721307,0.0025529356172779363,0.6893755464971102,0.0025529356172779363,True,-0.014816839384468327,-4.808349566;-0.01481683938;-0.01481683938,0;0.01764650942;-0.01764650942,True
0.16436452171777785,0.19700001753556787,4.833333333333334,0.6416666666666666,1.1916666666666664,4.8398609948503655,0.14243402368411573,0.0025432091394888114,0.6868176664288561,0.0025432091394888114,True,-0.014749966566013427,-4.810361062;-0.01474996657;-0.01474996657,0;0.01763894863;-0.01763894863,True
0.1647101050311112,0.19600001759344093,4.833333333333334,0.6416666666666666,1.1916666666666664,4.841738744741695,0.14184727499117322,0.002533450508054101,0.684253996652739,0.002533450508054101,True,-0.014683072314165407,-4.8123726;-0.01468307231;-0.01468307231,0;0.0176310124;-0.0176310124,True
0.16505568834444453,0.19500001765131403,4.833333333333334,0.6416666666666666,1.1916666666666664,4.843616494633023,0.1412597783983891,0.0025236597229738077,0.6816845329556692,0.0025236597229738077,True,-0.014616156657115263,-4.814384181;-0.01461615666;-0.01461615666,0;0.01762270012;-0.01762270012,True
0.16540127165777782,0.19400001770918757,4.833333333333334,0.6416666666666666,1.1916666666666664,4.845494244524351,0.14067153390575982,0.0025138367842479324,0.6791092711245235,0.0025138367842479324,True,-0.014549219623004855,-4.816395805;-0.01454921962;-0.01454921962,0;0.01761401117;-0.01761401117,True
0.16574685497111116,0.19300001776706063,4.833333333333334,0.6416666666666666,1.1916666666666664,4.84737199441568,0.14008254151328714,0.0025039816918764695,0.6765282069462035,0.0025039816918764695,True,-0.014482261239928832,-4.818407472;-0.01448226124;-0.01448226124,0;0.01760494489;-0.01760494489,True
0.1660924382844445,0.1920000178249337,4.833333333333334,0.6416666666666666,1.1916666666666664,4.849249744307009,0.13949280122097285,0.0024940944458594198,0.6739413362076117,0.0024940944458594198,True,-0.014415281535932873,-4.820419181;-0.01441528154;-0.01441528154,0;0.01759550061;-0.01759550061,True
0.16643802159777785,0.1910000178828068,4.833333333333334,0.6416666666666666,1.1916666666666664,4.851127494198338,0.13890231302880984,0.002484175046196793,0.6713486546956067,0.002484175046196793,True,-0.014348280539015459,-4.822430933;-0.01434828054;-0.01434828054,0;0.01758567762;-0.01758567762,True
0.1667836049111112,0.19000001794068008,4.833333333333334,0.6416666666666666,1.1916666666666664,4.853005244089667,0.138311076936807,0.002474223492888581,0.6687501581971251,0.002474223492888581,True,-0.01428125827712651,-4.824442728;-0.01428125828;-0.01428125828,0;0.0175754752;-0.0175754752,True
0.16712918822444453,0.18900001799855318,4.833333333333334,0.6416666666666666,1.1916666666666664,4.854882993980995,0.13771909294495543,0.00246423978593478,0.6661458424990174,0.00246423978593478,True,-0.01421421477816813,-4.826454564;-0.01421421478;-0.01421421478,0;0.01756489259;-0.01756489259,True
0.16747477153777787,0.18800001805642624,4.833333333333334,0.6416666666666666,1.1916666666666664,4.856760743872323,0.13712636105326226,0.0024542239253353974,0.6635357033882113,0.0024542239253353974,True,-0.014147150069995075,-4.828466444;-0.01414715007;-0.01414715007,0;0.017553929;-0.017553929,True
0.16782035485111116,0.18700001811429956,4.833333333333334,0.6416666666666666,1.1916666666666664,4.858638493763652,0.13653288126172214,0.0024441759110904334,0.6609197366515748,0.0024441759110904334,True,-0.014080064180414069,-4.830478365;-0.01408006418;-0.01408006418,0;0.01754258363;-0.01754258363,True
0.1681659381644445,0.18600001817217263,4.833333333333334,0.6416666666666666,1.1916666666666664,4.860516243654981,0.13593865357034218,0.0024340957431998843,0.6582979380760355,0.0024340957431998843,True,-0.014012957137184645,-4.832490329;-0.01401295714;-0.01401295714,0;0.01753085565;-0.01753085565,True
0.16851152147777784,0.1850000182300457,4.833333333333334,0.6416666666666666,1.1916666666666664,4.862393993546309,0.13534367797911706,0.0024239834216637475,0.655670303448461,0.0024239834216637475,True,-0.013945828968018546,-4.834502336;-0.01394582897;-0.01394582897,0;0.01751874418;-0.01751874418,True
0.16885710479111118,0.1840000182879188,4.833333333333334,0.6416666666666666,1.1916666666666664,4.864271743437639,0.13474795448804855,0.0024138389464820336,0.6530368285557535,0.0024138389464820336,True,-0.01387867970058042,-4.836514384;-0.0138786797;-0.0138786797,0;0.01750624835;-0.01750624835,True
0.16920268810444453,0.18300001834579208,4.833333333333334,0.6416666666666666,1.1916666666666664,4.866149493328968,0.13415148309713665,0.0024036623176547354,0.6503975091848063,0.0024036623176547354,True,-0.013811509362487684,-4.838526475;-0.01381150936;-0.01381150936,0;0.01749336723;-0.01749336723,True
0.16954827141777787,0.18200001840366517,4.833333333333334,0.6416666666666666,1.1916666666666664,4.868027243220296,0.13355426380638136,0.0023934535351818474,0.647752341122513,0.0023934535351818474,True,-0.013744317981310594,-4.840538607;-0.01374431798;-0.01374431798,0;0.01748009988;-0.01748009988,True
0.16989385473111115,0.18100001846153846,4.833333333333334,0.6416666666666666,1.1916666666666664,4.869904993111625,0.13295629661577912,0.00238321259906338,0.6451013201557496,0.00238321259906338,True,-0.01367710558457216,-4.842550782;-0.01367710558;-0.01367710558,0;0.01746644532;-0.01746644532,True
0.1702394380444445,0.18000001851941178,4.833333333333334,0.6416666666666666,1.1916666666666664,4.871782743002953,0.13235758152532995,0.002372939509299328,0.6424444420714096,0.002372939509299328,True,-0.01360987219974861,-4.844562999;-0.0136098722;-0.0136098722,0;0.01745240255;-0.01745240255,True
0.17058502135777784,0.17900001857728484,4.833333333333334,0.6416666666666666,1.1916666666666664,4.873660492894282,0.1317581185350427,0.002362634265889692,0.6397817026564299,0.002362634265889692,True,-0.01354261785426965,-4.846575257;-0.01354261785;-0.01354261785,0;0.01743797054;-0.01743797054,True
0.17093060467111118,0.17800001863515794,4.833333333333334,0.6416666666666666,1.1916666666666664,4.87553824278561,0.13115790764490853,0.002352296868834472,0.6371130976976602,0.002352296868834472,True,-0.013475342575517588,-4.848587558;-0.01347534258;-0.01347534258,0;0.01742314823;-0.01742314823,True
0.17127618798444452,0.17700001869303122,4.833333333333334,0.6416666666666666,1.1916666666666664,4.877415992676939,0.13055694885493274,0.0023419273181336676,0.6344386229820205,0.0023419273181336676,True,-0.013408046390828685,-4.8505999;-0.01340804639;-0.01340804639,0;0.01740793453;-0.01740793453,True
0.17162177129777786,0.17600001875090432,4.833333333333334,0.6416666666666666,1.1916666666666664,4.879293742568268,0.12995524216511356,0.0023315256137872806,0.6317582742963953,0.0023315256137872806,True,-0.01334072932749196,-4.852612284;-0.01334072933;-0.01334072933,0;0.01739232832;-0.01739232832,True
0.1719673546111112,0.17500001880877739,4.833333333333334,0.6416666666666666,1.1916666666666664,4.881171492459597,0.1293527875754492,0.002321091755795308,0.6290720474276693,0.002321091755795308,True,-0.013273391412750832,-4.85462471;-0.01327339141;-0.01327339141,0;0.01737632844;-0.01737632844,True
0.1723129379244445,0.17400001886665045,4.833333333333334,0.6416666666666666,1.1916666666666664,4.883049242350926,0.12874958508594148,0.00231062574415775,0.6263799381627448,0.00231062574415775,True,-0.013206032673801552,-4.856637177;-0.01320603267;-0.01320603267,0;0.01735993371;-0.01735993371,True
0.17265852123777783,0.17300001892452377,4.833333333333334,0.6416666666666666,1.1916666666666664,4.884926992242254,0.12814563469658857,0.002300127578874609,0.6236819422885064,0.002300127578874609,True,-0.013138653137794899,-4.858649686;-0.01313865314;-0.01313865314,0;0.01734314292;-0.01734314292,True
0.17300410455111118,0.17200001898239684,4.833333333333334,0.6416666666666666,1.1916666666666664,4.886804742133583,0.12754093640738695,0.0022895972599458877,0.6209780555918303,0.0022895972599458877,True,-0.013071252831834863,-4.860662236;-0.01307125283;-0.01307125283,0;0.01732595483;-0.01732595483,True
0.17334968786444452,0.17100001904026993,4.833333333333334,0.6416666666666666,1.1916666666666664,4.888682492024911,0.12693549021834727,0.002279034787371579,0.6182682738596621,0.002279034787371579,True,-0.013003831782979442,-4.862674828;-0.01300383178;-0.01300383178,0;0.01730836815;-0.01730836815,True
0.17369527117777786,0.170000019098143,4.833333333333334,0.6416666666666666,1.1916666666666664,4.89056024191624,0.12632929612945887,0.002268440161151684,0.615552592878843,0.002268440161151684,True,-0.012936390018240904,-4.864687462;-0.01293639002;-0.01293639002,0;0.01729038158;-0.01729038158,True
0.1740408544911112,0.1690000191560163,4.833333333333334,0.6416666666666666,1.1916666666666664,4.892437991807568,0.1257223541407324,0.002257813381286212,0.6128310084363185,0.002257813381286212,True,-0.012868927564585518,-4.866700137;-0.01286892756;-0.01286892756,0;0.01727199378;-0.01727199378,True
0.1743864378044445,0.1680000192138896,4.833333333333334,0.6416666666666666,1.1916666666666664,4.894315741698897,0.12511466425216078,0.0022471544477751545,0.6101035163189475,0.0022471544477751545,True,-0.012801444448933786,-4.868712853;-0.01280144445;-0.01280144445,0;0.01725320336;-0.01725320336,True
0.17473202111777783,0.16700001927176292,4.833333333333334,0.6416666666666666,1.1916666666666664,4.896193491590226,0.12450622646374576,0.0022364633606185126,0.6073701123136321,0.0022364633606185126,True,-0.012733940698160388,-4.87072561;-0.0127339407;-0.0127339407,0;0.01723400892;-0.01723400892,True
0.17507760443111117,0.16600001932963598,4.833333333333334,0.6416666666666666,1.1916666666666664,4.898071241481555,0.1238970407754838,0.002225740119816286,0.6046307922072485,0.002225740119816286,True,-0.012666416339094544,-4.872738409;-0.01266641634;-0.01266641634,0;0.01721440902;-0.01721440902,True
0.17542318774444451,0.16500001938750908,4.833333333333334,0.6416666666666666,1.1916666666666664,4.8999489913728835,0.12328710718737845,0.002214984725368472,0.6018855517867071,0.002214984725368472,True,-0.012598871398520006,-4.874751249;-0.0125988714;-0.0125988714,0;0.01719440216;-0.01719440216,True
0.17576877105777786,0.16400001944538214,4.833333333333334,0.6416666666666666,1.1916666666666664,4.9018267412642125,0.12267642569943149,0.002204197177275078,0.5991343868389105,0.002204197177275078,True,-0.012531305903175069,-4.876764129;-0.0125313059;-0.0125313059,0;0.01717398684;-0.01717398684,True
0.1761143543711112,0.16300001950325546,4.833333333333334,0.6416666666666666,1.1916666666666664,4.9037044911555405,0.12206499631164114,0.0021933774755361003,0.5963772931507431,0.0021933774755361003,True,-0.012463719879752776,-4.878777051;-0.01246371988;-0.01246371988,0;0.01715316151;-0.01715316151,True
0.17645993768444454,0.16200001956112853,4.833333333333334,0.6416666666666666,1.1916666666666664,4.905582241046869,0.12145281902399852,0.0021825256201515367,0.5936142665090549,0.0021825256201515367,True,-0.012396113354900592,-4.880790014;-0.01239611335;-0.01239611335,0;0.01713192457;-0.01713192457,True
0.17680552099777783,0.1610000196190016,4.833333333333334,0.6416666666666666,1.1916666666666664,4.907459990938198,0.12083989383651961,0.0021716416111213894,0.590845302700818,0.0021716416111213894,True,-0.012328486355221536,-4.882803018;-0.01232848636;-0.01232848636,0;0.01711027439;-0.01711027439,True
0.17715110431111117,0.1600000196768747,4.833333333333334,0.6416666666666666,1.1916666666666664,4.9093377408295265,0.12022622074919376,0.002160725448445658,0.5880703975128732,0.002160725448445658,True,-0.012260838907272913,-4.884816063;-0.01226083891;-0.01226083891,0;0.01708820932;-0.01708820932,True
0.1774966876244445,0.15900001973474798,4.833333333333334,0.6416666666666666,1.1916666666666664,4.911215490720855,0.11961179976202452,0.002149777132124347,0.5852895467321315,0.002149777132124347,True,-0.012193171037567438,-4.886829149;-0.01219317104;-0.01219317104,0;0.01706572766;-0.01706572766,True
0.17784227093777785,0.15800001979262107,4.833333333333334,0.6416666666666666,1.1916666666666664,4.913093240612184,0.11899663087501189,0.002138796662157449,0.5825027461454866,0.002138796662157449,True,-0.012125482772572988,-4.888842275;-0.01212548277;-0.01212548277,0;0.01704282765;-0.01704282765,True
0.1781878542511112,0.15700001985049414,4.833333333333334,0.6416666666666666,1.1916666666666664,4.914970990503513,0.11838071408815587,0.002127784038544963,0.5797099915398317,0.002127784038544963,True,-0.012057774138712608,-4.890855442;-0.01205777414;-0.01205777414,0;0.01701950752;-0.01701950752,True
0.17853343756444454,0.1560000199083672,4.833333333333334,0.6416666666666666,1.1916666666666664,4.916848740394842,0.11776404940145646,0.002116739261286899,0.5769112787020603,0.002116739261286899,True,-0.01199004516236464,-4.89286865;-0.01199004516;-0.01199004516,0;0.01699576544;-0.01699576544,True
0.17887902087777782,0.15500001996624074,4.833333333333334,0.6416666666666666,1.1916666666666664,4.91872649028617,0.11714663681491189,0.00210566233038325,0.574106603419057,0.00210566233038325,True,-0.011922295869863117,-4.894881899;-0.01192229587;-0.01192229587,0;0.01697159954;-0.01697159954,True
0.17922460419111116,0.15400002002411384,4.833333333333334,0.6416666666666666,1.1916666666666664,4.920604240177498,0.1165284763285186,0.002094553245834016,0.5712959614776979,0.002094553245834016,True,-0.011854526287497037,-4.896895188;-0.01185452629;-0.01185452629,0;0.01694700793;-0.01694700793,True
0.1795701875044445,0.15300002008198713,4.833333333333334,0.6416666666666666,1.1916666666666664,4.922481990068826,0.11590956794228546,0.0020834120076392007,0.56847934866492,0.0020834120076392007,True,-0.01178673644151186,-4.898908517;-0.01178673644;-0.01178673644,0;0.01692198866;-0.01692198866,True
0.17991577081777785,0.15200002013986022,4.833333333333334,0.6416666666666666,1.1916666666666664,4.924359739960155,0.11528991165620894,0.0020722386157987975,0.5656567607675996,0.0020722386157987975,True,-0.011718926358107567,-4.900921887;-0.01171892636;-0.01171892636,0;0.01689653971;-0.01689653971,True
0.1802613541311112,0.1510000201977333,4.833333333333334,0.6416666666666666,1.1916666666666664,4.926237489851485,0.11466950747029259,0.0020610330703128127,0.5628281935726475,0.0020610330703128127,True,-0.01165109606344119,-4.902935298;-0.01165109606;-0.01165109606,0;0.01687065907;-0.01687065907,True
0.18060693744444453,0.15000002025560635,4.833333333333334,0.6416666666666666,1.1916666666666664,4.928115239742813,0.11404835538452751,0.0020497953711812434,0.5599936428669131,0.0020497953711812434,True,-0.011583245583624911,-4.904948749;-0.01158324558;-0.01158324558,0;0.01684434465;-0.01684434465,True
0.18095252075777787,0.14900002031347967,4.833333333333334,0.6416666666666666,1.1916666666666664,4.929992989634141,0.1134264553989155,0.0020385255184040903,0.5571531044372988,0.0020385255184040903,True,-0.01151537494472699,-4.90696224;-0.01151537494;-0.01151537494,0;0.01681759431;-0.01681759431,True
0.18129810407111116,0.14800002037135274,4.833333333333334,0.6416666666666666,1.1916666666666664,4.931870739525471,0.11280380751346364,0.002027223511981354,0.5543065740707335,0.002027223511981354,True,-0.011447484172771902,-4.908975771;-0.01144748417;-0.01144748417,0;0.01679040587;-0.01679040587,True
0.1816436873844445,0.14700002042922583,4.833333333333334,0.6416666666666666,1.1916666666666664,4.9337484894168,0.11218041172817017,0.002015889351913031,0.5514540475541012,0.002015889351913031,True,-0.01137957329374037,-4.910989343;-0.01137957329;-0.01137957329,0;0.01676277712;-0.01676277712,True
0.18198927069777784,0.1460000204870989,4.833333333333334,0.6416666666666666,1.1916666666666664,4.935626239308128,0.11155626804302798,0.0020045230381991247,0.5485955206742607,0.0020045230381991247,True,-0.011311642333568824,-4.913002955;-0.01131164233;-0.01131164233,0;0.01673470578;-0.01673470578,True
0.18233485401111119,0.1450000205449722,4.833333333333334,0.6416666666666666,1.1916666666666664,4.937503989199457,0.11093137645804596,0.0019931245708396375,0.545730989218149,0.0019931245708396375,True,-0.011243691318150846,-4.915016607;-0.01124369132;-0.01124369132,0;0.01670618951;-0.01670618951,True
0.18268043732444453,0.14400002060284528,4.833333333333334,0.6416666666666666,1.1916666666666664,4.939381739090785,0.11030573697321167,0.001981693949834566,0.5428604489725983,0.001981693949834566,True,-0.011175720273335861,-4.917030299;-0.01117572027;-0.01117572027,0;0.01667722595;-0.01667722595,True
0.18302602063777787,0.14300002066071835,4.833333333333334,0.6416666666666666,1.1916666666666664,4.941259488982114,0.10967934958853931,0.0019702311751839067,0.5399838957245725,0.0019702311751839067,True,-0.011107729224929858,-4.919044031;-0.01110772922;-0.01110772922,0;0.01664781267;-0.01664781267,True
0.18337160395111116,0.14200002071859189,4.833333333333334,0.6416666666666666,1.1916666666666664,4.943137238873442,0.10905221430402356,0.001958736246887671,0.5371013252609382,0.001958736246887671,True,-0.011039718198695751,-4.921057802;-0.0110397182;-0.0110397182,0;0.01661794718;-0.01661794718,True
0.1837171872644445,0.14100002077646498,4.833333333333334,0.6416666666666666,1.1916666666666664,4.945014988764771,0.10842433111966443,0.0019472091649458474,0.5342127333685893,0.0019472091649458474,True,-0.010971687220352924,-4.923071614;-0.01097168722;-0.01097168722,0;0.01658762695;-0.01658762695,True
0.18406277057777784,0.14000002083433805,4.833333333333334,0.6416666666666666,1.1916666666666664,4.946892738656101,0.10779570003545658,0.0019356499293584396,0.5313181158343928,0.0019356499293584396,True,-0.010903636315577395,-4.925085466;-0.01090363632;-0.01090363632,0;0.01655684937;-0.01655684937,True
0.18440835389111118,0.13900002089221136,4.833333333333334,0.6416666666666666,1.1916666666666664,4.948770488547429,0.10716632105141066,0.0019240585401254456,0.5284174684452947,0.0019240585401254456,True,-0.010835565510002466,-4.927099358;-0.01083556551;-0.01083556551,0;0.01652561182;-0.01652561182,True
0.18475393720444452,0.13800002095008443,4.833333333333334,0.6416666666666666,1.1916666666666664,4.950648238438758,0.10653619416751958,0.0019124349972468712,0.5255107869881533,0.0019124349972468712,True,-0.010767474829217883,-4.929113289;-0.01076747483;-0.01076747483,0;0.01649391156;-0.01649391156,True
0.18509952051777787,0.1370000210079575,4.833333333333334,0.6416666666666666,1.1916666666666664,4.952525988330087,0.10590531938378511,0.0019007793007227102,0.5225980672498711,0.0019007793007227102,True,-0.010699364298771191,-4.93112726;-0.0106993643;-0.0106993643,0;0.01646174585;-0.01646174585,True
0.1854451038311112,0.1360000210658306,4.833333333333334,0.6416666666666666,1.1916666666666664,4.954403738221416,0.1052736967002037,0.0018890914505529652,0.5196793050173237,0.0018890914505529652,True,-0.010631233944166294,-4.93314127;-0.01063123394;-0.01063123394,0;0.01642911184;-0.01642911184,True
0.1857906871444445,0.13500002112370388,4.833333333333334,0.6416666666666666,1.1916666666666664,4.956281488112743,0.10464132611677357,0.0018773714467376378,0.5167544960773958,0.0018773714467376378,True,-0.010563083790864802,-4.935155321;-0.01056308379;-0.01056308379,0;0.01639600665;-0.01639600665,True
0.18613627045777784,0.13400002118157697,4.833333333333334,0.6416666666666666,1.1916666666666664,4.958159238004072,0.10400820763350893,0.0018656192892767271,0.5138236362170512,0.0018656192892767271,True,-0.010494913864285684,-4.93716941;-0.01049491386;-0.01049491386,0;0.01636242733;-0.01636242733,True
0.18648185377111118,0.13300002123945004,4.833333333333334,0.6416666666666666,1.1916666666666664,4.960036987895402,0.10337434125039557,0.0018538349781702297,0.5108867212231132,0.0018538349781702297,True,-0.010426724189804584,-4.93918354;-0.01042672419;-0.01042672419,0;0.01632837084;-0.01632837084,True
0.18682743708444452,0.13200002129732336,4.833333333333334,0.6416666666666666,1.1916666666666664,4.96191473778673,0.10273972696743883,0.0018420185134181547,0.5079437468825013,0.0018420185134181547,True,-0.010358514792755782,-4.941197708;-0.01035851479;-0.01035851479,0;0.01629383411;-0.01629383411,True
0.18717302039777786,0.13100002135519642,4.833333333333334,0.6416666666666666,1.1916666666666664,4.963792487678059,0.10210436478463869,0.001830169895020488,0.5049947089821092,0.001830169895020488,True,-0.010290285698430119,-4.943211916;-0.0102902857;-0.0102902857,0;0.01625881398;-0.01625881398,True
0.1875186037111112,0.1300000214130695,4.833333333333334,0.6416666666666666,1.1916666666666664,4.9656702375693875,0.10146825470199516,0.0018182891229772398,0.5020396033088302,0.0018182891229772398,True,-0.010222036932076737,-4.945226164;-0.01022203693;-0.01022203693,0;0.01622330722;-0.01622330722,True
0.1878641870244445,0.12900002147094303,4.833333333333334,0.6416666666666666,1.1916666666666664,4.967547987460715,0.10083139671950647,0.001806376197288412,0.49907842564954885,0.001806376197288412,True,-0.010153768518902312,-4.94724045;-0.01015376852;-0.01015376852,0;0.01618731054;-0.01618731054,True
0.18820977033777783,0.12800002152881612,4.833333333333334,0.6416666666666666,1.1916666666666664,4.969425737352044,0.10019379083717439,0.0017944311179539983,0.49611117179116776,0.0017944311179539983,True,-0.010085480484071367,-4.949254776;-0.01008548048;-0.01008548048,0;0.01615082056;-0.01615082056,True
0.18855535365111117,0.1270000215866892,4.833333333333334,0.6416666666666666,1.1916666666666664,4.9713034872433735,0.09955543705499714,0.0017824538849740001,0.49313783752057144,0.0017824538849740001,True,-0.010017172852706091,-4.951269142;-0.01001717285;-0.01001717285,0;0.01611383384;-0.01611383384,True
0.18890093696444452,0.1260000216445625,4.833333333333334,0.6416666666666666,1.1916666666666664,4.9731812371347015,0.09891633537297828,0.0017704444983484184,0.49015841862467074,0.0017704444983484184,True,-0.009948845649887211,-4.953283546;-0.00994884565;-0.00994884565,0;0.01607634685;-0.01607634685,True
0.18924652027777786,0.12500002170243557,4.833333333333334,0.6416666666666666,1.1916666666666664,4.9750589870260296,0.09827648579111248,0.001758402958077251,0.48717291089033277,0.001758402958077251,True,-0.009880498900653092,-4.955297989;-0.009880498901;-0.009880498901,0;0.01603835598;-0.01603835598,True
0.1895921035911112,0.12400002176030864,4.833333333333334,0.6416666666666666,1.1916666666666664,4.9769367369173585,0.09763588830940151,0.0017463292641604986,0.4841813101044599,0.0017463292641604986,True,-0.009812132630000785,-4.957312472;-0.00981213263;-0.00981213263,0;0.01599985757;-0.01599985757,True
0.18993768690444454,0.12300002181818172,4.833333333333334,0.6416666666666666,1.1916666666666664,4.978814486808687,0.09699454292785248,0.0017342234165981624,0.48118361205398086,0.0017342234165981624,True,-0.009743746862884867,-4.959326993;-0.009743746863;-0.009743746863,0;0.01596084782;-0.01596084782,True
0.19028327021777783,0.12200002187605502,4.833333333333334,0.6416666666666666,1.1916666666666664,4.9806922367000155,0.09635244964645473,0.0017220854153902477,0.47817981252573594,0.0017220854153902477,True,-0.009675341624218941,-4.961341553;-0.009675341624;-0.009675341624,0;0.0159213229;-0.0159213229,True
0.19062885353111117,0.1210000219339281,4.833333333333334,0.6416666666666666,1.1916666666666664,4.982569986591345,0.09570960846521537,0.0017099152605367447,0.47516990730665426,0.0017099152605367447,True,-0.009606916938874912,-4.963356153;-0.009606916939;-0.009606916939,0;0.01588127885;-0.01588127885,True
0.1909744368444445,0.12000002199180118,4.833333333333334,0.6416666666666666,1.1916666666666664,4.984447736482674,0.09506601938413084,0.001697712952037659,0.47215389218361137,0.001697712952037659,True,-0.009538472831682578,-4.965370791;-0.009538472832;-0.009538472832,0;0.01584071164;-0.01584071164,True
0.19132002015777785,0.11900002204967425,4.833333333333334,0.6416666666666666,1.1916666666666664,4.986325486374002,0.09442168240320292,0.0016854784898929858,0.4691317629435094,0.0016854784898929858,True,-0.009470009327431389,-4.967385468;-0.009470009327;-0.009470009327,0;0.01579961715;-0.01579961715,True
0.1916656034711112,0.11800002210754756,4.833333333333334,0.6416666666666666,1.1916666666666664,4.988203236265331,0.09377659752243162,0.0016732118741027344,0.46610351537324207,0.0016732118741027344,True,-0.009401526450868912,-4.969400183;-0.009401526451;-0.009401526451,0;0.01575799115;-0.01575799115,True
0.19201118678444454,0.11700002216542063,4.833333333333334,0.6416666666666666,1.1916666666666664,4.990080986156661,0.09313076474181337,0.001660913104666896,0.4630691452596852,0.001660913104666896,True,-0.00933302422670099,-4.971414938;-0.009333024227;-0.009333024227,0;0.01571582933;-0.01571582933,True
0.19235677009777782,0.11600002222329417,4.833333333333334,0.6416666666666666,1.1916666666666664,4.991958736047987,0.0924841840613535,0.0016485821815854782,0.46002864838975815,0.0016485821815854782,True,-0.009264502679593487,-4.973429731;-0.00926450268;-0.00926450268,0;0.01567312726;-0.01567312726,True
0.19270235341111117,0.11500002228116725,4.833333333333334,0.6416666666666666,1.1916666666666664,4.993836485939316,0.09183685548104847,0.0016362191048584726,0.4569820205503375,0.0016362191048584726,True,-0.009195961834170287,-4.975444562;-0.009195961834;-0.009195961834,0;0.01562988041;-0.01562988041,True
0.1930479367244445,0.11400002233904033,4.833333333333334,0.6416666666666666,1.1916666666666664,4.995714235830645,0.0911887790008965,0.0016238238744858825,0.4539292575283074,0.0016238238744858825,True,-0.00912740171501461,-4.977459432;-0.009127401715;-0.009127401715,0;0.01558608416;-0.01558608416,True
0.19339352003777785,0.1130000223969134,4.833333333333334,0.6416666666666666,1.1916666666666664,4.997591985721974,0.09053995462090825,0.001611396490467709,0.4508703551106146,0.001611396490467709,True,-0.009058822346668782,-4.979474341;-0.009058822347;-0.009058822347,0;0.01554173376;-0.01554173376,True
0.1937391033511112,0.11200002245478671,4.833333333333334,0.6416666666666666,1.1916666666666664,4.999469735613303,0.08989038234107127,0.0015989369528039536,0.4478053090840904,0.0015989369528039536,True,-0.008990223753634508,-4.981489288;-0.008990223754;-0.008990223754,0;0.01549682436;-0.01549682436,True
0.19408468666444453,0.11100002251265978,4.833333333333334,0.6416666666666666,1.1916666666666664,5.001347485504632,0.08924006216139269,0.0015864452614946126,0.44473411523566375,0.0015864452614946126,True,-0.008921605960372236,-4.983504274;-0.00892160596;-0.00892160596,0;0.01545135098;-0.01545135098,True
0.19443026997777788,0.11000002257053286,4.833333333333334,0.6416666666666666,1.1916666666666664,5.00322523539596,0.08858899408186716,0.0015739214165396843,0.44165676935220144,0.0015739214165396843,True,-0.008852968991302336,-4.985519297;-0.008852968991;-0.008852968991,0;0.01540530853;-0.01540530853,True
0.19477585329111116,0.10900002262840594,4.833333333333334,0.6416666666666666,1.1916666666666664,5.005102985287289,0.08793717810249646,0.001561365417939176,0.4385732672206059,0.001561365417939176,True,-0.008784312870804327,-4.98753436;-0.008784312871;-0.008784312871,0;0.01535869179;-0.01535869179,True
0.1951214366044445,0.10800002268627924,4.833333333333334,0.6416666666666666,1.1916666666666664,5.006980735178617,0.08728461422328593,0.0015487772656930853,0.43548360462779706,0.0015487772656930853,True,-0.008715637623217299,-4.98954946;-0.008715637623;-0.008715637623,0;0.01531149543;-0.01531149543,True
0.19546701991777785,0.10700002274415232,4.833333333333334,0.6416666666666666,1.1916666666666664,5.008858485069946,0.08663130244423023,0.0015361569598014086,0.43238777736064193,0.0015361569598014086,True,-0.008646943272839925,-4.991564599;-0.008646943273;-0.008646943273,0;0.01526371396;-0.01526371396,True
0.1958126032311112,0.10600002280202539,4.833333333333334,0.6416666666666666,1.1916666666666664,5.010736234961275,0.08597724276532936,0.0015235045002641465,0.4292857812060338,0.0015235045002641465,True,-0.00857822984393072,-4.993579775;-0.008578229844;-0.008578229844,0;0.01521534178;-0.01521534178,True
0.19615818654444453,0.10500002285989847,4.833333333333334,0.6416666666666666,1.1916666666666664,5.012613984852604,0.08532243518658689,0.0015108198870813008,0.42617761195088405,0.0015108198870813008,True,-0.008509497360707944,-4.99559499;-0.008509497361;-0.008509497361,0;0.01516637313;-0.01516637313,True
0.19650376985777787,0.10400002291777177,4.833333333333334,0.6416666666666666,1.1916666666666664,5.014491734743933,0.08466687970799747,0.0014981031202528745,0.4230632653820592,0.0014981031202528745,True,-0.008440745847349275,-4.997610243;-0.008440745847;-0.008440745847,0;0.01511680211;-0.01511680211,True
0.19684935317111116,0.10300002297564509,4.833333333333334,0.6416666666666666,1.1916666666666664,5.016369484635261,0.08401057632956643,0.0014853541997788642,0.4199427372864796,0.0014853541997788642,True,-0.008371975327992916,-4.999625534;-0.008371975328;-0.008371975328,0;0.01506662269;-0.01506662269,True
0.1971949364844445,0.10200002303351839,4.833333333333334,0.6416666666666666,1.1916666666666664,5.018247234526589,0.08335352505129023,0.0014725731256592695,0.4168160234510207,0.0014725731256592695,True,-0.008303185826736972,-5.001640863;-0.008303185827;-0.008303185827,0;0.01501582866;-0.01501582866,True
0.19754051979777784,0.10100002309139147,4.833333333333334,0.6416666666666666,1.1916666666666664,5.020124984417919,0.08269572587317064,0.0014597598978940897,0.41368311966258514,0.0014597598978940897,True,-0.008234377367639094,-5.00365623;-0.008234377368;-0.008234377368,0;0.01496441366;-0.01496441366,True
0.19788610311111118,0.10000002314926454,4.833333333333334,0.6416666666666666,1.1916666666666664,5.022002734309247,0.08203717879520589,0.0014469145164833247,0.4105440217080572,0.0014469145164833247,True,-0.008165549974717967,-5.005671634;-0.008165549975;-0.008165549975,0;0.01491237117;-0.01491237117,True
0.19823168642444453,0.09900002320713762,4.833333333333334,0.6416666666666666,1.1916666666666664,5.023880484200575,0.08137788381739419,0.0014340369814269756,0.4073987253743215,0.0014340369814269756,True,-0.008096703671951661,-5.007687077;-0.008096703672;-0.008096703672,0;0.0148596945;-0.0148596945,True
0.19857726973777787,0.09800002326501092,4.833333333333334,0.6416666666666666,1.1916666666666664,5.025758234091904,0.08071784093974266,0.001421127292725047,0.4042472264483072,0.001421127292725047,True,-0.00802783848327938,-5.009702557;-0.008027838483;-0.008027838483,0;0.01480637678;-0.01480637678,True
0.1989228530511112,0.097000023322884,4.833333333333334,0.6416666666666666,1.1916666666666664,5.027635983983233,0.08005705016224773,0.0014081854503775297,0.4010895207168899,0.0014081854503775297,True,-0.007958954432600127,-5.011718075;-0.007958954433;-0.007958954433,0;0.01475241095;-0.01475241095,True
0.1992684363644445,0.09600002338075708,4.833333333333334,0.6416666666666666,1.1916666666666664,5.029513733874562,0.07939551148490942,0.0013952114543844302,0.39792560396696297,0.0013952114543844302,True,-0.007890051543773625,-5.013733631;-0.007890051544;-0.007890051544,0;0.01469778977;-0.01469778977,True
0.19961401967777784,0.09500002343863015,4.833333333333334,0.6416666666666666,1.1916666666666664,5.031391483765891,0.07873322490772594,0.0013822053047457454,0.39475547198541105,0.0013822053047457454,True,-0.007821129840620372,-5.015749224;-0.007821129841;-0.007821129841,0;0.01464250582;-0.01464250582,True
0.19995960299111118,0.09400002349650347,4.833333333333334,0.6416666666666666,1.1916666666666664,5.033269233657219,0.0780701904306973,0.0013691670014614804,0.3915791205591274,0.0013691670014614804,True,-0.007752189346921246,-5.017764855;-0.007752189347;-0.007752189347,0;0.01458655144;-0.01458655144,True
0.20030518630444452,0.09300002355437653,4.833333333333334,0.6416666666666666,1.1916666666666664,5.0351469835485485,0.07740640805382348,0.0013560965445316292,0.3883965454750058,0.0013560965445316292,True,-0.007683230086418039,-5.019780523;-0.007683230086;-0.007683230086,0;0.0145299188;-0.0145299188,True
0.20065076961777786,0.09200002361224961,4.833333333333334,0.6416666666666666,1.1916666666666664,5.037024733439877,0.07674187777710983,0.0013429939339561923,0.38520774251996603,0.0013429939339561923,True,-0.007614252082813101,-5.021796229;-0.007614252083;-0.007614252083,0;0.01447259983;-0.01447259983,True
0.2009963529311112,0.09100002367012269,4.833333333333334,0.6416666666666666,1.1916666666666664,5.0389024833312055,0.07607659960054924,0.0013298591697351726,0.38201270748086624,0.0013298591697351726,True,-0.007545255359770013,-5.023811973;-0.00754525536;-0.00754525536,0;0.01441458624;-0.01441458624,True
0.2013419362444445,0.09000002372799623,4.833333333333334,0.6416666666666666,1.1916666666666664,5.040780233222533,0.07541057352414349,0.0013166922518685756,0.3788114361446084,0.0013166922518685756,True,-0.00747623994091314,-5.025827753;-0.007476239941;-0.007476239941,0;0.0143558695;-0.0143558695,True
0.20168751955777783,0.0890000237858693,4.833333333333334,0.6416666666666666,1.1916666666666664,5.0426579831138625,0.07474379954789434,0.001303493180356388,0.3756039242980953,0.001303493180356388,True,-0.007407205849827885,-5.027843571;-0.00740720585;-0.00740720585,0;0.01429644085;-0.01429644085,True
0.20203310287111118,0.08800002384374261,4.833333333333334,0.6416666666666666,1.1916666666666664,5.0445357330051905,0.0740762776718018,0.0012902619551986199,0.37239016772822015,0.0012902619551986199,True,-0.0073381531100608745,-5.029859427;-0.00733815311;-0.00733815311,0;0.01423629127;-0.01423629127,True
0.20237868618444452,0.08700002390161568,4.833333333333334,0.6416666666666666,1.1916666666666664,5.0464134828965195,0.07340800789586766,0.0012769985763952637,0.3691701622218855,0.0012769985763952637,True,-0.007269081745119821,-5.031875319;-0.007269081745;-0.007269081745,0;0.01417541147;-0.01417541147,True
0.20272426949777786,0.08600002395948876,4.833333333333334,0.6416666666666666,1.1916666666666664,5.0482912327878475,0.07273899022008834,0.0012637030439463244,0.3659439035659666,0.0012637030439463244,True,-0.00719999177847375,-5.033891249;-0.007199991778;-0.007199991778,0;0.01411379191;-0.01411379191,True
0.2030698528111112,0.08500002401736184,4.833333333333334,0.6416666666666666,1.1916666666666664,5.050168982679177,0.07206922464446386,0.0012503753578518013,0.3627113875473574,0.0012503753578518013,True,-0.007130883233553273,-5.035907216;-0.007130883234;-0.007130883234,0;0.01405142274;-0.01405142274,True
0.20341543612444454,0.08400002407523514,4.833333333333334,0.6416666666666666,1.1916666666666664,5.052046732570506,0.07139871116899599,0.0012370155181116987,0.3594726099529598,0.0012370155181116987,True,-0.007061756133750151,-5.03792322;-0.007061756134;-0.007061756134,0;0.01398829384;-0.01398829384,True
0.20376101943777783,0.08300002413310822,4.833333333333334,0.6416666666666666,1.1916666666666664,5.053924482461834,0.0707274497936865,0.0012236235247260058,0.35622756656967647,0.0012236235247260058,True,-0.006992610502417677,-5.039939261;-0.006992610502;-0.006992610502,0;0.01392439477;-0.01392439477,True
0.20410660275111117,0.08200002419098129,4.833333333333334,0.6416666666666666,1.1916666666666664,5.055802232353164,0.07005544051853185,0.0012101993776947324,0.3529762531843829,0.0012101993776947324,True,-0.00692344636287109,-5.04195534;-0.006923446363;-0.006923446363,0;0.01385971476;-0.01385971476,True
0.2044521860644445,0.08100002424885437,4.833333333333334,0.6416666666666666,1.1916666666666664,5.057679982244492,0.06938268334352671,0.001196743077017874,0.3497186655839455,0.001196743077017874,True,-0.006854263738386871,-5.043971455;-0.006854263738;-0.006854263738,0;0.01379424273;-0.01379424273,True
0.20479776937777786,0.08000002430672767,4.833333333333334,0.6416666666666666,1.1916666666666664,5.05955773213582,0.0687091782686835,0.0011832546226954344,0.34645479955532066,0.0011832546226954344,True,-0.006785062652203475,-5.045987607;-0.006785062652;-0.006785062652,0;0.01372796723;-0.01372796723,True
0.2051433526911112,0.07900002436460075,4.833333333333334,0.6416666666666666,1.1916666666666664,5.061435482027149,0.06803492529399513,0.0011697340147274072,0.3431846508853659,0.0011697340147274072,True,-0.006715843127521281,-5.048003796;-0.006715843128;-0.006715843128,0;0.01366087647;-0.01366087647,True
0.20548893600444454,0.07800002442247383,4.833333333333334,0.6416666666666666,1.1916666666666664,5.063313231918478,0.06735992441946337,0.001156181253113797,0.3399082153609837,0.001156181253113797,True,-0.006646605187502243,-5.050020022;-0.006646605188;-0.006646605188,0;0.01359295827;-0.01359295827,True
0.20583451931777783,0.07700002448034737,4.833333333333334,0.6416666666666666,1.1916666666666664,5.065190981809806,0.06668417564509,0.0011425963378546087,0.33662548876907633,0.0011425963378546087,True,-0.006577348855270747,-5.052036284;-0.006577348855;-0.006577348855,0;0.01352420005;-0.01352420005,True
0.20618010263111117,0.07600002453822044,4.833333333333334,0.6416666666666666,1.1916666666666664,5.067068731701135,0.0660076789708679,0.0011289792689498303,0.3333364668965015,0.0011289792689498303,True,-0.006508074153912717,-5.054052583;-0.006508074154;-0.006508074154,0;0.01345458883;-0.01345458883,True
0.2065256859444445,0.07500002459609352,4.833333333333334,0.6416666666666666,1.1916666666666664,5.068946481592464,0.06533043439680775,0.0011153300463994683,0.33004114553020647,0.0011153300463994683,True,-0.0064387811064767625,-5.056068919;-0.006438781106;-0.006438781106,0;0.01338411119;-0.01338411119,True
0.20687126925777785,0.07400002465396682,4.833333333333334,0.6416666666666666,1.1916666666666664,5.070824231483792,0.06465244192289532,0.0011016486702035257,0.32673952045701266,0.0011016486702035257,True,-0.006369469735972938,-5.058085292;-0.006369469736;-0.006369469736,0;0.01331275326;-0.01331275326,True
0.2072168525711112,0.0730000247118399,4.833333333333334,0.6416666666666666,1.1916666666666664,5.072701981375122,0.06397370154914483,0.0010879351403619971,0.32343158746388573,0.0010879351403619971,True,-0.006300140065374597,-5.060101701;-0.006300140065;-0.006300140065,0;0.01324050069;-0.01324050069,True
0.20756243588444453,0.07200002476971298,4.833333333333334,0.6416666666666666,1.1916666666666664,5.07457973126645,0.06329421327555274,0.0010741894568748827,0.3201173423377009,0.0010741894568748827,True,-0.006230792117616894,-5.062118147;-0.006230792118;-0.006230792118,0;0.01316733865;-0.01316733865,True
0.20790801919777788,0.07100002482758629,4.833333333333334,0.6416666666666666,1.1916666666666664,5.076457481157778,0.06261397710210836,0.001060411619742188,0.3167967808652976,0.001060411619742188,True,-0.006161425915597019,-5.064134629;-0.006161425916;-0.006161425916,0;0.01309325179;-0.01309325179,True
0.20825360251111116,0.07000002488545937,4.833333333333334,0.6416666666666666,1.1916666666666664,5.078335231049107,0.06193299302882416,0.0010466016289639062,0.3134698988336325,0.0010466016289639062,True,-0.006092041482175514,-5.066151148;-0.006092041482;-0.006092041482,0;0.0130182242;-0.0130182242,True
0.2085991858244445,0.06900002494333243,4.833333333333334,0.6416666666666666,1.1916666666666664,5.080212980940436,0.061251261055698336,0.0010327594845400412,0.31013669202959004,0.0010327594845400412,True,-0.006022638840174966,-5.068167703;-0.00602263884;-0.00602263884,0;0.0129422394;-0.0129422394,True
0.20894476913777785,0.06800002500120551,4.833333333333334,0.6416666666666666,1.1916666666666664,5.082090730831765,0.06056878118272557,0.0010188851864705922,0.30679715624003645,0.0010188851864705922,True,-0.005953218012380692,-5.070184295;-0.005953218012;-0.005953218012,0;0.01286528034;-0.01286528034,True
0.2092903524511112,0.06700002505907882,4.833333333333334,0.6416666666666666,1.1916666666666664,5.083968480723094,0.059885553409911196,0.001004978734755562,0.30345128725189235,0.001004978734755562,True,-0.005883779021541077,-5.072200923;-0.005883779022;-0.005883779022,0;0.0127873293;-0.0127873293,True
0.20963593576444453,0.0660000251169519,4.833333333333334,0.6416666666666666,1.1916666666666664,5.085846230614422,0.05920157773724988,0.0009910401293949445,0.300099080852024,0.0009910401293949445,True,-0.005814321890366715,-5.074217587;-0.00581432189;-0.00581432189,0;0.01270836791;-0.01270836791,True
0.20998151907777787,0.06500002517482498,4.833333333333334,0.6416666666666666,1.1916666666666664,5.087723980505751,0.058516854164746945,0.0009770693703887437,0.29674053282735213,0.0009770693703887437,True,-0.005744846641531768,-5.076234287;-0.005744846642;-0.005744846642,0;0.01262837712;-0.01262837712,True
0.21032710239111116,0.06400002523269852,4.833333333333334,0.6416666666666666,1.1916666666666664,5.089601730397079,0.057831382692400624,0.0009630664577369661,0.29337563896476093,0.0009630664577369661,True,-0.005675353297672742,-5.078251024;-0.005675353298;-0.005675353298,0;0.01254733711;-0.01254733711,True
0.2106726857044445,0.06300002529057158,4.833333333333334,0.6416666666666666,1.1916666666666664,5.091479480288408,0.05714516332021091,0.0009490313914395964,0.29000439505114406,0.0009490313914395964,True,-0.005605841881389553,-5.080267797;-0.005605841881;-0.005605841881,0;0.01246522732;-0.01246522732,True
0.21101826901777784,0.06200002534844466,4.833333333333334,0.6416666666666666,1.1916666666666664,5.093357230179737,0.05645819604816893,0.0009349641714966447,0.28662679687334963,0.0009349641714966447,True,-0.00553631241524531,-5.082284605;-0.005536312415;-0.005536312415,0;0.01238202634;-0.01238202634,True
0.21136385233111118,0.061000025406317965,4.833333333333334,0.6416666666666666,1.1916666666666664,5.095234980071065,0.05577048087629244,0.0009208647979081106,0.2832428402183615,0.0009208647979081106,True,-0.005466764921765921,-5.08430145;-0.005466764922;-0.005466764922,0;0.0122977119;-0.0122977119,True
0.21170943564444453,0.060000025464191045,4.833333333333334,0.6416666666666666,1.1916666666666664,5.097112729962394,0.05508201780456723,0.0009067332706739912,0.2798525208730009,0.0009067332706739912,True,-0.005397199423440656,-5.086318331;-0.005397199423;-0.005397199423,0;0.01221226083;-0.01221226083,True
0.21205501895777787,0.05900002552206412,4.833333333333334,0.6416666666666666,1.1916666666666664,5.098990479853723,0.05439280683300041,0.0008925695897942865,0.2764558346241973,0.0008925695897942865,True,-0.00532761594272238,-5.088335248;-0.005327615943;-0.005327615943,0;0.01212564899;-0.01212564899,True
0.2124006022711112,0.05800002557993719,4.833333333333334,0.6416666666666666,1.1916666666666664,5.100868229745052,0.05370284796158842,0.0008783737552689977,0.27305277725882615,0.0008783737552689977,True,-0.00525801450202725,-5.090352201;-0.005258014502;-0.005258014502,0;0.01203785119;-0.01203785119,True
0.2127461855844445,0.0570000256378105,4.833333333333334,0.6416666666666666,1.1916666666666664,5.1027459796363805,0.05301214119033304,0.0008641457670981287,0.26964334456378997,0.0008641457670981287,True,-0.005188395123734661,-5.092369189;-0.005188395124;-0.005188395124,0;0.01194884117;-0.01194884117,True
0.21309176889777784,0.056000025695683575,4.833333333333334,0.6416666666666666,1.1916666666666664,5.104623729527709,0.05232068651923427,0.0008498856252816741,0.2662275323259821,0.0008498856252816741,True,-0.005118757830188043,-5.094386214;-0.00511875783;-0.00511875783,0;0.01185859153;-0.01185859153,True
0.21343735221111118,0.055000025753556656,4.833333333333334,0.6416666666666666,1.1916666666666664,5.1065014794190375,0.05162848394829034,0.0008355933298196338,0.262805336332287,0.0008355933298196338,True,-0.005049102643693613,-5.096403274;-0.005049102644;-0.005049102644,0;0.01176707361;-0.01176707361,True
0.21378293552444452,0.05400002581142973,4.833333333333334,0.6416666666666666,1.1916666666666664,5.1083792293103665,0.050935533477497685,0.0008212688807120102,0.25937675236958,0.0008212688807120102,True,-0.004979429586522334,-5.09842037;-0.004979429587;-0.004979429587,0;0.01167425746;-0.01167425746,True
0.21412851883777786,0.05300002586930304,4.833333333333334,0.6416666666666666,1.1916666666666664,5.1102569792016945,0.05024183510686697,0.0008069122779588048,0.25594177622480885,0.0008069122779588048,True,-0.004909738680908238,-5.100437502;-0.004909738681;-0.004909738681,0;0.01158011176;-0.01158011176,True
0.2144741021511112,0.05200002592717611,4.833333333333334,0.6416666666666666,1.1916666666666664,5.112134729093023,0.04954738883639109,0.0007925235215600134,0.25250040368483084,0.0007925235215600134,True,-0.004840029949049153,-5.102454669;-0.004840029949;-0.004840029949,0;0.01148460367;-0.01148460367,True
0.2148196854644445,0.05100002598504965,4.833333333333334,0.6416666666666666,1.1916666666666664,5.1140124789843515,0.0488521946660736,0.0007781026115156441,0.24905263053655752,0.0007781026115156441,True,-0.0047703034131072655,-5.104471872;-0.004770303413;-0.004770303413,0;0.01138769879;-0.01138769879,True
0.21516526877777783,0.050000026042922724,4.833333333333334,0.6416666666666666,1.1916666666666664,5.11589022887568,0.048156252595909166,0.0007636495478256856,0.2455984525668551,0.0007636495478256856,True,-0.0047005590952085025,-5.106489111;-0.004700559095;-0.004700559095,0;0.01128936103;-0.01128936103,True
0.21551085209111118,0.049000026100795804,4.833333333333334,0.6416666666666666,1.1916666666666664,5.117767978767009,0.04745956262590312,0.0007491643304901423,0.24213786556264436,0.0007491643304901423,True,-0.0046307970174428595,-5.108506385;-0.004630797017;-0.004630797017,0;0.01118955249;-0.01118955249,True
0.21585643540444452,0.04800002615866888,4.833333333333334,0.6416666666666666,1.1916666666666664,5.119645728658338,0.046762124756051904,0.0007346469595090148,0.23867086531080048,0.0007346469595090148,True,-0.0045610172018642325,-5.110523694;-0.004561017202;-0.004561017202,0;0.01108823332;-0.01108823332,True
0.21620201871777786,0.04700002621654219,4.833333333333334,0.6416666666666666,1.1916666666666664,5.121523478549666,0.0460639389863573,0.0007200974348823082,0.23519744759822594,0.0007200974348823082,True,-0.004491219670491153,-5.112541039;-0.00449121967;-0.00449121967,0;0.01098536159;-0.01098536159,True
0.2165476020311112,0.04600002627441526,4.833333333333334,0.6416666666666666,1.1916666666666664,5.123401228440995,0.04536500531681931,0.0007055157566100132,0.2317176082118143,0.0007055157566100132,True,-0.004421404445306044,-5.11455842;-0.004421404445;-0.004421404445,0;0.01088089314;-0.01088089314,True
0.21689318534444454,0.045000026332288334,4.833333333333334,0.6416666666666666,1.1916666666666664,5.125278978332323,0.04466532374743082,0.0006909019246921331,0.22823134293842257,0.0006909019246921331,True,-0.0043515715482559236,-5.116575835;-0.004351571548;-0.004351571548,0;0.0107747814;-0.0107747814,True
0.21723876865777783,0.044000026390161415,4.833333333333334,0.6416666666666666,1.1916666666666664,5.127156728223652,0.04396489427820427,0.0006762559391286712,0.2247386475650079,0.0006762559391286712,True,-0.004281721001252118,-5.118593286;-0.004281721001;-0.004281721001,0;0.0106669772;-0.0106669772,True
0.21758435197111117,0.04300002644803472,4.833333333333334,0.6416666666666666,1.1916666666666664,5.129034478114981,0.043263716909132555,0.0006615777999196285,0.22123951787842736,0.0006615777999196285,True,-0.004211852826170308,-5.120610772;-0.004211852826;-0.004211852826,0;0.01055742854;-0.01055742854,True
0.21792993528444451,0.0420000265059078,4.833333333333334,0.6416666666666666,1.1916666666666664,5.13091222800631,0.042561791640219226,0.0006468675070649979,0.2177339496655926,0.0006468675070649979,True,-0.004141967044851053,-5.122628294;-0.004141967045;-0.004141967045,0;0.01044608043;-0.01044608043,True
0.21827551859777786,0.04100002656378087,4.833333333333334,0.6416666666666666,1.1916666666666664,5.132789977897639,0.04185911847145718,0.000632125060564783,0.21422193871336057,0.000632125060564783,True,-0.004072063679099024,-5.124645851;-0.004072063679;-0.004072063679,0;0.01033287455;-0.01033287455,True
0.2186211019111112,0.040000026621653945,4.833333333333334,0.6416666666666666,1.1916666666666664,5.134667727788968,0.041155697402855296,0.0006173504604189846,0.21070348080867035,0.0006173504604189846,True,-0.004002142750684022,-5.126663442;-0.004002142751;-0.004002142751,0;0.01021774901;-0.01021774901,True
0.21896668522444454,0.039000026679527254,4.833333333333334,0.6416666666666666,1.1916666666666664,5.136545477680296,0.040451528434408246,0.0006025437066276055,0.207178571738388,0.0006025437066276055,True,-0.003932204281340704,-5.128681069;-0.003932204281;-0.003932204281,0;0.01010063803;-0.01010063803,True
0.21931226853777788,0.03800002673740033,4.833333333333334,0.6416666666666666,1.1916666666666664,5.138423227571625,0.03974661156611958,0.0005877047991906404,0.20364720728942523,0.0005877047991906404,True,-0.003862248292768088,-5.130698731;-0.003862248293;-0.003862248293,0;0.009981471601;-0.009981471601,True
0.21965785185111117,0.037000026795273866,4.833333333333334,0.6416666666666666,1.1916666666666664,5.140300977462953,0.039040946797985754,0.0005728337381080972,0.20010938324865724,0.0005728337381080972,True,-0.0037922748066304556,-5.132716428;-0.003792274807;-0.003792274807,0;0.009860175047;-0.009860175047,True
0.2200034351644445,0.036000026853146946,4.833333333333334,0.6416666666666666,1.1916666666666664,5.142178727354282,0.03833453413000498,0.0005579305233799631,0.19656509540296835,0.0005579305233799631,True,-0.0037222838445565903,-5.13473416;-0.003722283845;-0.003722283845,0;0.009736668617;-0.009736668617,True
0.22034901847777785,0.03500002691102002,4.833333333333334,0.6416666666666666,1.1916666666666664,5.14405647724561,0.037627373562179045,0.0005429951550062455,0.1930143395392611,0.0005429951550062455,True,-0.0036522754281409385,-5.136751926;-0.003652275428;-0.003652275428,0;0.009610866972;-0.009610866972,True
0.2206946017911112,0.03400002696889309,4.833333333333334,0.6416666666666666,1.1916666666666664,5.145934227136939,0.03691946509450972,0.0005280276329869436,0.1894571114444381,0.0005280276329869436,True,-0.00358224957894286,-5.138769728;-0.003582249579;-0.003582249579,0;0.009482678619;-0.009482678619,True
0.22104018510444454,0.0330000270267664,4.833333333333334,0.6416666666666666,1.1916666666666664,5.147811977028268,0.036210808727000554,0.0005130279573220623,0.18589340690541112,0.0005130279573220623,True,-0.0035122063184867677,-5.140787564;-0.003512206318;-0.003512206318,0;0.009352005265;-0.009352005265,True
0.22138576841777788,0.032000027084639476,4.833333333333334,0.6416666666666666,1.1916666666666664,5.149689726919597,0.03550140445964445,0.0004979961280115924,0.18232322170903698,0.0004979961280115924,True,-0.003442145668262166,-5.142805436;-0.003442145668;-0.003442145668,0;0.009218741087;-0.009218741087,True
0.22173135173111116,0.031000027142512553,4.833333333333334,0.6416666666666666,1.1916666666666664,5.151567476810925,0.03479125229244495,0.0004829321450555392,0.1787465516422274,0.0004829321450555392,True,-0.0033720676497242244,-5.144823342;-0.00337206765;-0.00337206765,0;0.009082771895;-0.009082771895,True
0.2220769350444445,0.03000002720038563,4.833333333333334,0.6416666666666666,1.1916666666666664,5.153445226702255,0.034080352225402066,0.0004678360084539026,0.17516339249187593,0.0004678360084539026,True,-0.003301972284293106,-5.146841282;-0.003301972284;-0.003301972284,0;0.008943974168;-0.008943974168,True
0.22242251835777785,0.029000027258258936,4.833333333333334,0.6416666666666666,1.1916666666666664,5.155322976593583,0.033368704258514015,0.00045270771820668434,0.17157374004486675,0.00045270771820668434,True,-0.003231859593354961,-5.148859257;-0.003231859593;-0.003231859593,0;0.008802213944;-0.008802213944,True
0.2227681016711112,0.028000027316132013,4.833333333333334,0.6416666666666666,1.1916666666666664,5.157200726484911,0.032656308391777245,0.0004375472743138795,0.167977590088075,0.0004375472743138795,True,-0.003161729598260988,-5.150877267;-0.003161729598;-0.003161729598,0;0.008657345536;-0.008657345536,True
0.22311368498444453,0.027000027374005087,4.833333333333334,0.6416666666666666,1.1916666666666664,5.159078476376241,0.03194316462520952,0.0004223546767754905,0.16437493840848588,0.0004223546767754905,True,-0.0030915823203284576,-5.152895312;-0.00309158232;-0.00309158232,0;0.008509210036;-0.008509210036,True
0.22345926829777787,0.026000027431878396,4.833333333333334,0.6416666666666666,1.1916666666666664,5.160956226267569,0.03122927295878597,0.0004071299255915212,0.16076578079286435,0.0004071299255915212,True,-0.00302141778083945,-5.154913391;-0.003021417781;-0.003021417781,0;0.008357633556;-0.008357633556,True
0.22380485161111122,0.02500002748975147,4.833333333333334,0.6416666666666666,1.1916666666666664,5.162833976158897,0.030514633392522583,0.00039187302076196435,0.15715011302818646,0.00039187302076196435,True,-0.002951236001042508,-5.156931504;-0.002951236001;-0.002951236001,0;0.008202425168;-0.008202425168,True
0.2241504349244445,0.02400002754762478,4.833333333333334,0.6416666666666666,1.1916666666666664,5.164711726050226,0.029799245926415807,0.0003765839622868277,0.15352793090132733,0.0003765839622868277,True,-0.0028810370021519777,-5.158949652;-0.002881037002;-0.002881037002,0;0.008043374456;-0.008043374456,True
0.22449601823777784,0.023000027605498085,4.833333333333334,0.6416666666666666,1.1916666666666664,5.166589475941554,0.029083110560467418,0.0003612627501661067,0.14989923019918952,0.0003612627501661067,True,-0.0028108208053477905,-5.160967834;-0.002810820805;-0.002810820805,0;0.007880248596;-0.007880248596,True
0.2248416015511112,0.022000027663371162,4.833333333333334,0.6416666666666666,1.1916666666666664,5.168467225832884,0.028366227294672086,0.0003459093843997987,0.14626400670863907,0.0003459093843997987,True,-0.0027405874317755438,-5.162986051;-0.002740587432;-0.002740587432,0;0.007712788845;-0.007712788845,True
0.22518718486444453,0.021000027721244235,4.833333333333334,0.6416666666666666,1.1916666666666664,5.170344975724213,0.027648596129033365,0.0003305238649879063,0.14262225621658767,0.0003305238649879063,True,-0.0026703369025474133,-5.165004302;-0.002670336903;-0.002670336903,0;0.007540706293;-0.007540706293,True
0.22553276817777787,0.020000027779117312,4.833333333333334,0.6416666666666666,1.1916666666666664,5.172222725615541,0.026930217063549478,0.0003151061919304297,0.1389739745099196,0.0003151061919304297,True,-0.0026000692387412932,-5.167022587;-0.002600069239;-0.002600069239,0;0.00736367667;-0.00736367667,True
0.2258783514911112,0.01900002783699062,4.833333333333334,0.6416666666666666,1.1916666666666664,5.17410047550687,0.0262110900982222,0.00029965636522737344,0.1353191573755375,0.00029965636522737344,True,-0.00252978446140134,-5.169040907;-0.002529784461;-0.002529784461,0;0.00718133394;-0.00718133394,True
0.2262239348044445,0.018000027894863695,4.833333333333334,0.6416666666666666,1.1916666666666664,5.1759782253981985,0.02549121523305331,0.0002841743848787296,0.13165780060034407,0.0002841743848787296,True,-0.0024594825915376884,-5.17105926;-0.002459482592;-0.002459482592,0;0.006993262316;-0.006993262316,True
0.22656951811777784,0.017000027952736772,4.833333333333334,0.6416666666666666,1.1916666666666664,5.177855975289527,0.024770592468033925,0.00026866025088450213,0.12798989997118668,0.00026866025088450213,True,-0.002389163650127019,-5.173077648;-0.00238916365;-0.00238916365,0;0.006798986201;-0.006798986201,True
0.22691510143111118,0.016000028010610078,4.833333333333334,0.6416666666666666,1.1916666666666664,5.179733725180855,0.024049221803172927,0.00025311396324469393,0.12431545127500485,0.00025311396324469393,True,-0.002318827658112259,-5.17509607;-0.002318827658;-0.002318827658,0;0.006597957342;-0.006597957342,True
0.22726068474444452,0.015000028068483153,4.833333333333334,0.6416666666666666,1.1916666666666664,5.1816114750721844,0.023327103238470315,0.00023753552195929846,0.120634450298692,0.00023753552195929846,True,-0.002248474636402392,-5.177114526;-0.002248474636;-0.002248474636,0;0.006389538188;-0.006389538188,True
0.22760626805777787,0.014000028126356229,4.833333333333334,0.6416666666666666,1.1916666666666664,5.183489224963513,0.02260423677392609,0.00022192492702831896,0.11694689282914159,0.00022192492702831896,True,-0.002178104605873513,-5.179133016;-0.002178104606;-0.002178104606,0;0.006172980007;-0.006172980007,True
0.2279518513711112,0.013000028184229306,4.833333333333334,0.6416666666666666,1.1916666666666664,5.185366974854841,0.021880622409533146,0.00020628217845175575,0.11325277465321018,0.00020628217845175575,True,-0.0021077175873676886,-5.18115154;-0.002107717587;-0.002107717587,0;0.005947393555;-0.005947393555,True
0.22829743468444455,0.012000028242102612,4.833333333333334,0.6416666666666666,1.1916666666666664,5.18724472474617,0.02115626014530214,0.00019060727622961224,0.10955209155784656,0.00019060727622961224,True,-0.0020373136016938916,-5.183170098;-0.002037313602;-0.002037313602,0;0.00571170897;-0.00571170897,True
0.22864301799777784,0.01100002829997592,4.833333333333334,0.6416666666666666,1.1916666666666664,5.189122474637498,0.020431149981218866,0.0001749002203618846,0.10584483932987043,0.0001749002203618846,True,-0.0019668926696273185,-5.185188689;-0.00196689267;-0.00196689267,0;0.005464619586;-0.005464619586,True
0.22898860131111118,0.010000028357848995,4.833333333333334,0.6416666666666666,1.1916666666666664,5.191000224528828,0.019705291917299306,0.00015916101084856977,0.10213101375625824,0.00015916101084856977,True,-0.0018964548119105454,-5.187207315;-0.001896454812;-0.001896454812,0;0.005204501031;-0.005204501031,True
0.22933418462444452,0.009000028415722302,4.833333333333334,0.6416666666666666,1.1916666666666664,5.192877974420156,0.018978685953531027,0.0001433896476896743,0.0984106106238388,0.0001433896476896743,True,-0.0018260000492522428,-5.189225974;-0.001826000049;-0.001826000049,0;0.004929290818;-0.004929290818,True
0.22967976793777786,0.008000028473595377,4.833333333333334,0.6416666666666666,1.1916666666666664,5.194755724311484,0.018251332089915806,0.0001275861308851916,0.09468362571951483,0.0001275861308851916,True,-0.0017555284023285365,-5.191244668;-0.001755528402;-0.001755528402,0;0.004636301916;-0.004636301916,True
0.2300253512511112,0.007000028531468454,4.833333333333334,0.6416666666666666,1.1916666666666664,5.196633474202813,0.017523230326460748,0.00011175046043512487,0.09095005483021669,0.00011175046043512487,True,-0.0016850398917820926,-5.193263394;-0.001685039892;-0.001685039892,0;0.004321919801;-0.004321919801,True
0.23037093456444455,0.00600002858934176,4.833333333333334,0.6416666666666666,1.1916666666666664,5.198511224094141,0.0167943806631623,9.588263633947788e-05,0.08720989374281936,9.588263633947788e-05,True,-0.0016145345382228339,-5.195282155;-0.001614534538;-0.001614534538,0;0.003981079152;-0.003981079152,True
0.23071651787777783,0.0050000286472148365,4.833333333333334,0.6416666666666666,1.1916666666666664,5.200388973985471,0.016064783100020463,7.998265859824336e-05,0.08346313824421632,7.998265859824336e-05,True,-0.0015440123622272725,-5.197300949;-0.001544012362;-0.001544012362,0;0.00360628536;-0.00360628536,True
0.23106210119111117,0.004000028705087913,4.833333333333334,0.6416666666666666,1.1916666666666664,5.2022667238768,0.015334437637031684,6.405052721142512e-05,0.07970978412128249,6.405052721142512e-05,True,-0.0014734733843394905,-5.199319777;-0.001473473384;-0.001473473384,0;0.003185576359;-0.003185576359,True
0.23140768450444452,0.003000028762960988,4.833333333333334,0.6416666666666666,1.1916666666666664,5.204144473768128,0.014603344274203067,4.80862421790228e-05,0.0759498271609483,4.80862421790228e-05,True,-0.001402917625070673,-5.201338639;-0.001402917625;-0.001402917625,0;0.002697553793;-0.002697553793,True
0.23175326781777786,0.002000028820834295,4.833333333333334,0.6416666666666666,1.1916666666666664,5.206022223659457,0.013871503011527508,3.2089803501040385e-05,0.07218326315007026,3.2089803501040385e-05,True,-0.0013323451048988869,-5.203357533;-0.001332345105;-0.001332345105,0;0.002095707658;-0.002095707658,True
0.2320988511311112,0.0010000288787073708,4.833333333333334,0.6416666666666666,1.1916666666666664,5.207899973550786,0.01313891384900856,1.6061211177470324e-05,0.06841008787556026,1.6061211177470324e-05,True,-0.0012617558442701675,-5.205376462;-0.001261755844;-0.001261755844,0;0.001222078736;-0.001222078736,True
0.23244443444444454,2.893658044659612e-08,4.833333333333334,0.6416666666666666,1.1916666666666664,5.209777723442114,0.01240557678664267,4.6520831639495323e-10,0.06463029712429326,4.6520831639495323e-10,True,-3.750052503409225e-08,-5.207395424;-0.002382262227;-3.750052503e-08,0;0;0,True
